engagement_id,customer_id,campaign_type,sent_date,opened,clicked
d3ac7476,CUST-00001,welcome,2024-10-09,0,0
f1131ee2,CUST-00001,sample_followup,2024-10-15,0,1
8881f1ef,CUST-00001,post_purchase,2024-11-07,0,1
d8816ede,CUST-00002,welcome,2024-12-11,0,0
9dd45287,CUST-00003,welcome,2025-07-20,1,0
f86bb871,CUST-00003,sample_followup,2025-07-29,1,0
b10fd851,CUST-00003,project_nurture,2025-08-13,0,0
28344dda,CUST-00003,post_purchase,2025-08-11,1,0
ea2b0d8f,CUST-00004,welcome,2024-02-28,1,1
5c574e13,CUST-00004,sample_followup,2024-03-11,0,0
126f9ee6,CUST-00004,post_purchase,2024-04-05,1,0
1f5d6864,CUST-00005,welcome,2024-05-22,0,0
818ec700,CUST-00005,sample_followup,2024-05-31,0,0
61129281,CUST-00005,reactivation,2024-07-04,0,0
ce1fcfea,CUST-00006,welcome,2024-04-25,0,0
3a7f67e3,CUST-00006,sample_followup,2024-04-29,1,0
975c8782,CUST-00006,post_purchase,2024-06-25,0,0
f7d55356,CUST-00007,welcome,2024-11-11,0,0
104d1d71,CUST-00007,sample_followup,2024-12-04,0,0
70847f36,CUST-00007,trade_engagement,2025-02-28,0,0
fb55271d,CUST-00008,welcome,2025-01-18,1,1
779993b0,CUST-00008,sample_followup,2025-01-21,0,1
473d34b8,CUST-00008,post_purchase,2025-02-14,1,1
ae23e784,CUST-00009,welcome,2025-02-21,1,0
2348674e,CUST-00009,sample_followup,2025-03-15,1,0
5237b6a6,CUST-00009,reactivation,2025-04-26,1,0
72559e0b,CUST-00010,welcome,2025-04-19,0,0
61b303d6,CUST-00010,sample_followup,2025-04-23,1,0
21b4653c,CUST-00010,post_purchase,2025-05-02,0,0
91b8ffa0,CUST-00011,welcome,2025-05-14,1,0
2d148ff2,CUST-00011,sample_followup,2025-05-24,0,0
2ddf1a69,CUST-00011,reactivation,2025-06-24,0,0
8b737a88,CUST-00012,welcome,2025-08-07,1,0
7ced0c9b,CUST-00012,sample_followup,2025-08-17,0,0
1f27f4a4,CUST-00012,post_purchase,2025-09-24,1,0
5fadf56e,CUST-00013,welcome,2024-09-08,0,0
f44186d9,CUST-00013,post_purchase,2024-09-27,0,1
3a245e3e,CUST-00014,welcome,2024-09-15,1,1
3c9c94fb,CUST-00014,sample_followup,2024-10-01,0,0
747c3ac0,CUST-00014,trade_engagement,2024-11-06,0,0
385e7c2b,CUST-00015,welcome,2024-05-11,0,0
39d472e0,CUST-00015,sample_followup,2024-05-20,1,0
9adc7adc,CUST-00015,post_purchase,2024-07-07,0,0
cb4770e1,CUST-00016,welcome,2024-12-07,0,0
0cfe2616,CUST-00016,sample_followup,2024-12-10,1,0
66029a02,CUST-00016,post_purchase,2025-02-07,1,0
e6b593e1,CUST-00017,welcome,2025-06-06,0,0
b1dcf8d9,CUST-00017,sample_followup,2025-06-11,1,0
13d5c004,CUST-00017,trade_engagement,2025-08-01,0,0
cb615461,CUST-00018,welcome,2025-06-17,0,0
eb48aa1f,CUST-00019,welcome,2024-05-08,1,0
a4bdd232,CUST-00019,sample_followup,2024-05-31,0,0
68172bb9,CUST-00019,post_purchase,2024-07-14,1,0
76fa23d8,CUST-00020,welcome,2024-08-07,0,0
076bd225,CUST-00020,sample_followup,2024-08-15,0,0
6a0e4126,CUST-00020,post_purchase,2024-09-05,1,0
f0b515e3,CUST-00021,welcome,2025-01-29,0,0
4ee123ba,CUST-00021,sample_followup,2025-02-16,1,0
864e3964,CUST-00021,trade_engagement,2025-04-26,0,0
3ac68c44,CUST-00022,welcome,2025-03-30,1,0
4025578f,CUST-00022,sample_followup,2025-04-16,1,0
9aa20692,CUST-00022,reactivation,2025-06-15,0,0
a9b6c89b,CUST-00023,welcome,2024-08-29,1,0
d20c5333,CUST-00023,sample_followup,2024-09-06,1,0
dfde9154,CUST-00023,post_purchase,2024-11-07,0,1
a1e3a1ae,CUST-00024,welcome,2024-11-02,1,0
e3600652,CUST-00024,sample_followup,2024-11-11,1,0
e3588fe4,CUST-00024,post_purchase,2024-12-15,0,0
831e8653,CUST-00025,welcome,2024-03-27,1,0
f0491555,CUST-00025,sample_followup,2024-04-05,0,0
a948dcbf,CUST-00025,post_purchase,2024-05-18,1,1
77eb4c61,CUST-00026,welcome,2025-04-30,0,0
2b034a23,CUST-00026,sample_followup,2025-05-15,0,1
f1287932,CUST-00026,post_purchase,2025-06-17,1,0
8e2cae27,CUST-00027,welcome,2024-05-04,1,0
422151d5,CUST-00027,sample_followup,2024-05-12,0,0
0a355d57,CUST-00027,trade_engagement,2024-07-19,0,0
cce15666,CUST-00028,welcome,2025-03-23,0,1
66e69ed6,CUST-00028,sample_followup,2025-04-08,0,0
189b7ded,CUST-00028,post_purchase,2025-05-09,1,0
568980fc,CUST-00029,welcome,2024-09-05,0,0
4b623f8f,CUST-00029,post_purchase,2024-09-30,1,0
335bcfa9,CUST-00030,welcome,2024-12-05,1,1
5f56af60,CUST-00030,sample_followup,2024-12-20,1,0
6b71cbe6,CUST-00030,reactivation,2025-03-05,0,0
eb594e0f,CUST-00031,welcome,2024-08-21,0,0
08bae1cd,CUST-00031,sample_followup,2024-08-27,0,0
1baffc6a,CUST-00031,reactivation,2024-10-23,0,0
b0bf0f1d,CUST-00032,welcome,2025-05-05,0,1
490f4dd7,CUST-00033,welcome,2025-03-03,1,0
37a6eb56,CUST-00033,sample_followup,2025-03-24,0,0
e3a9951b,CUST-00033,project_nurture,2025-04-10,0,0
44038886,CUST-00033,post_purchase,2025-04-06,1,0
f1b2ed08,CUST-00034,welcome,2024-09-28,1,0
55874aca,CUST-00035,welcome,2024-11-11,1,1
05bf3edd,CUST-00036,welcome,2024-03-24,1,0
d9c5303f,CUST-00036,sample_followup,2024-03-27,0,0
07a3fff8,CUST-00036,post_purchase,2024-05-08,1,0
ec6dad47,CUST-00037,welcome,2024-12-08,1,0
4c3b995d,CUST-00037,sample_followup,2024-12-12,1,0
45839754,CUST-00037,reactivation,2025-03-01,0,0
7da5f658,CUST-00038,welcome,2024-07-12,0,0
036b4993,CUST-00038,reactivation,2024-10-01,0,1
cc44cc4c,CUST-00039,welcome,2024-06-12,1,0
600e40ca,CUST-00039,sample_followup,2024-06-17,0,0
61592788,CUST-00039,post_purchase,2024-07-13,0,0
aa263f62,CUST-00040,welcome,2024-05-20,1,0
91b0a454,CUST-00040,sample_followup,2024-06-09,0,0
8c51cbd9,CUST-00040,trade_engagement,2024-08-10,0,0
79df1bc5,CUST-00041,welcome,2024-09-02,1,0
b127044f,CUST-00042,welcome,2024-02-08,0,0
2fd73e1f,CUST-00042,sample_followup,2024-02-24,0,0
39e0859e,CUST-00042,post_purchase,2024-04-03,1,0
de2d1468,CUST-00043,welcome,2025-01-25,1,0
a4e267a5,CUST-00043,sample_followup,2025-01-29,0,0
863c7092,CUST-00043,project_nurture,2025-03-01,1,1
4f648607,CUST-00043,post_purchase,2025-02-10,1,0
0cbb49e6,CUST-00044,welcome,2025-01-27,0,0
6d3034e4,CUST-00044,sample_followup,2025-02-19,0,0
0b93617c,CUST-00044,post_purchase,2025-03-22,0,0
b9286c2e,CUST-00045,welcome,2025-05-10,0,0
274eb4f1,CUST-00045,sample_followup,2025-05-22,0,0
e9634110,CUST-00045,reactivation,2025-08-10,0,0
d4f747c2,CUST-00046,welcome,2024-12-27,0,0
1c69cf5c,CUST-00046,sample_followup,2025-01-16,0,1
fe5eeb02,CUST-00046,trade_engagement,2025-02-20,0,0
3b8efd86,CUST-00047,welcome,2024-10-07,1,0
9ce73a8e,CUST-00047,sample_followup,2024-10-12,0,0
e544520a,CUST-00047,reactivation,2024-12-24,0,0
c933c0e6,CUST-00048,welcome,2024-04-03,0,0
018a4b4f,CUST-00049,welcome,2025-07-29,1,0
2a34dbef,CUST-00049,sample_followup,2025-08-13,1,0
c3a92f5d,CUST-00049,post_purchase,2025-09-25,1,0
84dce545,CUST-00050,welcome,2025-03-01,0,0
d3918e65,CUST-00050,sample_followup,2025-03-17,0,1
5df181f3,CUST-00050,post_purchase,2025-05-06,1,0
16ad08eb,CUST-00051,welcome,2024-01-23,1,0
7f34ace0,CUST-00051,sample_followup,2024-02-08,1,0
e6893185,CUST-00051,post_purchase,2024-02-26,1,0
72ccfd0e,CUST-00052,welcome,2024-09-29,1,1
834f2276,CUST-00052,sample_followup,2024-10-19,0,0
9d46d6dc,CUST-00052,reactivation,2025-01-12,0,0
aec6112d,CUST-00053,welcome,2024-03-04,1,0
2e3a5b34,CUST-00054,welcome,2025-08-23,0,0
e11c4da0,CUST-00054,sample_followup,2025-08-28,0,0
ed3ca67d,CUST-00054,post_purchase,2025-10-04,1,0
d1f6baa1,CUST-00055,welcome,2024-06-06,1,1
1dd88aa3,CUST-00056,welcome,2024-12-04,0,0
50c2d0fd,CUST-00056,sample_followup,2024-12-15,1,1
cbc9e7c5,CUST-00056,post_purchase,2025-01-23,1,0
c671e963,CUST-00057,welcome,2025-07-25,0,0
a14dd4a0,CUST-00057,sample_followup,2025-07-31,0,1
26c042c0,CUST-00057,post_purchase,2025-09-11,1,1
cf65df15,CUST-00058,welcome,2024-02-24,0,0
eda2ed57,CUST-00058,sample_followup,2024-03-11,1,0
66a2b94d,CUST-00058,post_purchase,2024-05-02,0,1
0ed35860,CUST-00059,welcome,2024-08-05,1,0
4b1eeacf,CUST-00059,sample_followup,2024-08-24,1,0
cee4f20e,CUST-00059,post_purchase,2024-09-27,1,0
0333dc3d,CUST-00060,welcome,2025-02-19,0,0
c6e2070b,CUST-00060,sample_followup,2025-03-06,1,0
eb73be3e,CUST-00060,post_purchase,2025-04-03,1,0
fd9ce55a,CUST-00061,welcome,2024-06-01,1,0
f1766021,CUST-00061,sample_followup,2024-06-23,0,0
17265346,CUST-00061,reactivation,2024-09-14,0,0
5562ea35,CUST-00062,welcome,2024-11-20,0,0
c95b0f5e,CUST-00062,sample_followup,2024-11-24,0,1
dd6c8fca,CUST-00062,post_purchase,2024-12-08,1,0
f4c18b3b,CUST-00063,welcome,2025-08-09,1,1
507d1ab6,CUST-00063,sample_followup,2025-08-22,1,0
ce9cbd59,CUST-00064,welcome,2024-10-17,0,0
159a4cd9,CUST-00064,sample_followup,2024-10-22,0,0
91075100,CUST-00064,reactivation,2025-01-15,0,0
833e08d9,CUST-00065,welcome,2024-12-25,1,0
fdb45e92,CUST-00065,sample_followup,2025-01-08,0,0
52b1f14c,CUST-00065,reactivation,2025-03-23,0,0
66fdf63a,CUST-00066,welcome,2025-06-05,0,0
50ab0073,CUST-00066,sample_followup,2025-06-11,1,0
24904eb5,CUST-00067,welcome,2024-05-15,0,0
58ab6a94,CUST-00067,sample_followup,2024-05-31,1,0
b4209141,CUST-00067,post_purchase,2024-07-26,1,0
904d55c2,CUST-00068,welcome,2025-08-08,1,0
307a3100,CUST-00068,post_purchase,2025-09-18,0,0
7fc6d12b,CUST-00069,welcome,2025-06-10,0,0
b0492f03,CUST-00069,sample_followup,2025-06-23,1,1
5996f532,CUST-00069,project_nurture,2025-07-28,0,0
c5dc124f,CUST-00069,post_purchase,2025-07-04,0,1
503bfc8e,CUST-00070,welcome,2024-09-20,0,0
5cf9fa75,CUST-00070,sample_followup,2024-09-23,1,0
b5c433f2,CUST-00070,post_purchase,2024-11-02,0,0
c49b1c8e,CUST-00071,welcome,2025-06-21,1,0
bd823d7a,CUST-00071,sample_followup,2025-07-08,0,0
03491ce1,CUST-00071,reactivation,2025-08-26,0,0
cac673e8,CUST-00072,welcome,2024-12-07,0,0
8674741d,CUST-00072,sample_followup,2024-12-24,1,0
019d4a7b,CUST-00072,reactivation,2025-01-22,0,1
b19f65cc,CUST-00073,welcome,2024-11-14,1,1
f06b26f3,CUST-00073,sample_followup,2024-11-17,1,0
5caf0b65,CUST-00073,reactivation,2025-01-30,0,0
ec94d9e7,CUST-00074,welcome,2025-05-25,0,0
dac12358,CUST-00074,sample_followup,2025-06-02,1,0
95bb496b,CUST-00074,reactivation,2025-07-26,1,0
78e854c0,CUST-00075,welcome,2024-12-28,0,0
9b3bfda3,CUST-00075,sample_followup,2025-01-12,0,0
6c127698,CUST-00075,reactivation,2025-02-10,1,0
7bb0c4f8,CUST-00076,welcome,2025-08-04,0,0
9fe3e227,CUST-00076,sample_followup,2025-08-22,1,0
3730227d,CUST-00076,post_purchase,2025-10-01,1,0
1dc6a2ef,CUST-00077,welcome,2024-07-24,1,0
83362232,CUST-00078,welcome,2024-03-08,0,0
11749acc,CUST-00078,post_purchase,2024-03-31,0,1
704ce308,CUST-00079,welcome,2024-03-30,0,1
15b8520e,CUST-00080,welcome,2025-07-19,1,0
a7a2e297,CUST-00080,sample_followup,2025-07-24,1,0
1149a881,CUST-00081,welcome,2024-10-09,1,0
05ec10aa,CUST-00081,sample_followup,2024-10-16,0,0
45857f70,CUST-00081,reactivation,2024-11-14,0,1
5eddfb1f,CUST-00082,welcome,2025-08-14,1,0
9a79a822,CUST-00083,welcome,2025-02-20,1,0
c0d8833e,CUST-00083,sample_followup,2025-03-04,0,0
47c13af1,CUST-00083,trade_engagement,2025-04-06,0,0
fd6fe6b6,CUST-00084,welcome,2024-04-10,0,0
6a25af12,CUST-00084,sample_followup,2024-04-22,0,0
19d4087c,CUST-00084,post_purchase,2024-05-20,0,0
febec522,CUST-00085,welcome,2025-04-27,1,0
84460f99,CUST-00086,welcome,2024-07-19,1,0
7e96a10d,CUST-00086,sample_followup,2024-07-24,1,0
3f9b69d6,CUST-00086,reactivation,2024-10-07,1,0
b8c310f3,CUST-00087,welcome,2024-02-10,1,0
6e473e31,CUST-00087,sample_followup,2024-03-02,1,0
dce1e82c,CUST-00087,post_purchase,2024-04-01,1,0
28fcaaff,CUST-00088,welcome,2025-03-03,0,0
4e67340e,CUST-00088,sample_followup,2025-03-25,0,0
064c6943,CUST-00088,post_purchase,2025-05-13,1,0
2269db54,CUST-00089,welcome,2025-02-27,0,0
4f09a53c,CUST-00089,sample_followup,2025-03-05,1,0
567f7047,CUST-00089,reactivation,2025-04-21,0,0
0cb483c8,CUST-00090,welcome,2024-09-28,1,0
fb0f6f1c,CUST-00091,welcome,2025-05-16,0,0
50061c5c,CUST-00091,sample_followup,2025-05-25,0,0
6ac1f194,CUST-00091,post_purchase,2025-07-01,1,0
7dec48a7,CUST-00092,welcome,2025-08-24,0,0
a66a7edf,CUST-00092,sample_followup,2025-08-28,0,1
8010662f,CUST-00093,welcome,2025-05-03,1,0
06b1fcde,CUST-00093,sample_followup,2025-05-14,0,0
f0aabdad,CUST-00093,post_purchase,2025-07-15,0,0
6f5ea433,CUST-00094,welcome,2024-02-09,0,0
67ce5ea7,CUST-00095,welcome,2024-04-26,1,0
25d52df3,CUST-00096,welcome,2025-02-20,1,0
04ab1ec8,CUST-00096,sample_followup,2025-03-02,1,0
65163870,CUST-00096,project_nurture,2025-03-29,1,0
43a408c1,CUST-00096,post_purchase,2025-03-14,1,0
6aa3d1af,CUST-00097,welcome,2024-05-01,0,0
8ad9d1b7,CUST-00098,welcome,2025-07-05,0,0
802891a8,CUST-00098,sample_followup,2025-07-18,0,0
5d0b33ad,CUST-00098,reactivation,2025-08-26,0,0
9435d1f5,CUST-00099,welcome,2024-04-30,0,0
627ad423,CUST-00099,sample_followup,2024-05-12,0,0
f3a286e7,CUST-00099,post_purchase,2024-06-06,1,1
4c617e0f,CUST-00100,welcome,2024-03-12,0,0
989f9872,CUST-00101,welcome,2025-01-22,0,0
d1d8966f,CUST-00101,trade_engagement,2025-03-24,0,0
7d9b81b2,CUST-00102,welcome,2024-09-11,0,0
8503faad,CUST-00102,sample_followup,2024-09-14,1,1
3df95d4e,CUST-00102,reactivation,2024-10-14,0,1
062b997e,CUST-00103,welcome,2024-02-28,0,0
f1b710d0,CUST-00103,sample_followup,2024-03-05,0,0
d1510b69,CUST-00103,post_purchase,2024-03-31,0,0
9a5fd7b8,CUST-00104,welcome,2025-01-26,1,0
8e0f3417,CUST-00104,sample_followup,2025-02-04,0,0
310b9988,CUST-00104,post_purchase,2025-03-11,1,0
d8196b86,CUST-00105,welcome,2024-07-15,0,0
c7c63752,CUST-00105,sample_followup,2024-07-21,1,0
2f7cd7e0,CUST-00105,reactivation,2024-08-30,0,0
a5880370,CUST-00106,welcome,2025-05-06,1,0
92a28543,CUST-00106,sample_followup,2025-05-19,1,0
e459a65c,CUST-00106,post_purchase,2025-07-18,0,0
bfc4c6b8,CUST-00107,welcome,2024-05-30,0,0
6ae2d160,CUST-00107,sample_followup,2024-06-15,0,0
f14f2eb1,CUST-00107,post_purchase,2024-08-15,0,0
88ef9d2a,CUST-00108,welcome,2025-07-10,1,0
2539002f,CUST-00108,sample_followup,2025-07-23,1,0
07d9f658,CUST-00108,post_purchase,2025-09-10,0,0
eb454f90,CUST-00109,welcome,2024-10-09,0,0
c4c8c18b,CUST-00109,post_purchase,2024-10-26,1,0
5f8b9e41,CUST-00110,welcome,2024-08-20,0,0
1d282055,CUST-00110,sample_followup,2024-09-03,0,1
57505bd2,CUST-00110,post_purchase,2024-10-09,1,0
b778abcc,CUST-00111,welcome,2024-10-15,0,0
1e178bb6,CUST-00111,sample_followup,2024-10-29,1,0
748a5359,CUST-00111,reactivation,2025-01-07,0,0
14e0fc58,CUST-00112,welcome,2024-03-22,1,1
badbfde9,CUST-00113,welcome,2024-10-07,0,0
65b4ae4b,CUST-00113,trade_engagement,2024-11-19,0,0
9cd79ac0,CUST-00114,welcome,2025-02-03,1,0
f6e4a2bc,CUST-00114,sample_followup,2025-02-14,0,1
cad93965,CUST-00114,project_nurture,2025-03-05,0,1
4ed714e7,CUST-00114,post_purchase,2025-04-13,0,0
6ea51c8d,CUST-00115,welcome,2024-06-21,0,0
334b9313,CUST-00116,welcome,2024-05-19,0,0
744fb994,CUST-00116,sample_followup,2024-06-03,0,0
b4f4410a,CUST-00116,post_purchase,2024-06-23,1,0
aaee3ba5,CUST-00117,welcome,2025-02-07,0,0
0601ba22,CUST-00117,sample_followup,2025-02-23,1,0
fd71a51d,CUST-00117,post_purchase,2025-04-23,1,0
2c3fc8ab,CUST-00118,welcome,2024-03-17,1,0
9cbab236,CUST-00118,sample_followup,2024-04-05,0,0
c92130d8,CUST-00118,post_purchase,2024-05-24,0,0
f80d1512,CUST-00119,welcome,2025-02-14,1,0
cb0f0fb6,CUST-00119,sample_followup,2025-03-06,0,0
37c65403,CUST-00119,reactivation,2025-05-09,0,0
a3fae731,CUST-00120,welcome,2024-10-30,0,0
9c013fd6,CUST-00121,welcome,2025-04-09,0,1
e31f0fbb,CUST-00121,sample_followup,2025-04-16,1,0
e436629a,CUST-00121,reactivation,2025-05-27,0,0
7e8d3568,CUST-00122,welcome,2025-02-10,1,0
8277d2d6,CUST-00122,sample_followup,2025-02-24,0,0
c7071ab7,CUST-00122,post_purchase,2025-03-17,0,0
326759dd,CUST-00123,welcome,2024-12-23,0,0
5d6dca55,CUST-00123,sample_followup,2024-12-28,1,0
447bdd05,CUST-00123,post_purchase,2025-02-01,1,0
b1ee1a30,CUST-00124,welcome,2025-07-23,1,0
bc712f65,CUST-00124,sample_followup,2025-07-29,0,0
b30ae3a3,CUST-00125,welcome,2024-06-21,1,1
4eb026cd,CUST-00125,sample_followup,2024-07-03,0,0
d2f92227,CUST-00125,post_purchase,2024-07-29,1,0
5f55aa94,CUST-00126,welcome,2024-09-11,1,0
bacf8e56,CUST-00126,sample_followup,2024-09-25,0,0
ce591abd,CUST-00126,post_purchase,2024-11-12,0,0
30a2b68c,CUST-00127,welcome,2024-10-27,1,0
466cfb0f,CUST-00127,sample_followup,2024-11-11,0,0
12e16106,CUST-00127,post_purchase,2024-12-10,1,1
29bfb8ec,CUST-00128,welcome,2024-04-06,0,0
a4f50471,CUST-00128,sample_followup,2024-04-08,1,0
d29519b7,CUST-00128,reactivation,2024-06-28,1,0
7c4aec03,CUST-00129,welcome,2024-08-05,1,0
4ad30eb8,CUST-00129,sample_followup,2024-08-17,0,1
58d5a220,CUST-00129,reactivation,2024-09-14,1,0
6351800b,CUST-00130,welcome,2025-03-15,0,0
fc88a6f5,CUST-00130,post_purchase,2025-04-18,0,0
11ed4125,CUST-00131,welcome,2025-05-04,0,1
b7d2ffef,CUST-00132,welcome,2024-03-14,1,0
fb10c567,CUST-00132,sample_followup,2024-03-20,0,0
aa134074,CUST-00132,post_purchase,2024-05-09,0,0
301112e3,CUST-00133,welcome,2024-05-07,1,0
14bb8d90,CUST-00133,sample_followup,2024-05-19,0,0
7f4ce017,CUST-00133,post_purchase,2024-07-09,1,0
6267c24b,CUST-00134,welcome,2024-09-03,1,0
c3e23010,CUST-00134,sample_followup,2024-09-19,1,0
56acdfff,CUST-00134,project_nurture,2024-09-28,1,1
d2bcfe30,CUST-00134,post_purchase,2024-11-17,0,0
0b51f77b,CUST-00135,welcome,2024-06-06,0,0
a4265199,CUST-00135,sample_followup,2024-06-21,0,1
1b4f1458,CUST-00135,reactivation,2024-09-10,1,0
fafedf90,CUST-00136,welcome,2024-02-27,1,1
4b028ad7,CUST-00136,sample_followup,2024-03-16,1,0
117ab3c3,CUST-00136,trade_engagement,2024-04-19,0,1
83f2e429,CUST-00137,welcome,2024-03-07,1,0
408dd2c3,CUST-00137,sample_followup,2024-03-17,0,0
910029dd,CUST-00137,project_nurture,2024-04-22,1,1
5e78f5c4,CUST-00137,post_purchase,2024-04-04,1,0
ac5f8c5d,CUST-00138,welcome,2024-11-24,1,0
a43b6c5f,CUST-00138,reactivation,2024-12-30,0,0
e945d80c,CUST-00139,welcome,2024-03-30,0,0
569defc6,CUST-00139,trade_engagement,2024-06-21,1,0
68f9938f,CUST-00140,welcome,2024-01-08,1,0
ffcdb5fe,CUST-00140,post_purchase,2024-02-21,1,1
c7d6ab19,CUST-00141,welcome,2025-06-17,0,1
a9672af3,CUST-00141,sample_followup,2025-06-21,0,0
9cdb41eb,CUST-00141,post_purchase,2025-07-16,0,0
c3452b3c,CUST-00142,welcome,2025-04-23,0,0
3ba9df2b,CUST-00142,sample_followup,2025-05-08,1,0
1f1e59b1,CUST-00142,post_purchase,2025-06-06,1,0
6e0f2131,CUST-00143,welcome,2024-02-02,0,1
7af8ba42,CUST-00143,sample_followup,2024-02-18,1,0
d500521f,CUST-00143,reactivation,2024-04-26,1,0
39bcd727,CUST-00144,welcome,2024-03-08,0,0
433460bb,CUST-00144,sample_followup,2024-03-20,0,0
cea01a29,CUST-00144,project_nurture,2024-04-27,1,0
8dc9e579,CUST-00144,post_purchase,2024-03-31,1,0
d65e5ed9,CUST-00145,welcome,2024-05-21,0,0
d67ce946,CUST-00146,welcome,2025-07-12,1,0
43d09e81,CUST-00147,welcome,2024-06-13,0,0
c212ea36,CUST-00148,welcome,2024-06-27,1,0
61c07e66,CUST-00149,welcome,2025-05-20,1,0
f62faefb,CUST-00149,sample_followup,2025-06-01,0,0
30760bb7,CUST-00149,post_purchase,2025-06-19,0,0
991498f5,CUST-00150,welcome,2025-02-10,1,0
cb5e9aeb,CUST-00151,welcome,2025-07-30,0,0
f4c7a1ce,CUST-00151,sample_followup,2025-08-02,0,0
de1edbcb,CUST-00151,reactivation,2025-08-31,1,0
6f9d5323,CUST-00152,welcome,2025-08-03,1,0
fd42cd61,CUST-00152,sample_followup,2025-08-17,0,0
668fdec6,CUST-00152,project_nurture,2025-09-20,1,1
d7202c8f,CUST-00152,post_purchase,2025-10-11,0,0
7571146b,CUST-00153,welcome,2025-08-15,1,0
de480d45,CUST-00153,sample_followup,2025-08-19,0,0
195ceba7,CUST-00154,welcome,2024-06-18,1,0
febe9e6c,CUST-00154,reactivation,2024-09-05,0,0
1f3ea722,CUST-00155,welcome,2025-05-18,1,0
974ac526,CUST-00155,sample_followup,2025-05-23,1,0
e7cf186a,CUST-00155,post_purchase,2025-06-08,1,0
69f0b3e7,CUST-00156,welcome,2025-01-26,1,0
2b0b5c84,CUST-00156,sample_followup,2025-02-01,0,1
f4c6589c,CUST-00156,reactivation,2025-04-17,0,0
28a81fda,CUST-00157,welcome,2025-03-05,1,0
4471dfb5,CUST-00157,sample_followup,2025-03-23,0,0
05066a06,CUST-00157,project_nurture,2025-04-07,0,0
51a901c3,CUST-00157,post_purchase,2025-05-14,1,0
1c69f0a1,CUST-00158,welcome,2025-02-11,1,0
9532c6c3,CUST-00159,welcome,2024-06-01,0,0
4c54d10e,CUST-00159,sample_followup,2024-06-12,0,0
051c26d0,CUST-00159,post_purchase,2024-07-21,1,0
9ae8849b,CUST-00160,welcome,2024-09-01,0,1
030625a5,CUST-00160,sample_followup,2024-09-11,0,0
34329298,CUST-00160,post_purchase,2024-10-09,0,0
d11ee58d,CUST-00161,welcome,2025-02-21,0,0
7567b0bc,CUST-00161,sample_followup,2025-02-26,0,1
c6096d61,CUST-00161,post_purchase,2025-04-05,0,0
b0252553,CUST-00162,welcome,2024-02-02,1,0
0beea705,CUST-00162,sample_followup,2024-02-09,0,0
20510d8a,CUST-00162,post_purchase,2024-03-25,0,0
c6379d45,CUST-00163,welcome,2024-01-11,0,1
54991f22,CUST-00163,reactivation,2024-03-11,0,0
54f3d125,CUST-00164,welcome,2024-11-06,1,0
05367426,CUST-00165,welcome,2024-11-02,1,0
e250ddbc,CUST-00165,reactivation,2024-12-23,1,0
1176e722,CUST-00166,welcome,2025-02-18,1,0
89f63022,CUST-00166,sample_followup,2025-03-10,1,0
9762ad81,CUST-00166,trade_engagement,2025-06-05,0,0
a8fc39ee,CUST-00167,welcome,2025-07-26,0,0
e6a6816d,CUST-00168,welcome,2024-08-17,1,0
75d94e52,CUST-00168,sample_followup,2024-08-20,0,0
23e55635,CUST-00168,post_purchase,2024-10-11,1,0
9a93e7ac,CUST-00169,welcome,2024-07-04,1,0
7b1b6da5,CUST-00169,sample_followup,2024-07-11,0,0
a6a2dc1f,CUST-00169,project_nurture,2024-08-19,0,1
65e7894b,CUST-00169,post_purchase,2024-09-04,0,0
6709769a,CUST-00170,welcome,2024-05-13,1,0
924a46ff,CUST-00170,sample_followup,2024-05-25,1,0
b44a8e63,CUST-00170,post_purchase,2024-07-04,1,0
976ac6ba,CUST-00171,welcome,2024-01-24,0,0
d91a4cf5,CUST-00171,sample_followup,2024-02-05,0,1
9266f9ad,CUST-00171,post_purchase,2024-03-11,1,0
60157eba,CUST-00172,welcome,2025-03-05,1,0
52cac78a,CUST-00172,sample_followup,2025-03-15,0,0
359d344f,CUST-00172,post_purchase,2025-04-06,1,1
486d7209,CUST-00173,welcome,2024-06-02,0,0
f312f8c0,CUST-00173,sample_followup,2024-06-05,0,0
2efec1cf,CUST-00173,trade_engagement,2024-07-29,0,0
9de4a57b,CUST-00174,welcome,2024-05-22,1,0
c2f34dde,CUST-00174,trade_engagement,2024-07-20,0,0
8520d6ca,CUST-00175,welcome,2024-06-20,0,0
a0283a80,CUST-00175,sample_followup,2024-07-03,1,0
5ebdf966,CUST-00175,post_purchase,2024-08-24,0,1
5e3b38da,CUST-00176,welcome,2024-11-18,0,0
8409719e,CUST-00177,welcome,2024-04-08,1,0
f575de60,CUST-00178,welcome,2024-06-10,1,0
3b27472a,CUST-00178,sample_followup,2024-06-19,0,0
8bd74692,CUST-00178,trade_engagement,2024-08-13,1,0
365d9d3d,CUST-00179,welcome,2024-01-20,0,0
36013d9c,CUST-00180,welcome,2025-04-13,1,0
7862fd82,CUST-00181,welcome,2024-08-16,0,0
dbf56e8d,CUST-00181,post_purchase,2024-09-06,0,0
54a3383e,CUST-00182,welcome,2024-12-13,0,0
38c9c649,CUST-00182,sample_followup,2024-12-24,0,1
e3cf399b,CUST-00182,reactivation,2025-02-16,0,0
6e8cc99d,CUST-00183,welcome,2024-07-01,1,0
fe68a029,CUST-00183,sample_followup,2024-07-15,0,0
fcf3d9b6,CUST-00183,post_purchase,2024-08-14,0,1
c8052588,CUST-00184,welcome,2025-07-15,0,0
a99abf21,CUST-00184,sample_followup,2025-07-28,1,0
26526777,CUST-00184,post_purchase,2025-09-09,0,0
a1a37f91,CUST-00185,welcome,2025-07-01,1,0
b60a10bd,CUST-00185,sample_followup,2025-07-08,0,0
d494ddb4,CUST-00185,project_nurture,2025-07-18,1,0
1a7912d5,CUST-00185,post_purchase,2025-08-29,0,0
e912f389,CUST-00186,welcome,2024-02-19,0,0
f5d88764,CUST-00186,sample_followup,2024-02-29,0,0
f73ebcb7,CUST-00186,reactivation,2024-05-24,0,0
d3ffe9b2,CUST-00187,welcome,2024-07-21,0,0
64bc1d0f,CUST-00187,sample_followup,2024-07-30,0,0
d1bec1b9,CUST-00187,post_purchase,2024-08-29,1,0
e36b9d5f,CUST-00188,welcome,2024-11-05,1,0
384c1ed4,CUST-00189,welcome,2025-07-11,0,0
d0d058a2,CUST-00190,welcome,2024-01-11,0,0
eba7b1ac,CUST-00191,welcome,2024-04-27,1,0
b332b6a2,CUST-00191,sample_followup,2024-05-15,0,0
e5c01837,CUST-00191,post_purchase,2024-05-29,0,0
47feec45,CUST-00192,welcome,2024-08-07,0,0
00d8969a,CUST-00192,sample_followup,2024-08-11,0,1
e08cc4e7,CUST-00192,post_purchase,2024-08-24,1,0
ae122407,CUST-00193,welcome,2024-11-20,1,0
89b10c1d,CUST-00193,sample_followup,2024-11-24,0,1
199b8330,CUST-00193,post_purchase,2024-12-08,1,0
638dd5a5,CUST-00194,welcome,2024-10-30,0,1
ac84aa76,CUST-00194,sample_followup,2024-11-03,1,0
233bd6f9,CUST-00194,project_nurture,2024-12-02,0,0
bb152c15,CUST-00194,post_purchase,2024-12-21,1,0
bacf0f81,CUST-00195,welcome,2024-10-25,0,0
0d50d002,CUST-00196,welcome,2024-07-18,0,0
5191ad21,CUST-00196,sample_followup,2024-07-27,1,0
634e5706,CUST-00196,post_purchase,2024-09-27,0,0
d391d8eb,CUST-00197,welcome,2024-06-29,0,0
0975cd3f,CUST-00197,sample_followup,2024-07-02,0,0
a6e4eda6,CUST-00197,reactivation,2024-08-11,0,0
df24e1a5,CUST-00198,welcome,2025-04-29,0,0
ddd32b03,CUST-00198,sample_followup,2025-05-08,0,0
89790416,CUST-00198,reactivation,2025-07-13,0,0
f6d8e3d0,CUST-00199,welcome,2025-08-03,0,0
c144a89c,CUST-00199,sample_followup,2025-08-20,1,0
2fe8de13,CUST-00200,welcome,2024-02-18,0,0
f2ff318d,CUST-00201,welcome,2025-01-23,1,0
b61b3b8a,CUST-00201,sample_followup,2025-02-06,0,0
c29dc82e,CUST-00201,reactivation,2025-03-05,0,0
f9d96bcf,CUST-00202,welcome,2024-10-15,0,0
0bcb4820,CUST-00202,sample_followup,2024-10-27,1,0
9047b91c,CUST-00202,reactivation,2025-01-03,0,1
0d48fe6e,CUST-00203,welcome,2024-06-14,0,1
a77cd01f,CUST-00203,reactivation,2024-08-20,0,0
73d25951,CUST-00204,welcome,2024-03-29,0,0
f42097db,CUST-00204,sample_followup,2024-04-18,0,0
69e51450,CUST-00204,reactivation,2024-06-22,0,0
4d5f296f,CUST-00205,welcome,2024-07-27,1,0
b6956be1,CUST-00205,sample_followup,2024-08-11,0,0
1ad55f27,CUST-00205,post_purchase,2024-09-27,0,0
40178e27,CUST-00206,welcome,2025-06-27,0,0
059cdf1f,CUST-00207,welcome,2024-05-18,0,0
b3fecd9d,CUST-00207,sample_followup,2024-05-26,0,0
8e5bb123,CUST-00207,post_purchase,2024-06-04,0,0
abe8d8de,CUST-00208,welcome,2025-08-02,1,0
ab969e04,CUST-00208,sample_followup,2025-08-09,0,0
91d2a92c,CUST-00209,welcome,2024-05-02,1,0
aeae52b9,CUST-00209,sample_followup,2024-05-21,0,0
8f5ed354,CUST-00209,reactivation,2024-08-08,1,0
a016f4b9,CUST-00210,welcome,2024-08-16,1,0
35c9543b,CUST-00210,sample_followup,2024-09-06,0,0
e6cace3f,CUST-00210,post_purchase,2024-09-27,1,1
97b6c5bc,CUST-00211,welcome,2024-02-07,1,0
441dad7f,CUST-00211,sample_followup,2024-02-21,0,0
9576dadf,CUST-00211,post_purchase,2024-03-06,0,0
8820d663,CUST-00212,welcome,2024-07-19,1,0
805c9165,CUST-00212,sample_followup,2024-07-23,0,0
cce4700a,CUST-00212,reactivation,2024-10-02,0,0
3b63fd78,CUST-00213,welcome,2024-12-14,0,0
fc2bfbb1,CUST-00213,sample_followup,2024-12-20,0,0
62a9aab3,CUST-00213,post_purchase,2025-02-01,1,1
628ab99f,CUST-00214,welcome,2025-05-03,1,0
746e5107,CUST-00215,welcome,2024-09-29,0,0
4cd7123f,CUST-00215,sample_followup,2024-10-03,0,0
25c36ed0,CUST-00215,reactivation,2024-11-22,0,0
421a9ccf,CUST-00216,welcome,2024-10-09,0,1
eb079293,CUST-00217,welcome,2024-06-28,1,0
f60d778d,CUST-00217,sample_followup,2024-07-06,0,0
51cb76c7,CUST-00217,post_purchase,2024-08-14,1,0
12775ea0,CUST-00218,welcome,2024-10-14,0,0
dafab778,CUST-00218,sample_followup,2024-10-30,1,0
50cbaac6,CUST-00218,post_purchase,2024-11-08,1,0
f1c9227c,CUST-00219,welcome,2024-09-14,1,0
e29852b2,CUST-00219,sample_followup,2024-09-18,0,0
1ac22fb5,CUST-00219,reactivation,2024-12-05,0,1
f3db0b03,CUST-00220,welcome,2024-07-23,1,0
9bede77c,CUST-00221,welcome,2025-01-26,1,0
4b64508d,CUST-00221,sample_followup,2025-02-17,0,0
abe4ec0f,CUST-00221,post_purchase,2025-03-18,1,0
2463ae77,CUST-00222,welcome,2025-06-18,1,0
0b618c3f,CUST-00223,welcome,2025-04-30,0,0
37c27e40,CUST-00223,sample_followup,2025-05-09,1,0
f1dad778,CUST-00223,post_purchase,2025-06-20,1,0
775a7277,CUST-00224,welcome,2024-10-06,0,0
42645249,CUST-00225,welcome,2025-07-01,1,1
e34c6f16,CUST-00225,sample_followup,2025-07-04,0,0
bbbdb245,CUST-00225,post_purchase,2025-08-26,1,0
e14f4bf1,CUST-00226,welcome,2024-07-13,0,0
aa0d809a,CUST-00226,sample_followup,2024-07-17,0,0
341e378e,CUST-00226,trade_engagement,2024-08-30,0,0
5cab1051,CUST-00227,welcome,2024-03-12,1,0
d2ca5251,CUST-00227,sample_followup,2024-03-23,1,1
7d030cf8,CUST-00227,trade_engagement,2024-05-03,1,1
81d92e98,CUST-00228,welcome,2025-05-26,1,0
83332bfd,CUST-00228,sample_followup,2025-06-09,0,0
36dfaf5f,CUST-00228,post_purchase,2025-07-12,0,0
e4ba6ecf,CUST-00229,welcome,2024-07-23,0,0
46b13ef9,CUST-00230,welcome,2025-07-17,1,0
e5ff0ef5,CUST-00231,welcome,2024-10-10,1,1
6c964ea0,CUST-00231,sample_followup,2024-10-31,1,1
f5389f24,CUST-00231,post_purchase,2024-12-27,1,1
408b839c,CUST-00232,welcome,2025-03-26,1,1
74272850,CUST-00232,sample_followup,2025-04-14,0,0
697711c6,CUST-00232,project_nurture,2025-05-01,0,0
35e8ecf3,CUST-00232,trade_engagement,2025-05-21,1,0
95d6fb43,CUST-00233,welcome,2025-01-11,1,0
093d0c46,CUST-00233,sample_followup,2025-01-25,0,0
1bc9147d,CUST-00233,reactivation,2025-03-24,0,0
32efa3ea,CUST-00234,welcome,2024-11-26,1,0
8db73f5b,CUST-00234,sample_followup,2024-12-02,1,0
711404ff,CUST-00234,reactivation,2025-02-06,0,0
4aa28852,CUST-00235,welcome,2024-03-14,1,0
0dda3880,CUST-00235,sample_followup,2024-03-28,0,0
3d5e5bcb,CUST-00235,post_purchase,2024-05-22,1,0
97928f74,CUST-00236,welcome,2025-06-23,0,0
564dacab,CUST-00237,welcome,2025-03-14,1,0
4c11fb4d,CUST-00237,reactivation,2025-05-26,0,0
061d0a8b,CUST-00238,welcome,2025-03-17,1,0
2eb6713e,CUST-00238,sample_followup,2025-04-02,0,1
068b26a1,CUST-00238,post_purchase,2025-04-19,1,0
f4bc41f0,CUST-00239,welcome,2025-08-08,1,0
1eeec585,CUST-00239,sample_followup,2025-08-19,0,0
122a8284,CUST-00239,project_nurture,2025-09-22,0,0
c77d7b49,CUST-00240,welcome,2024-11-04,1,1
a2cf8b09,CUST-00240,sample_followup,2024-11-19,0,0
a3dca9b2,CUST-00240,reactivation,2025-02-08,0,1
5af12ba0,CUST-00241,welcome,2024-11-09,1,1
5aabd47c,CUST-00241,sample_followup,2024-11-25,0,1
d13ba1e6,CUST-00241,post_purchase,2024-12-25,0,0
4844f80a,CUST-00242,welcome,2025-02-09,0,0
c8248295,CUST-00242,sample_followup,2025-02-21,1,0
548f11b9,CUST-00242,post_purchase,2025-03-24,0,0
bbb0eaf6,CUST-00243,welcome,2025-03-28,1,0
d9819e2e,CUST-00243,trade_engagement,2025-06-20,0,0
97548b49,CUST-00244,welcome,2024-11-09,0,0
1047c4e2,CUST-00245,welcome,2024-01-20,1,0
63aad6be,CUST-00245,sample_followup,2024-02-02,1,0
93e67ba7,CUST-00245,reactivation,2024-03-23,0,1
7b7ea8bd,CUST-00246,welcome,2024-08-25,0,1
1794eb7a,CUST-00246,post_purchase,2024-09-20,1,0
c967e1bd,CUST-00247,welcome,2025-05-29,0,0
4b460447,CUST-00247,sample_followup,2025-06-17,1,0
6dcb6864,CUST-00247,post_purchase,2025-08-11,0,0
d96cc0a4,CUST-00248,welcome,2024-05-22,0,0
5dce3ffd,CUST-00248,sample_followup,2024-05-28,0,0
f0211ac9,CUST-00248,post_purchase,2024-07-11,1,0
86f80636,CUST-00249,welcome,2025-02-28,1,0
100e9063,CUST-00250,welcome,2024-08-26,0,0
7c668612,CUST-00250,sample_followup,2024-09-17,1,0
6412c969,CUST-00250,post_purchase,2024-10-10,0,0
a9040676,CUST-00251,welcome,2024-11-29,0,0
74772fd9,CUST-00251,sample_followup,2024-12-19,0,0
37d88a5c,CUST-00251,project_nurture,2025-01-11,0,0
5606db4d,CUST-00251,trade_engagement,2025-01-30,0,0
c6012bf2,CUST-00252,welcome,2025-06-13,0,0
db252538,CUST-00252,sample_followup,2025-06-16,0,0
a6263c62,CUST-00252,post_purchase,2025-08-10,0,0
3ea0a148,CUST-00253,welcome,2024-07-26,0,0
08f77594,CUST-00253,sample_followup,2024-08-05,1,0
1670d05f,CUST-00253,reactivation,2024-10-03,0,0
58e2ee20,CUST-00254,welcome,2024-06-24,1,0
d70647e7,CUST-00254,sample_followup,2024-07-08,1,0
e5d8bb47,CUST-00254,reactivation,2024-08-04,0,0
2395036d,CUST-00255,welcome,2025-07-11,1,0
a8154ed0,CUST-00255,sample_followup,2025-08-01,1,0
ccbd9b6d,CUST-00256,welcome,2024-12-24,0,0
e5618ac5,CUST-00256,sample_followup,2024-12-29,0,0
634d6961,CUST-00256,reactivation,2025-03-16,0,0
25c79361,CUST-00257,welcome,2024-02-07,0,0
66db707b,CUST-00257,post_purchase,2024-03-19,0,0
f243c2ad,CUST-00258,welcome,2025-06-26,0,0
fa7cf43a,CUST-00258,sample_followup,2025-07-08,1,0
576cea51,CUST-00258,post_purchase,2025-08-26,0,0
af4c2a3c,CUST-00259,welcome,2025-03-01,0,0
7586061e,CUST-00259,sample_followup,2025-03-11,1,0
07364104,CUST-00259,post_purchase,2025-04-10,0,1
ca1de2a6,CUST-00260,welcome,2024-05-20,0,0
0a9f36a6,CUST-00261,welcome,2025-08-02,0,0
2ee14939,CUST-00261,post_purchase,2025-08-22,1,0
3145def8,CUST-00262,welcome,2024-11-12,1,0
87f169de,CUST-00263,welcome,2025-01-19,1,1
00ed236b,CUST-00263,sample_followup,2025-01-27,0,0
5272446f,CUST-00263,reactivation,2025-03-04,0,0
39b37fa0,CUST-00264,welcome,2024-05-16,0,1
9c4df59c,CUST-00265,welcome,2024-02-18,1,0
32f9232f,CUST-00265,sample_followup,2024-02-25,0,0
ff58c8cf,CUST-00265,post_purchase,2024-03-15,0,0
89f96c0b,CUST-00266,welcome,2024-12-13,1,0
e8a689a8,CUST-00266,sample_followup,2024-12-18,0,0
a0b0f0c4,CUST-00266,reactivation,2025-02-22,0,0
ca33a6dc,CUST-00267,welcome,2025-07-01,1,1
1b0388b8,CUST-00268,welcome,2025-04-22,0,0
0ffcedfa,CUST-00268,sample_followup,2025-05-15,0,0
c926fda1,CUST-00268,post_purchase,2025-06-23,1,0
91cbcefc,CUST-00269,welcome,2024-04-20,1,0
dae9f351,CUST-00269,sample_followup,2024-04-29,1,0
6ad4137c,CUST-00269,post_purchase,2024-06-27,0,0
e2f5cbb5,CUST-00270,welcome,2025-08-11,1,1
81100a87,CUST-00270,sample_followup,2025-08-25,0,0
10eaf1a2,CUST-00271,welcome,2024-04-03,0,0
997d6bdf,CUST-00271,sample_followup,2024-04-14,1,0
d992909b,CUST-00271,post_purchase,2024-06-12,0,0
d24a8273,CUST-00272,welcome,2025-06-07,0,1
d46b32d0,CUST-00273,welcome,2024-08-29,1,0
e96c9bab,CUST-00273,sample_followup,2024-09-09,0,0
a30a35ea,CUST-00273,project_nurture,2024-10-09,1,1
4ce7b77f,CUST-00273,post_purchase,2024-09-27,0,0
f13b3f34,CUST-00274,welcome,2025-03-12,1,0
fe367ba3,CUST-00274,sample_followup,2025-03-23,1,0
235452c2,CUST-00274,trade_engagement,2025-06-03,0,0
7fcc84aa,CUST-00275,welcome,2025-06-24,0,0
2a14f734,CUST-00276,welcome,2024-12-18,1,0
9fc1a5af,CUST-00276,sample_followup,2024-12-29,1,0
2c3b04f5,CUST-00276,post_purchase,2025-02-26,0,0
0cc42e3a,CUST-00277,welcome,2024-01-29,1,0
cb6dc3c0,CUST-00277,sample_followup,2024-02-05,0,0
e7b11ed2,CUST-00277,reactivation,2024-04-14,0,0
f841c7c1,CUST-00278,welcome,2025-05-12,1,1
07a65524,CUST-00278,sample_followup,2025-05-21,1,0
011d84e7,CUST-00278,post_purchase,2025-07-15,0,0
4bfa4033,CUST-00279,welcome,2025-06-30,1,0
7d0ae45e,CUST-00279,sample_followup,2025-07-16,0,0
0404b051,CUST-00279,post_purchase,2025-08-28,0,0
818059a5,CUST-00280,welcome,2025-04-18,1,0
eb199270,CUST-00280,sample_followup,2025-05-07,0,0
484566a1,CUST-00280,post_purchase,2025-06-13,1,0
e9256395,CUST-00281,welcome,2024-05-05,0,0
229546f3,CUST-00282,welcome,2024-03-19,1,0
ac30d6fb,CUST-00282,sample_followup,2024-03-26,1,1
c594b153,CUST-00282,reactivation,2024-05-08,0,0
677c8136,CUST-00283,welcome,2024-07-25,1,0
4154cc7f,CUST-00283,sample_followup,2024-07-30,0,1
f92e1cea,CUST-00283,post_purchase,2024-09-05,1,0
2485cc47,CUST-00284,welcome,2025-02-05,0,0
d4580a27,CUST-00285,welcome,2025-01-29,0,0
9d487b91,CUST-00285,reactivation,2025-03-22,0,0
aa1799e2,CUST-00286,welcome,2024-10-24,1,0
d40d02ce,CUST-00287,welcome,2025-03-25,0,0
41fb5a7d,CUST-00287,sample_followup,2025-04-13,1,0
2e790342,CUST-00287,post_purchase,2025-04-23,1,0
8334171b,CUST-00288,welcome,2024-03-15,1,0
afb2bc5e,CUST-00288,sample_followup,2024-04-06,1,0
918d8d50,CUST-00288,reactivation,2024-05-09,0,0
dfc06c38,CUST-00289,welcome,2024-04-19,1,0
010fbc93,CUST-00290,welcome,2025-08-13,0,0
dc1d994c,CUST-00290,sample_followup,2025-08-18,1,0
6b1ed85c,CUST-00290,post_purchase,2025-09-24,1,1
1e0b07cd,CUST-00291,welcome,2025-05-14,0,0
b7fe869c,CUST-00292,welcome,2024-10-05,1,0
141c930d,CUST-00293,welcome,2024-11-05,1,0
c0ad0180,CUST-00293,sample_followup,2024-11-24,1,0
26c09842,CUST-00293,post_purchase,2024-12-15,0,0
d602f6af,CUST-00294,welcome,2024-08-03,0,0
8c287fb7,CUST-00294,sample_followup,2024-08-18,0,0
1ca59ef9,CUST-00294,reactivation,2024-10-21,0,0
0cf3a91d,CUST-00295,welcome,2024-08-24,0,0
c9c6c1e5,CUST-00295,sample_followup,2024-09-03,0,0
861b9609,CUST-00295,post_purchase,2024-10-06,0,0
a6c1b6b6,CUST-00296,welcome,2025-04-22,1,0
d0d62540,CUST-00296,reactivation,2025-07-05,0,0
09d9588b,CUST-00297,welcome,2024-08-10,1,0
89561934,CUST-00297,sample_followup,2024-08-22,0,0
d13b7d91,CUST-00297,project_nurture,2024-09-23,0,1
1a384144,CUST-00297,post_purchase,2024-09-30,0,0
c5521a2f,CUST-00298,welcome,2024-10-30,1,0
adf5a207,CUST-00298,post_purchase,2024-12-09,0,0
151a69c1,CUST-00299,welcome,2024-03-14,1,0
0c87a5b1,CUST-00299,sample_followup,2024-03-20,1,0
33a2de33,CUST-00299,post_purchase,2024-05-11,1,0
6b8c3c35,CUST-00300,welcome,2024-03-10,0,0
02b04b8f,CUST-00300,reactivation,2024-05-29,1,0
2986ba83,CUST-00301,welcome,2024-10-01,1,0
55c70dbf,CUST-00301,sample_followup,2024-10-06,0,0
8848df16,CUST-00301,post_purchase,2024-11-23,0,0
50a0924e,CUST-00302,welcome,2024-07-03,1,1
6da10c5f,CUST-00302,sample_followup,2024-07-16,1,0
9ec18508,CUST-00302,post_purchase,2024-08-16,0,0
e5ff837e,CUST-00303,welcome,2024-12-01,0,0
db876414,CUST-00303,sample_followup,2024-12-08,0,0
4368dd36,CUST-00303,post_purchase,2025-01-08,0,0
14d85511,CUST-00304,welcome,2024-11-21,1,0
7b06c998,CUST-00304,sample_followup,2024-12-01,0,0
d6aaa85f,CUST-00304,reactivation,2025-02-15,1,0
7847b83d,CUST-00305,welcome,2025-07-14,1,0
3cf10cd6,CUST-00306,welcome,2025-03-29,0,1
b7ff112f,CUST-00306,sample_followup,2025-04-12,0,0
23a49a3b,CUST-00306,post_purchase,2025-05-28,1,1
eddf8203,CUST-00307,welcome,2025-02-08,0,0
193067ec,CUST-00307,sample_followup,2025-02-21,1,0
46da612d,CUST-00307,project_nurture,2025-03-16,0,0
63e6b8b7,CUST-00307,post_purchase,2025-03-12,0,0
eebb8898,CUST-00308,welcome,2025-06-22,0,1
715ae2ad,CUST-00309,welcome,2024-05-21,0,1
1fcfdbfe,CUST-00310,welcome,2024-01-29,0,0
15fea18a,CUST-00310,sample_followup,2024-02-08,0,1
a5eba703,CUST-00310,post_purchase,2024-02-21,0,0
530e6f2c,CUST-00311,welcome,2024-05-03,0,0
02ff16f5,CUST-00311,post_purchase,2024-05-24,1,0
5491a36d,CUST-00312,welcome,2024-07-18,1,0
b8651354,CUST-00312,sample_followup,2024-08-01,1,0
2b788cf0,CUST-00312,post_purchase,2024-08-28,1,0
f2de5b59,CUST-00313,welcome,2025-06-23,1,0
cb2fd9d7,CUST-00313,sample_followup,2025-07-04,1,0
eae97258,CUST-00313,trade_engagement,2025-08-21,1,0
f4873190,CUST-00314,welcome,2024-05-12,1,0
964097c5,CUST-00314,post_purchase,2024-05-24,1,1
dcb74893,CUST-00315,welcome,2024-09-17,0,0
f3fa872b,CUST-00315,sample_followup,2024-09-25,0,1
bddacbf1,CUST-00315,reactivation,2024-11-13,0,0
e6602037,CUST-00316,welcome,2025-06-02,0,0
414361bc,CUST-00316,sample_followup,2025-06-07,0,0
862f0cc7,CUST-00316,trade_engagement,2025-08-16,0,0
66875f2a,CUST-00317,welcome,2024-08-08,0,1
ad424786,CUST-00317,sample_followup,2024-08-22,0,1
d1af2b02,CUST-00317,post_purchase,2024-09-18,1,0
30132e5e,CUST-00318,welcome,2024-07-13,0,0
134946c1,CUST-00318,sample_followup,2024-07-22,0,0
e441b403,CUST-00318,reactivation,2024-08-24,0,0
b4a569dd,CUST-00319,welcome,2024-07-23,1,0
26746707,CUST-00319,sample_followup,2024-08-12,1,0
8120add6,CUST-00319,post_purchase,2024-09-20,0,0
efe731c0,CUST-00320,welcome,2024-02-01,1,1
15825d58,CUST-00320,sample_followup,2024-02-08,0,0
537872dd,CUST-00320,reactivation,2024-04-06,0,0
cccd6b06,CUST-00321,welcome,2024-09-25,0,0
8a3661b4,CUST-00321,sample_followup,2024-10-03,0,1
6e1eb598,CUST-00321,reactivation,2024-11-09,0,0
ec3225ac,CUST-00322,welcome,2024-04-23,0,0
aeae1eb8,CUST-00323,welcome,2025-01-22,1,1
e31196c3,CUST-00323,sample_followup,2025-02-04,0,0
e2cb8aef,CUST-00323,reactivation,2025-03-27,1,0
6fd0a126,CUST-00324,welcome,2024-09-08,1,0
13f29bc5,CUST-00324,sample_followup,2024-09-15,0,1
a82e8766,CUST-00324,post_purchase,2024-10-26,1,0
0b9008fb,CUST-00325,welcome,2024-12-14,1,0
0aafbe0d,CUST-00326,welcome,2024-02-19,1,0
4f056f7d,CUST-00326,sample_followup,2024-02-26,0,0
39603aa7,CUST-00326,post_purchase,2024-03-10,1,0
c03adba4,CUST-00327,welcome,2025-04-10,0,0
6b9541ff,CUST-00327,sample_followup,2025-04-26,0,0
2925405d,CUST-00327,reactivation,2025-06-19,0,0
844547f0,CUST-00328,welcome,2025-04-19,0,0
85559a62,CUST-00329,welcome,2024-10-01,0,0
e129d87c,CUST-00329,sample_followup,2024-10-17,0,0
44b54d84,CUST-00329,post_purchase,2024-11-12,0,0
a8de4009,CUST-00330,welcome,2024-01-22,0,0
57da6e5d,CUST-00330,sample_followup,2024-02-04,0,1
4cb76b65,CUST-00330,reactivation,2024-03-10,1,0
bb9feaf6,CUST-00331,welcome,2025-08-18,1,1
398a72ae,CUST-00331,sample_followup,2025-09-07,1,0
c17147fd,CUST-00331,post_purchase,2025-09-27,1,0
1395d917,CUST-00332,welcome,2024-11-21,0,0
38ed3ae4,CUST-00332,sample_followup,2024-12-04,1,0
91b5447b,CUST-00332,reactivation,2025-02-11,0,0
87e28e41,CUST-00333,welcome,2024-09-17,1,0
4e886f04,CUST-00333,sample_followup,2024-10-03,1,0
36b4eb5e,CUST-00333,trade_engagement,2024-12-20,0,0
d985030f,CUST-00334,welcome,2025-05-19,1,0
a376a166,CUST-00334,sample_followup,2025-05-26,1,1
0756a174,CUST-00334,reactivation,2025-07-27,0,0
657abebb,CUST-00335,welcome,2024-07-08,1,0
24085bcd,CUST-00335,sample_followup,2024-07-19,0,0
57b4ad2e,CUST-00335,reactivation,2024-09-27,0,0
401869fb,CUST-00336,welcome,2024-05-17,1,0
cdcf328a,CUST-00336,sample_followup,2024-05-26,1,0
d023c01e,CUST-00336,reactivation,2024-08-01,1,0
ebb816cf,CUST-00337,welcome,2024-06-22,1,1
8ff0d87b,CUST-00337,post_purchase,2024-08-17,0,0
73d2e5e5,CUST-00338,welcome,2024-05-14,0,0
dac4aa9a,CUST-00338,sample_followup,2024-05-29,1,0
4a4e7030,CUST-00338,post_purchase,2024-07-20,1,1
8e86a086,CUST-00339,welcome,2025-03-10,1,0
5a83b49e,CUST-00339,reactivation,2025-05-21,0,0
3dd18f75,CUST-00340,welcome,2025-01-26,1,0
1aa423f1,CUST-00340,sample_followup,2025-02-05,0,0
1ec5a783,CUST-00340,reactivation,2025-03-13,0,0
a3b59fa9,CUST-00341,welcome,2024-10-15,0,0
a95637b2,CUST-00342,welcome,2024-06-04,1,0
bf20ebd9,CUST-00342,sample_followup,2024-06-20,1,0
52cd72ac,CUST-00342,trade_engagement,2024-08-21,0,0
2dac0c55,CUST-00343,welcome,2024-05-07,0,0
b159a63d,CUST-00344,welcome,2025-08-08,0,0
206aae8a,CUST-00344,sample_followup,2025-08-16,0,1
804ed2fd,CUST-00344,project_nurture,2025-09-20,0,0
8d7a523c,CUST-00344,post_purchase,2025-09-11,1,1
3468c30e,CUST-00345,welcome,2025-08-06,1,1
7f9663be,CUST-00345,sample_followup,2025-08-20,1,0
140ed07b,CUST-00345,project_nurture,2025-09-04,1,0
997f5069,CUST-00345,post_purchase,2025-10-16,1,0
b04511de,CUST-00346,welcome,2024-05-15,1,0
12c8970a,CUST-00346,sample_followup,2024-06-04,1,0
527fe755,CUST-00346,reactivation,2024-07-28,0,0
ff1055db,CUST-00347,welcome,2024-08-18,0,1
b70cf38c,CUST-00347,sample_followup,2024-09-04,1,0
a1a851a7,CUST-00347,reactivation,2024-11-03,0,0
db1b41c3,CUST-00348,welcome,2025-06-10,1,0
c41d6d13,CUST-00348,sample_followup,2025-06-30,0,1
87375e07,CUST-00348,post_purchase,2025-08-28,1,0
177e0a91,CUST-00349,welcome,2024-09-29,0,0
911154dd,CUST-00349,sample_followup,2024-10-18,1,0
f05340b7,CUST-00349,trade_engagement,2025-01-08,0,0
9e85e8f8,CUST-00350,welcome,2025-01-05,1,0
cf47e433,CUST-00350,sample_followup,2025-01-13,1,0
fff1c96b,CUST-00350,post_purchase,2025-03-03,1,0
7ddbce61,CUST-00351,welcome,2024-06-06,0,0
ae485fe2,CUST-00351,sample_followup,2024-06-09,0,0
675f7a36,CUST-00351,reactivation,2024-08-22,0,0
b0093b30,CUST-00352,welcome,2025-02-14,0,0
07e61640,CUST-00352,sample_followup,2025-03-08,0,0
e4e1ef5d,CUST-00352,post_purchase,2025-04-13,0,0
49260256,CUST-00353,welcome,2025-04-25,1,0
f4242d87,CUST-00353,sample_followup,2025-05-08,0,0
63f71ff6,CUST-00353,post_purchase,2025-07-03,1,0
5a5bb301,CUST-00354,welcome,2024-01-20,1,0
4faa89ea,CUST-00354,sample_followup,2024-01-24,1,0
88a1a428,CUST-00354,post_purchase,2024-02-23,0,0
f0750524,CUST-00355,welcome,2024-04-17,0,0
5eef45ec,CUST-00356,welcome,2025-06-04,1,0
f996a2f6,CUST-00357,welcome,2024-06-07,0,0
d2e8cfab,CUST-00358,welcome,2025-06-02,0,0
d8302c0d,CUST-00358,sample_followup,2025-06-11,0,0
5e08b8e5,CUST-00358,trade_engagement,2025-08-27,0,0
2e096045,CUST-00359,welcome,2025-06-14,0,0
5f6956ce,CUST-00359,post_purchase,2025-07-31,0,0
2368a3bb,CUST-00360,welcome,2025-07-21,1,0
77dd239d,CUST-00360,sample_followup,2025-07-27,1,0
2349fc17,CUST-00361,welcome,2025-02-19,0,0
63e38674,CUST-00362,welcome,2025-06-08,0,1
c3740fec,CUST-00362,sample_followup,2025-06-18,0,0
fd420961,CUST-00362,reactivation,2025-08-30,1,0
b3c5e08a,CUST-00363,welcome,2024-02-19,1,0
05c96570,CUST-00363,sample_followup,2024-03-03,0,0
9d1afb80,CUST-00363,reactivation,2024-05-14,0,0
370c7692,CUST-00364,welcome,2024-04-18,0,0
f7169a1a,CUST-00364,sample_followup,2024-04-21,0,0
a82afc7e,CUST-00364,post_purchase,2024-06-02,1,0
fa22bca0,CUST-00365,welcome,2025-05-17,1,0
9216e764,CUST-00365,sample_followup,2025-05-23,0,0
37d3f524,CUST-00365,post_purchase,2025-06-08,1,0
e046d6bc,CUST-00366,welcome,2025-01-19,1,0
4f904112,CUST-00367,welcome,2025-05-16,0,0
eee30429,CUST-00367,sample_followup,2025-05-28,0,0
2eec649e,CUST-00367,reactivation,2025-07-26,0,0
65a210ce,CUST-00368,welcome,2024-11-30,1,0
c7ffab26,CUST-00368,reactivation,2025-02-22,0,0
49b1c38e,CUST-00369,welcome,2024-11-13,1,0
e362446d,CUST-00370,welcome,2025-05-30,1,1
76876596,CUST-00370,sample_followup,2025-06-19,1,0
f9be4b92,CUST-00370,reactivation,2025-08-16,0,1
e59fc536,CUST-00371,welcome,2025-06-25,0,0
cabbab4d,CUST-00371,sample_followup,2025-06-30,0,0
519eb50e,CUST-00371,post_purchase,2025-07-12,1,0
706aae67,CUST-00372,welcome,2024-07-27,1,0
9726a5f6,CUST-00372,sample_followup,2024-08-15,1,1
aa00a477,CUST-00372,post_purchase,2024-09-28,1,0
9268db4b,CUST-00373,welcome,2025-05-28,0,0
ec361233,CUST-00373,sample_followup,2025-05-31,0,0
f5fcb4de,CUST-00373,post_purchase,2025-06-12,1,0
f968a49e,CUST-00374,welcome,2025-06-07,0,0
8427c811,CUST-00375,welcome,2024-11-22,0,0
10ab6c2e,CUST-00375,sample_followup,2024-11-30,0,0
cd39fd90,CUST-00375,post_purchase,2024-12-09,0,0
d290e3ce,CUST-00376,welcome,2025-07-06,1,1
9edd87c1,CUST-00376,sample_followup,2025-07-29,1,0
8c30a9f2,CUST-00376,post_purchase,2025-08-18,0,1
671d7329,CUST-00377,welcome,2024-07-16,0,0
a10aae02,CUST-00377,post_purchase,2024-08-27,0,1
475532cb,CUST-00378,welcome,2025-05-28,0,0
1891a510,CUST-00378,sample_followup,2025-06-17,0,0
75b61101,CUST-00379,welcome,2024-07-16,0,0
3df8b4d3,CUST-00379,sample_followup,2024-07-31,0,0
9c53a34b,CUST-00379,post_purchase,2024-09-04,1,0
c3ba2725,CUST-00380,welcome,2025-06-30,1,0
053ff24e,CUST-00381,welcome,2024-09-13,0,1
4bb01026,CUST-00382,welcome,2024-09-14,1,1
752c1e2e,CUST-00382,sample_followup,2024-09-26,0,0
aa3edbe4,CUST-00382,post_purchase,2024-10-08,1,0
c82f99a9,CUST-00383,welcome,2024-10-29,1,0
ca41921e,CUST-00383,sample_followup,2024-11-14,0,0
848799f6,CUST-00383,post_purchase,2025-01-03,1,0
47d61880,CUST-00384,welcome,2025-06-06,1,1
41b255a3,CUST-00384,sample_followup,2025-06-19,1,0
e729e691,CUST-00384,project_nurture,2025-07-17,1,0
9d9c0991,CUST-00384,post_purchase,2025-08-04,1,0
0c87ec1d,CUST-00385,welcome,2024-07-25,0,0
a4fd5b4d,CUST-00385,sample_followup,2024-08-06,0,0
1571d2a6,CUST-00385,post_purchase,2024-10-04,1,1
deeea45e,CUST-00386,welcome,2025-02-14,1,0
5d9f338e,CUST-00386,sample_followup,2025-03-01,1,1
8cf0bed8,CUST-00386,trade_engagement,2025-05-13,1,0
04df19b1,CUST-00387,welcome,2024-06-30,0,0
84098da5,CUST-00387,sample_followup,2024-07-08,0,0
2d6e641e,CUST-00387,post_purchase,2024-08-19,0,0
56a56a26,CUST-00388,welcome,2025-01-19,1,1
de6193f9,CUST-00388,sample_followup,2025-02-07,0,0
d04e1eb4,CUST-00388,reactivation,2025-04-29,0,0
70a1ab2b,CUST-00389,welcome,2025-04-27,0,0
9bdea83f,CUST-00389,sample_followup,2025-05-13,1,0
3ec91530,CUST-00389,reactivation,2025-07-10,0,0
38dfbb04,CUST-00390,welcome,2024-02-08,0,0
b646e9f3,CUST-00390,sample_followup,2024-02-24,1,1
f5087d84,CUST-00390,post_purchase,2024-04-06,1,0
84298abf,CUST-00391,welcome,2025-05-25,1,0
34959ed3,CUST-00391,reactivation,2025-08-04,1,0
38f084e6,CUST-00392,welcome,2025-01-04,0,0
509d253d,CUST-00393,welcome,2024-05-22,1,0
61f2647c,CUST-00393,sample_followup,2024-06-05,0,1
f0938171,CUST-00393,reactivation,2024-08-31,1,0
14755207,CUST-00394,welcome,2025-05-01,0,0
024568e2,CUST-00395,welcome,2025-03-04,1,1
f2c93e0d,CUST-00395,sample_followup,2025-03-06,0,0
16dcf9d0,CUST-00395,post_purchase,2025-04-27,1,0
13ff11be,CUST-00396,welcome,2024-12-05,0,0
b6135af1,CUST-00396,sample_followup,2024-12-19,0,0
b2f85223,CUST-00396,post_purchase,2025-01-16,0,0
71048511,CUST-00397,welcome,2025-01-31,0,0
0422c4af,CUST-00397,sample_followup,2025-02-12,1,0
9322addf,CUST-00397,reactivation,2025-04-04,0,0
79debb40,CUST-00398,welcome,2025-03-19,1,0
4336e944,CUST-00398,sample_followup,2025-03-27,0,0
8ad0f0ff,CUST-00398,reactivation,2025-05-08,0,0
e641de51,CUST-00399,welcome,2025-08-13,0,0
de0520fb,CUST-00400,welcome,2025-03-19,0,1
6f5cf2d9,CUST-00400,sample_followup,2025-03-26,0,0
7e8ee3cc,CUST-00400,post_purchase,2025-05-20,0,0
001390a9,CUST-00401,welcome,2025-04-07,0,0
749cfef2,CUST-00401,sample_followup,2025-04-21,1,1
3b27e7a1,CUST-00401,post_purchase,2025-05-29,0,0
245356da,CUST-00402,welcome,2024-01-20,0,0
d9e75024,CUST-00402,sample_followup,2024-01-30,1,0
9e732644,CUST-00402,reactivation,2024-03-25,0,0
7297ea01,CUST-00403,welcome,2024-04-16,1,0
cf1c5da3,CUST-00403,post_purchase,2024-04-28,1,0
df99327f,CUST-00404,welcome,2024-06-21,0,0
23178317,CUST-00404,sample_followup,2024-07-06,1,1
a19311f8,CUST-00404,project_nurture,2024-07-25,1,0
e9da861f,CUST-00404,post_purchase,2024-08-26,0,1
f96e8ead,CUST-00405,welcome,2024-04-15,0,0
094f2754,CUST-00406,welcome,2024-11-22,0,0
4c9a60cd,CUST-00407,welcome,2024-01-23,1,0
65bb267d,CUST-00407,sample_followup,2024-02-02,1,0
77dd829e,CUST-00407,post_purchase,2024-03-28,0,0
2602c5aa,CUST-00408,welcome,2024-10-23,0,0
5954e224,CUST-00408,sample_followup,2024-11-15,0,0
b28299b3,CUST-00408,project_nurture,2024-12-14,1,0
239185ef,CUST-00408,post_purchase,2024-12-06,0,1
5b6cec77,CUST-00409,welcome,2025-03-11,0,0
5ac20f3e,CUST-00409,reactivation,2025-05-10,1,0
a691c73b,CUST-00410,welcome,2024-06-09,0,0
232a4019,CUST-00410,sample_followup,2024-06-15,0,0
94de9127,CUST-00410,post_purchase,2024-07-18,1,1
dce974d8,CUST-00411,welcome,2025-01-19,1,0
9cc676e3,CUST-00411,sample_followup,2025-02-08,1,1
56d2ae0d,CUST-00411,post_purchase,2025-03-25,0,0
ccfffd48,CUST-00412,welcome,2025-01-13,0,0
64db3499,CUST-00412,sample_followup,2025-01-16,0,0
5eb8d262,CUST-00412,reactivation,2025-02-21,0,0
a98d1453,CUST-00413,welcome,2024-01-14,0,1
3ac539fb,CUST-00414,welcome,2025-05-28,1,0
d50aa467,CUST-00414,post_purchase,2025-07-18,0,0
03ff5dfb,CUST-00415,welcome,2024-06-22,0,0
7db1492f,CUST-00415,post_purchase,2024-07-26,1,0
3f52fcf1,CUST-00416,welcome,2024-03-02,0,0
8321c9d7,CUST-00416,sample_followup,2024-03-24,1,1
24d00717,CUST-00416,project_nurture,2024-04-17,0,0
06800842,CUST-00416,post_purchase,2024-04-19,0,0
752d47f1,CUST-00417,welcome,2024-09-30,1,0
be100143,CUST-00418,welcome,2025-01-23,1,0
4ee5bc81,CUST-00419,welcome,2025-06-28,1,0
81032ac0,CUST-00420,welcome,2024-11-26,0,0
04bd5d43,CUST-00420,sample_followup,2024-12-13,0,0
4505fa53,CUST-00420,reactivation,2025-03-07,1,0
48999c8e,CUST-00421,welcome,2025-06-17,1,0
5b9e5034,CUST-00422,welcome,2025-07-08,0,0
c7324b3e,CUST-00422,reactivation,2025-08-30,0,0
5d0b33c4,CUST-00423,welcome,2024-05-07,1,0
cf6b650e,CUST-00423,sample_followup,2024-05-19,0,0
29154e57,CUST-00423,reactivation,2024-07-09,0,0
9a3f98c6,CUST-00424,welcome,2024-08-27,1,0
ed6c6f00,CUST-00425,welcome,2025-01-25,0,0
5a8a72d6,CUST-00425,sample_followup,2025-02-07,0,0
feca1491,CUST-00425,reactivation,2025-03-12,0,0
82889489,CUST-00426,welcome,2024-10-31,0,0
2cb7362d,CUST-00427,welcome,2024-05-07,1,0
0cb3d972,CUST-00428,welcome,2024-08-04,0,0
72fd6d15,CUST-00428,post_purchase,2024-08-16,1,0
c13c106d,CUST-00429,welcome,2024-10-17,1,0
5bdbd54a,CUST-00429,post_purchase,2024-12-12,1,1
5d66ffd4,CUST-00430,welcome,2025-08-13,1,0
4f9cf58a,CUST-00431,welcome,2024-07-03,1,0
56f068af,CUST-00431,sample_followup,2024-07-09,0,0
95e47cdd,CUST-00431,reactivation,2024-08-29,0,0
de0665d9,CUST-00432,welcome,2025-04-20,1,1
c875b386,CUST-00432,sample_followup,2025-05-01,1,0
9850002d,CUST-00432,post_purchase,2025-06-26,1,0
e4a68043,CUST-00433,welcome,2024-03-07,1,0
5e4e0483,CUST-00434,welcome,2024-05-08,1,0
5884590d,CUST-00434,sample_followup,2024-05-12,1,0
bab11a53,CUST-00434,reactivation,2024-06-10,1,0
f64a64ac,CUST-00435,welcome,2024-06-25,1,1
2f59ee63,CUST-00436,welcome,2025-05-18,1,0
9e958f1d,CUST-00436,sample_followup,2025-05-24,1,0
9fa1a008,CUST-00436,reactivation,2025-07-28,0,0
9ff760a9,CUST-00437,welcome,2025-03-09,0,0
34b3386d,CUST-00438,welcome,2024-07-28,0,0
199cffd6,CUST-00438,sample_followup,2024-08-03,0,0
d573545c,CUST-00438,project_nurture,2024-08-29,1,0
29b4259d,CUST-00438,post_purchase,2024-09-21,0,1
a3291c56,CUST-00439,welcome,2025-01-23,0,0
5b9b5d23,CUST-00439,post_purchase,2025-02-25,1,0
29fba033,CUST-00440,welcome,2025-06-29,1,0
89bef369,CUST-00440,post_purchase,2025-08-15,0,0
4125e623,CUST-00441,welcome,2024-12-29,1,0
dac75ffd,CUST-00442,welcome,2025-02-21,0,0
bd73058f,CUST-00442,trade_engagement,2025-03-26,0,0
22a16392,CUST-00443,welcome,2025-05-07,0,0
725274ed,CUST-00443,sample_followup,2025-05-09,1,0
b310fdda,CUST-00443,reactivation,2025-07-17,0,0
f256b77a,CUST-00444,welcome,2024-02-14,1,1
b0e4a15d,CUST-00444,sample_followup,2024-03-02,1,0
0a867dde,CUST-00444,trade_engagement,2024-05-22,0,0
50b4d584,CUST-00445,welcome,2024-08-07,1,0
d910615d,CUST-00446,welcome,2025-05-15,1,0
cd04b3c5,CUST-00446,sample_followup,2025-05-19,0,1
f2755326,CUST-00446,post_purchase,2025-06-04,1,0
18752e32,CUST-00447,welcome,2024-07-06,1,0
b4a1e606,CUST-00447,sample_followup,2024-07-14,1,0
a1bc6be4,CUST-00447,reactivation,2024-10-06,1,0
7b472dd4,CUST-00448,welcome,2024-09-30,0,0
aa0dc287,CUST-00449,welcome,2024-04-21,1,0
7040c0be,CUST-00449,reactivation,2024-06-21,0,0
7c677033,CUST-00450,welcome,2024-06-06,1,0
68de5940,CUST-00451,welcome,2024-04-16,0,0
31c2fb1d,CUST-00451,sample_followup,2024-04-23,0,0
86af4013,CUST-00451,post_purchase,2024-05-05,1,0
08c887f3,CUST-00452,welcome,2024-10-15,0,0
b65e5e25,CUST-00452,sample_followup,2024-10-22,1,0
23900af7,CUST-00452,post_purchase,2024-12-01,1,0
1302014b,CUST-00453,welcome,2025-01-06,0,0
364f18be,CUST-00453,post_purchase,2025-03-05,0,0
467f3184,CUST-00454,welcome,2025-07-14,1,1
70f7150d,CUST-00455,welcome,2025-07-28,1,0
9c88f5b4,CUST-00455,sample_followup,2025-07-30,0,0
743bcad6,CUST-00455,project_nurture,2025-08-14,0,0
c41fafb5,CUST-00455,post_purchase,2025-09-09,1,0
b2b3a3b5,CUST-00456,welcome,2024-01-05,1,0
617552ef,CUST-00456,sample_followup,2024-01-23,1,0
90f24ea3,CUST-00456,post_purchase,2024-02-11,1,1
ed488611,CUST-00457,welcome,2024-04-29,0,0
c0e1b2b9,CUST-00458,welcome,2024-01-12,1,0
9b220ee3,CUST-00459,welcome,2025-01-27,1,0
46426a0e,CUST-00459,post_purchase,2025-02-21,1,0
a8aa85c4,CUST-00460,welcome,2024-10-16,1,0
f43c88ad,CUST-00461,welcome,2024-05-21,1,0
45375c5d,CUST-00461,post_purchase,2024-06-16,1,0
1a8a8a77,CUST-00462,welcome,2024-03-29,1,0
95bd2d38,CUST-00462,sample_followup,2024-04-17,1,1
b08c5df1,CUST-00462,project_nurture,2024-05-22,0,1
98bed69c,CUST-00462,post_purchase,2024-05-10,1,0
74025f0a,CUST-00463,welcome,2024-04-26,1,0
99e88456,CUST-00463,sample_followup,2024-04-30,0,0
2310cb20,CUST-00463,reactivation,2024-07-09,0,0
e81a589d,CUST-00464,welcome,2024-10-21,1,0
ed80c391,CUST-00464,sample_followup,2024-10-26,1,0
ce33a230,CUST-00464,reactivation,2024-11-29,0,0
7ae76766,CUST-00465,welcome,2024-05-11,1,0
57c3ead9,CUST-00465,sample_followup,2024-06-02,1,0
d1f4053a,CUST-00465,post_purchase,2024-07-16,1,0
a48541af,CUST-00466,welcome,2024-01-04,0,0
6d6e78a1,CUST-00466,sample_followup,2024-01-17,0,0
ee229f75,CUST-00466,post_purchase,2024-02-04,0,0
ac0e794e,CUST-00467,welcome,2025-03-11,0,0
dcaa61e1,CUST-00467,sample_followup,2025-03-17,1,0
5624c235,CUST-00467,reactivation,2025-05-13,0,0
4e92cf17,CUST-00468,welcome,2025-02-26,1,1
092cb4de,CUST-00468,sample_followup,2025-03-03,1,0
1ac0f8c5,CUST-00468,post_purchase,2025-03-28,1,0
bf6ddbff,CUST-00469,welcome,2024-02-28,0,0
0390aa33,CUST-00469,sample_followup,2024-03-12,0,0
63b4a87c,CUST-00469,reactivation,2024-04-20,0,0
3be58a4f,CUST-00470,welcome,2024-12-10,1,0
6cc6095e,CUST-00470,sample_followup,2024-12-23,1,1
b254b643,CUST-00470,post_purchase,2025-02-20,1,0
115dabbe,CUST-00471,welcome,2024-12-31,1,0
e29c4aa9,CUST-00471,sample_followup,2025-01-09,0,0
213a0f51,CUST-00471,post_purchase,2025-02-27,1,0
fdfc1202,CUST-00472,welcome,2025-06-20,0,0
d13737ef,CUST-00472,sample_followup,2025-07-02,1,0
c02f81e5,CUST-00472,trade_engagement,2025-08-07,0,0
07065ec4,CUST-00473,welcome,2024-03-31,1,0
2a4b4529,CUST-00473,sample_followup,2024-04-07,0,0
59d649ef,CUST-00473,project_nurture,2024-04-30,0,0
3f6ba69c,CUST-00473,post_purchase,2024-05-22,0,0
19fc8285,CUST-00474,welcome,2024-11-18,1,0
eb83d557,CUST-00474,sample_followup,2024-12-10,0,0
c01f666b,CUST-00474,post_purchase,2024-12-25,1,0
cec676bb,CUST-00475,welcome,2025-04-25,1,0
cb7ef3f9,CUST-00476,welcome,2024-11-21,0,0
9c2dd008,CUST-00476,sample_followup,2024-12-01,0,0
49a943c3,CUST-00476,post_purchase,2025-01-30,0,0
0eab61c7,CUST-00477,welcome,2024-03-12,0,0
977ac3ce,CUST-00477,sample_followup,2024-03-22,0,1
bf9a9a34,CUST-00477,post_purchase,2024-05-18,1,0
28d6aa67,CUST-00478,welcome,2024-12-30,0,0
7e903214,CUST-00478,sample_followup,2025-01-07,0,0
6863a579,CUST-00478,reactivation,2025-02-23,1,0
7967a64c,CUST-00479,welcome,2024-11-21,1,0
a81a068f,CUST-00479,sample_followup,2024-12-07,0,1
995b36e2,CUST-00479,post_purchase,2025-01-19,1,0
661f19df,CUST-00480,welcome,2025-01-08,0,1
4b28d901,CUST-00481,welcome,2025-03-13,0,0
726d329a,CUST-00481,sample_followup,2025-03-20,1,0
394f181e,CUST-00481,reactivation,2025-05-26,0,0
c9bd129b,CUST-00482,welcome,2024-03-31,0,0
82a276f8,CUST-00483,welcome,2025-03-07,0,0
5722148e,CUST-00484,welcome,2025-02-10,0,0
9081f039,CUST-00485,welcome,2024-02-04,0,0
e7b5e604,CUST-00485,sample_followup,2024-02-11,0,0
12ead75d,CUST-00485,post_purchase,2024-04-01,0,0
1f4e6fad,CUST-00486,welcome,2024-04-12,0,0
e51b1317,CUST-00486,sample_followup,2024-05-01,0,0
e4e23f9d,CUST-00486,post_purchase,2024-06-16,0,0
ccb321c6,CUST-00487,welcome,2024-08-16,0,0
6c335aa1,CUST-00487,sample_followup,2024-08-19,1,0
9798da17,CUST-00487,post_purchase,2024-10-05,1,0
7313f602,CUST-00488,welcome,2024-03-17,0,0
1b621f09,CUST-00488,sample_followup,2024-03-20,0,0
b85f2602,CUST-00488,post_purchase,2024-04-19,0,0
aefaa9ea,CUST-00489,welcome,2024-06-06,1,0
16f176b3,CUST-00489,sample_followup,2024-06-12,1,0
ca4f6f0b,CUST-00489,post_purchase,2024-07-16,1,0
7642b6e9,CUST-00490,welcome,2025-05-15,0,0
f82dec6a,CUST-00490,sample_followup,2025-05-30,0,0
5cb1e6c5,CUST-00490,post_purchase,2025-06-18,1,0
5431df74,CUST-00491,welcome,2025-02-12,1,1
dcebfc34,CUST-00491,sample_followup,2025-02-24,1,0
2d9df727,CUST-00491,trade_engagement,2025-04-12,0,0
f4e8881e,CUST-00492,welcome,2025-06-24,0,0
bfd421d8,CUST-00492,sample_followup,2025-07-16,0,0
60b23451,CUST-00492,post_purchase,2025-07-28,1,0
b60aab13,CUST-00493,welcome,2024-01-23,0,1
4f04c4b2,CUST-00493,sample_followup,2024-02-06,0,0
4a318b42,CUST-00493,post_purchase,2024-02-21,0,0
5121293b,CUST-00494,welcome,2024-02-19,1,0
9132205f,CUST-00495,welcome,2024-01-12,0,0
c9c71bc4,CUST-00495,reactivation,2024-04-10,0,1
45f9ff64,CUST-00496,welcome,2024-02-15,1,0
f4d2db4f,CUST-00496,sample_followup,2024-02-22,0,0
cf20736b,CUST-00496,reactivation,2024-05-16,0,0
9b7703ab,CUST-00497,welcome,2025-08-15,1,0
fe6a7a89,CUST-00497,sample_followup,2025-08-23,0,0
b13f9089,CUST-00498,welcome,2024-03-03,0,0
757591be,CUST-00498,sample_followup,2024-03-14,0,0
6a2c9b80,CUST-00498,post_purchase,2024-04-24,1,0
fd329a93,CUST-00499,welcome,2024-07-12,1,0
100b0e0f,CUST-00499,sample_followup,2024-07-17,1,1
a8a869f7,CUST-00499,post_purchase,2024-08-25,1,1
0187c64f,CUST-00500,welcome,2025-03-18,1,1
f9a8f4f3,CUST-00501,welcome,2024-10-10,1,1
2ceb92e4,CUST-00501,sample_followup,2024-10-13,1,1
effffe32,CUST-00501,reactivation,2024-12-04,0,0
504683ff,CUST-00502,welcome,2024-10-02,1,0
670d443f,CUST-00502,post_purchase,2024-11-14,1,0
1bc8aff3,CUST-00503,welcome,2024-01-15,0,0
14f753da,CUST-00503,sample_followup,2024-01-25,1,0
1a30b735,CUST-00503,post_purchase,2024-02-04,0,0
7bb12031,CUST-00504,welcome,2024-12-10,0,0
6eba7460,CUST-00504,sample_followup,2024-12-17,1,0
1dea0b1e,CUST-00504,reactivation,2025-03-07,0,0
3cf68f6a,CUST-00505,welcome,2024-01-23,0,0
d8aee29f,CUST-00505,sample_followup,2024-02-07,1,1
d16a40bd,CUST-00505,post_purchase,2024-02-22,0,0
11a878c3,CUST-00506,welcome,2024-12-24,0,0
d3679e87,CUST-00506,sample_followup,2025-01-05,1,0
f01aa977,CUST-00506,reactivation,2025-02-19,1,1
fc2d07e1,CUST-00507,welcome,2024-06-03,1,0
e6c241a3,CUST-00507,sample_followup,2024-06-23,1,0
f8031416,CUST-00507,post_purchase,2024-07-18,0,0
c0337976,CUST-00508,welcome,2024-05-27,1,0
af9f33e9,CUST-00509,welcome,2024-09-25,1,0
d535c846,CUST-00509,sample_followup,2024-10-01,0,0
74737b77,CUST-00509,project_nurture,2024-10-22,0,0
9ee4ac5d,CUST-00509,post_purchase,2024-11-12,1,0
083fadc5,CUST-00510,welcome,2025-04-18,0,1
7bc9e6e6,CUST-00510,sample_followup,2025-04-26,0,0
a35d0e7c,CUST-00510,post_purchase,2025-05-30,1,0
49b2bac4,CUST-00511,welcome,2024-04-20,0,0
535988a7,CUST-00511,sample_followup,2024-05-10,0,0
6cecf6cf,CUST-00511,reactivation,2024-07-11,0,0
72054cdc,CUST-00512,welcome,2024-06-08,0,0
649c4df2,CUST-00512,sample_followup,2024-06-12,1,0
948524e3,CUST-00512,post_purchase,2024-06-27,1,1
0489dd3a,CUST-00513,welcome,2025-03-26,0,0
89f9cdfd,CUST-00513,sample_followup,2025-04-02,0,0
e74b4753,CUST-00513,trade_engagement,2025-06-12,0,0
50738477,CUST-00514,welcome,2024-10-18,1,0
1dc775c5,CUST-00514,sample_followup,2024-10-31,0,0
7179a5ab,CUST-00514,trade_engagement,2025-01-20,0,0
40ae1729,CUST-00515,welcome,2025-06-10,0,0
c17639e8,CUST-00515,sample_followup,2025-07-03,0,1
81d344b8,CUST-00516,welcome,2025-06-04,0,0
e1d78de6,CUST-00516,post_purchase,2025-06-16,1,0
5560dc9b,CUST-00517,welcome,2024-08-31,0,0
f730792f,CUST-00517,sample_followup,2024-09-21,1,0
1736cb5b,CUST-00517,post_purchase,2024-11-22,1,0
7f85732a,CUST-00518,welcome,2024-09-16,1,0
b2040344,CUST-00518,post_purchase,2024-11-03,1,1
d384b188,CUST-00519,welcome,2025-06-25,1,0
7cd42c89,CUST-00520,welcome,2025-08-06,1,0
b22f2893,CUST-00520,sample_followup,2025-08-22,0,0
2dc07e42,CUST-00520,post_purchase,2025-09-10,1,0
3ff91b1c,CUST-00521,welcome,2025-07-14,0,0
eb011944,CUST-00521,sample_followup,2025-07-29,1,0
3beccd85,CUST-00522,welcome,2025-05-21,0,0
2b15c197,CUST-00522,sample_followup,2025-06-09,0,0
a52f3d3f,CUST-00522,project_nurture,2025-06-29,0,0
6b28276f,CUST-00522,post_purchase,2025-07-02,1,0
025c36a8,CUST-00523,welcome,2025-07-20,0,0
b8defb16,CUST-00523,sample_followup,2025-08-05,0,0
d670bd66,CUST-00523,post_purchase,2025-08-17,0,0
36e79ee8,CUST-00524,welcome,2024-01-17,1,1
4d0fab4f,CUST-00525,welcome,2025-05-06,0,0
8b72c0ea,CUST-00526,welcome,2024-11-06,1,0
a5774111,CUST-00526,sample_followup,2024-11-21,0,0
136b3c48,CUST-00526,project_nurture,2024-12-17,1,0
9fca7e90,CUST-00526,post_purchase,2024-12-09,0,0
01608f20,CUST-00527,welcome,2024-03-28,1,0
f30834e7,CUST-00527,sample_followup,2024-04-02,1,1
a659bcbd,CUST-00527,reactivation,2024-06-26,0,0
a6172741,CUST-00528,welcome,2025-08-29,0,0
0254d358,CUST-00529,welcome,2024-10-22,1,0
dcc8c53e,CUST-00530,welcome,2024-09-13,1,0
fa64cc32,CUST-00530,sample_followup,2024-09-25,1,0
0712073d,CUST-00530,post_purchase,2024-10-05,1,0
09eb4c12,CUST-00531,welcome,2024-03-23,0,0
f3da6d0e,CUST-00531,post_purchase,2024-05-13,0,0
193518a2,CUST-00532,welcome,2024-02-13,1,0
813317e7,CUST-00532,sample_followup,2024-02-16,1,1
2aedd27b,CUST-00532,project_nurture,2024-03-03,1,0
3b1328d6,CUST-00532,trade_engagement,2024-04-26,0,0
38ac6387,CUST-00533,welcome,2024-12-01,1,0
29e04930,CUST-00533,sample_followup,2024-12-14,1,0
b936df70,CUST-00533,project_nurture,2025-01-17,1,0
d443c3f6,CUST-00533,post_purchase,2025-02-11,0,0
0df10c47,CUST-00534,welcome,2024-03-22,0,0
83add8d1,CUST-00535,welcome,2024-02-23,1,0
d0cb3ea2,CUST-00535,sample_followup,2024-03-03,1,0
fa46fdc7,CUST-00535,post_purchase,2024-04-28,1,0
4af83553,CUST-00536,welcome,2025-01-06,1,0
c09dc513,CUST-00536,sample_followup,2025-01-25,0,0
a9927ac0,CUST-00536,post_purchase,2025-02-19,1,1
9eff2d36,CUST-00537,welcome,2024-07-22,1,0
b10eab64,CUST-00538,welcome,2025-03-18,1,0
4137ae55,CUST-00539,welcome,2024-10-28,1,0
ae3c9f3c,CUST-00539,sample_followup,2024-11-05,0,0
6c747b60,CUST-00539,post_purchase,2025-01-01,0,0
74308599,CUST-00540,welcome,2024-01-09,1,0
cf99d91d,CUST-00540,post_purchase,2024-02-08,1,0
0368e8f1,CUST-00541,welcome,2024-11-23,0,0
6ff541a9,CUST-00541,sample_followup,2024-12-03,0,0
c3964301,CUST-00541,post_purchase,2024-12-30,1,0
76d5b11d,CUST-00542,welcome,2024-07-31,1,0
d8919b15,CUST-00542,sample_followup,2024-08-08,0,0
e64dc83c,CUST-00542,post_purchase,2024-09-14,1,1
4a4b87ad,CUST-00543,welcome,2024-09-27,0,1
3bf5bfcd,CUST-00543,sample_followup,2024-10-06,1,0
2bc2d326,CUST-00543,post_purchase,2024-12-01,0,0
7306d0ee,CUST-00544,welcome,2024-11-22,0,0
80d07ae9,CUST-00544,sample_followup,2024-12-09,0,0
7f5a5e12,CUST-00544,project_nurture,2025-01-15,1,0
1d5a8b19,CUST-00544,trade_engagement,2025-01-18,1,0
851961e6,CUST-00545,welcome,2024-07-02,1,0
90f59daa,CUST-00545,sample_followup,2024-07-25,0,0
13051a0b,CUST-00545,reactivation,2024-09-21,0,0
d329742d,CUST-00546,welcome,2024-04-09,0,0
9d6942f9,CUST-00546,sample_followup,2024-05-02,1,0
104c7a2a,CUST-00546,post_purchase,2024-06-24,0,0
0a6ce7cd,CUST-00547,welcome,2024-10-25,0,1
2c0943e0,CUST-00547,sample_followup,2024-11-06,1,0
889f240e,CUST-00547,reactivation,2024-12-20,0,0
667f26b3,CUST-00548,welcome,2025-04-04,0,0
47fd6a69,CUST-00548,sample_followup,2025-04-16,1,0
de23e702,CUST-00548,post_purchase,2025-06-09,0,0
6f04628b,CUST-00549,welcome,2024-06-10,1,0
b50bf901,CUST-00549,sample_followup,2024-06-29,1,1
8785db83,CUST-00549,reactivation,2024-08-28,1,0
ea08ea52,CUST-00550,welcome,2024-11-05,1,0
df4f00ff,CUST-00550,sample_followup,2024-11-21,0,0
2387688a,CUST-00550,reactivation,2025-02-02,0,1
537539ad,CUST-00551,welcome,2024-06-05,0,0
13a9264a,CUST-00552,welcome,2025-08-14,1,0
5e703aa8,CUST-00552,sample_followup,2025-08-20,1,0
2b62f85f,CUST-00552,post_purchase,2025-10-02,1,0
c23ae359,CUST-00553,welcome,2024-11-15,1,0
b0c975b2,CUST-00553,sample_followup,2024-11-20,0,0
a3cf0342,CUST-00553,reactivation,2024-12-31,1,0
53625680,CUST-00554,welcome,2024-06-04,1,1
88fbafd8,CUST-00555,welcome,2024-08-30,0,0
253fb39a,CUST-00556,welcome,2024-01-15,1,0
6d601962,CUST-00556,sample_followup,2024-01-30,0,0
777ed0da,CUST-00556,post_purchase,2024-02-26,0,0
5ff039cd,CUST-00557,welcome,2024-07-29,0,0
12329e4d,CUST-00557,sample_followup,2024-08-14,1,0
7b081c16,CUST-00557,post_purchase,2024-09-03,0,1
97e98780,CUST-00558,welcome,2024-03-04,1,0
b92ade53,CUST-00558,reactivation,2024-06-03,0,0
eea3aacf,CUST-00559,welcome,2025-02-17,1,0
57770991,CUST-00559,sample_followup,2025-03-01,1,0
fb7b1242,CUST-00559,post_purchase,2025-04-15,0,0
7e1d83d8,CUST-00560,welcome,2024-01-04,1,1
b1bb2b66,CUST-00560,sample_followup,2024-01-14,0,0
0f9960a9,CUST-00560,project_nurture,2024-02-04,1,0
bb3a3521,CUST-00560,post_purchase,2024-02-11,1,0
5667e0ca,CUST-00561,welcome,2024-05-27,0,0
89a185b1,CUST-00561,sample_followup,2024-06-09,0,0
6e83a20a,CUST-00561,trade_engagement,2024-09-02,0,0
fc95c657,CUST-00562,welcome,2024-01-12,1,0
76629fe8,CUST-00562,sample_followup,2024-01-15,1,0
682916aa,CUST-00562,post_purchase,2024-03-08,0,0
e5fe637f,CUST-00563,welcome,2025-04-11,0,0
7f3514c9,CUST-00563,sample_followup,2025-04-17,1,0
5b7ae14d,CUST-00563,project_nurture,2025-05-23,0,0
e325ed89,CUST-00563,post_purchase,2025-06-04,0,0
d9a90ebd,CUST-00564,welcome,2025-02-17,1,0
e0588732,CUST-00564,post_purchase,2025-03-28,1,0
ec6ceb52,CUST-00565,welcome,2024-10-08,0,0
6abbec00,CUST-00565,sample_followup,2024-10-12,0,0
bcadfe82,CUST-00565,trade_engagement,2024-12-28,1,0
06703871,CUST-00566,welcome,2024-09-10,0,0
49a963a8,CUST-00566,sample_followup,2024-09-13,0,0
05e40081,CUST-00566,post_purchase,2024-10-04,1,0
6f59034c,CUST-00567,welcome,2025-06-20,1,0
5192dc9a,CUST-00567,sample_followup,2025-07-10,0,0
99b48438,CUST-00567,reactivation,2025-08-24,1,0
3e327d13,CUST-00568,welcome,2024-10-03,1,0
ad5bbf42,CUST-00568,sample_followup,2024-10-25,0,0
a6268483,CUST-00568,reactivation,2025-01-02,0,1
58ef7240,CUST-00569,welcome,2024-01-10,0,1
a0e4e4e1,CUST-00569,sample_followup,2024-01-26,1,1
18ad7e04,CUST-00569,post_purchase,2024-03-11,1,0
3e21b5e2,CUST-00570,welcome,2024-08-28,1,0
e2910cb2,CUST-00570,sample_followup,2024-09-04,0,0
257e16c5,CUST-00570,post_purchase,2024-10-19,0,0
f408c20b,CUST-00571,welcome,2024-01-02,1,0
852c409c,CUST-00571,sample_followup,2024-01-11,0,0
27d918e9,CUST-00571,post_purchase,2024-02-11,0,0
140a525c,CUST-00572,welcome,2024-04-09,0,0
49e1fd07,CUST-00572,sample_followup,2024-04-23,1,0
0092c628,CUST-00572,trade_engagement,2024-06-27,1,0
335a9fbb,CUST-00573,welcome,2024-01-03,1,0
a2bdc5dc,CUST-00573,sample_followup,2024-01-14,1,0
7b0447c1,CUST-00573,post_purchase,2024-03-06,1,0
cf574378,CUST-00574,welcome,2024-03-26,0,0
e22e0734,CUST-00574,sample_followup,2024-04-04,0,0
b5634d6f,CUST-00574,post_purchase,2024-06-01,1,0
413b4633,CUST-00575,welcome,2025-04-30,1,0
bf31cbcc,CUST-00576,welcome,2025-08-28,0,0
6bb55520,CUST-00576,sample_followup,2025-09-07,1,0
9124cdb9,CUST-00576,post_purchase,2025-10-07,1,0
420273b8,CUST-00577,welcome,2025-02-10,1,0
57b1818e,CUST-00578,welcome,2025-06-21,1,0
3819d77d,CUST-00579,welcome,2024-03-22,1,1
fe29e8b1,CUST-00579,sample_followup,2024-04-13,0,0
c5e1a501,CUST-00579,post_purchase,2024-05-04,0,0
a6bbaa74,CUST-00580,welcome,2024-08-09,1,0
96533923,CUST-00580,sample_followup,2024-08-16,1,1
ee0f77ed,CUST-00580,post_purchase,2024-09-11,1,0
fc6afefc,CUST-00581,welcome,2024-12-03,1,0
14bd2380,CUST-00581,sample_followup,2024-12-17,1,0
e5fd12ae,CUST-00581,post_purchase,2024-12-28,0,0
f2f4a566,CUST-00582,welcome,2025-01-14,0,1
c8b0c863,CUST-00582,sample_followup,2025-01-27,1,0
60f38157,CUST-00582,reactivation,2025-03-10,0,0
17b00569,CUST-00583,welcome,2024-05-07,1,0
2f404676,CUST-00584,welcome,2024-12-27,0,0
325165ea,CUST-00585,welcome,2024-08-19,0,0
08a5bca4,CUST-00585,sample_followup,2024-08-30,0,0
c4d020da,CUST-00585,post_purchase,2024-09-14,1,0
a3123872,CUST-00586,welcome,2025-02-23,1,1
243849c1,CUST-00587,welcome,2024-07-17,1,0
7cdf6940,CUST-00587,sample_followup,2024-07-23,1,1
d510f36e,CUST-00587,post_purchase,2024-09-13,0,0
acc86976,CUST-00588,welcome,2024-09-08,0,0
a7822ddc,CUST-00588,sample_followup,2024-09-22,0,0
70b0dea6,CUST-00588,trade_engagement,2024-11-26,0,0
df9e7eab,CUST-00589,welcome,2024-03-03,0,1
fac2adcc,CUST-00590,welcome,2024-04-17,0,0
f035eafc,CUST-00590,sample_followup,2024-05-10,1,0
cc6e277a,CUST-00590,post_purchase,2024-06-09,1,0
4aacc83f,CUST-00591,welcome,2024-12-05,0,0
dbfc5d60,CUST-00591,sample_followup,2024-12-13,1,0
68866330,CUST-00591,post_purchase,2025-01-31,1,0
32177b23,CUST-00592,welcome,2025-01-29,1,0
4d84084a,CUST-00592,sample_followup,2025-02-16,0,0
1653a9cc,CUST-00592,reactivation,2025-04-06,0,0
748d798b,CUST-00593,welcome,2025-01-23,1,0
f730b229,CUST-00593,post_purchase,2025-02-17,1,0
5182a4d7,CUST-00594,welcome,2025-06-21,1,0
a7dd5574,CUST-00594,trade_engagement,2025-08-02,0,0
af69556d,CUST-00595,welcome,2024-09-20,1,0
2119f925,CUST-00595,sample_followup,2024-10-11,0,1
5d6ef0c7,CUST-00595,post_purchase,2024-10-23,0,0
3a5f5000,CUST-00596,welcome,2024-03-16,1,0
8572e3f9,CUST-00596,sample_followup,2024-03-18,1,0
d57f9660,CUST-00596,trade_engagement,2024-05-21,0,0
64c5131d,CUST-00597,welcome,2025-02-21,1,0
d7537c24,CUST-00597,sample_followup,2025-03-04,1,0
86abbd77,CUST-00597,reactivation,2025-04-07,0,0
de05d24c,CUST-00598,welcome,2025-06-06,0,0
7fed660f,CUST-00598,sample_followup,2025-06-17,1,1
a57a52b3,CUST-00598,post_purchase,2025-08-14,0,0
3451e439,CUST-00599,welcome,2025-02-10,1,0
ee941ec8,CUST-00600,welcome,2024-09-27,1,0
dd1ff12f,CUST-00600,sample_followup,2024-10-12,1,0
88ab61c2,CUST-00600,trade_engagement,2024-11-30,0,0
cf577d5e,CUST-00601,welcome,2024-07-27,0,1
cda01384,CUST-00601,sample_followup,2024-08-15,0,0
3eb23007,CUST-00601,post_purchase,2024-09-10,1,0
190ac6d9,CUST-00602,welcome,2025-02-04,0,0
c422b3cc,CUST-00602,post_purchase,2025-02-23,1,0
66604b51,CUST-00603,welcome,2025-07-30,0,0
ecd074b5,CUST-00604,welcome,2024-11-18,0,0
b6e9829d,CUST-00604,sample_followup,2024-11-30,0,0
d95e43ff,CUST-00604,post_purchase,2025-01-19,0,0
556cf495,CUST-00605,welcome,2024-12-01,0,0
6f181acc,CUST-00606,welcome,2025-04-25,1,0
4e7698b1,CUST-00607,welcome,2025-08-13,0,0
c0cd02c4,CUST-00607,sample_followup,2025-08-24,0,0
e06bec25,CUST-00607,post_purchase,2025-09-16,1,0
ac066443,CUST-00608,welcome,2025-08-14,1,1
75b16111,CUST-00608,post_purchase,2025-09-02,1,0
24597a9f,CUST-00609,welcome,2024-08-27,0,0
06b0c028,CUST-00609,sample_followup,2024-09-10,1,1
ff7b7aff,CUST-00609,post_purchase,2024-11-07,1,0
34d71af0,CUST-00610,welcome,2024-05-04,0,0
caa171e0,CUST-00610,sample_followup,2024-05-11,1,0
ef83a90d,CUST-00610,post_purchase,2024-05-26,0,0
520f069b,CUST-00611,welcome,2024-10-09,1,0
07787fad,CUST-00611,post_purchase,2024-12-10,0,0
557026e0,CUST-00612,welcome,2024-06-05,0,1
1b0f4f12,CUST-00612,sample_followup,2024-06-21,0,1
652bbf08,CUST-00612,post_purchase,2024-07-09,1,0
477d46c0,CUST-00613,welcome,2024-04-26,0,0
d1ee5cca,CUST-00613,post_purchase,2024-06-06,1,0
a1a98328,CUST-00614,welcome,2025-08-08,0,0
3b97f376,CUST-00615,welcome,2024-09-13,1,0
20f97dc3,CUST-00615,sample_followup,2024-10-01,0,0
df500558,CUST-00615,post_purchase,2024-11-02,0,0
87dbde48,CUST-00616,welcome,2024-07-06,0,0
5bc9adf2,CUST-00616,sample_followup,2024-07-14,0,0
e640caa5,CUST-00616,post_purchase,2024-08-05,1,1
2e199ffe,CUST-00617,welcome,2025-05-15,0,0
cdd53a32,CUST-00617,sample_followup,2025-05-26,1,0
918f09a9,CUST-00617,post_purchase,2025-07-19,1,0
1d8e805d,CUST-00618,welcome,2025-06-08,0,0
cf2440e6,CUST-00618,sample_followup,2025-06-26,1,0
e5471246,CUST-00618,trade_engagement,2025-08-02,0,0
7b2a0ac3,CUST-00619,welcome,2024-08-20,1,0
ccf8b60a,CUST-00619,sample_followup,2024-08-31,0,0
80dec578,CUST-00619,post_purchase,2024-10-24,1,0
57424c8f,CUST-00620,welcome,2024-06-14,1,0
612b986d,CUST-00620,sample_followup,2024-06-21,0,0
20502044,CUST-00620,reactivation,2024-07-27,1,0
b4cf3845,CUST-00621,welcome,2024-05-01,0,0
bd923337,CUST-00621,sample_followup,2024-05-06,0,0
08587afa,CUST-00621,post_purchase,2024-06-01,1,0
47f9b8c0,CUST-00622,welcome,2024-10-26,0,0
f535a715,CUST-00622,sample_followup,2024-11-18,0,0
78b4be4f,CUST-00622,reactivation,2025-01-01,0,0
91a7621e,CUST-00623,welcome,2024-12-03,1,0
76933076,CUST-00623,sample_followup,2024-12-16,1,0
066d0cf7,CUST-00623,trade_engagement,2025-02-05,0,0
2c26e40c,CUST-00624,welcome,2024-04-21,1,1
8c9dcf5d,CUST-00624,sample_followup,2024-05-11,0,0
26ad085c,CUST-00624,reactivation,2024-06-09,0,0
b7d8fb3a,CUST-00625,welcome,2025-06-20,1,0
128fa90d,CUST-00625,sample_followup,2025-07-05,0,0
6dc2f97e,CUST-00625,trade_engagement,2025-08-16,0,0
dfc5c807,CUST-00626,welcome,2024-09-27,0,0
f4be11f4,CUST-00626,sample_followup,2024-10-04,0,0
0bc7dc8c,CUST-00626,reactivation,2024-12-23,0,0
dc696f62,CUST-00627,welcome,2024-04-03,1,0
12ba1d56,CUST-00627,sample_followup,2024-04-13,0,0
e9c679b4,CUST-00627,post_purchase,2024-05-29,0,0
7e27a6ca,CUST-00628,welcome,2024-07-23,0,0
5e1a1145,CUST-00628,sample_followup,2024-07-28,1,0
4d02aca7,CUST-00628,reactivation,2024-09-11,0,0
5ef895fd,CUST-00629,welcome,2024-02-12,1,0
19bd6628,CUST-00630,welcome,2024-08-10,1,0
490cbd86,CUST-00630,sample_followup,2024-08-29,1,0
6acf325f,CUST-00630,post_purchase,2024-10-13,0,0
bb89ba95,CUST-00631,welcome,2024-08-29,0,0
8db3ab82,CUST-00632,welcome,2025-06-04,0,0
29972f1e,CUST-00632,sample_followup,2025-06-10,1,0
42250f91,CUST-00632,post_purchase,2025-07-26,1,0
14c52477,CUST-00633,welcome,2024-03-07,0,0
2015b680,CUST-00634,welcome,2025-02-10,0,0
717f2004,CUST-00634,sample_followup,2025-02-21,0,0
37381b1f,CUST-00634,post_purchase,2025-04-19,0,1
4e173bd2,CUST-00635,welcome,2024-07-03,0,0
4fff98f4,CUST-00635,sample_followup,2024-07-16,0,0
cccef02a,CUST-00635,reactivation,2024-08-23,1,0
58c272c9,CUST-00636,welcome,2025-05-27,1,0
929a8f5b,CUST-00636,sample_followup,2025-06-01,1,0
87d75b19,CUST-00636,post_purchase,2025-06-16,1,0
2e6be1cd,CUST-00637,welcome,2024-03-13,1,0
ddc61efb,CUST-00637,sample_followup,2024-03-25,0,0
7c409058,CUST-00637,post_purchase,2024-04-12,1,1
d16a5e5d,CUST-00638,welcome,2024-11-16,1,0
fc02c5d8,CUST-00639,welcome,2025-02-03,1,0
a959483f,CUST-00639,post_purchase,2025-02-17,0,0
d3a16c76,CUST-00640,welcome,2024-11-25,0,0
d737991d,CUST-00640,sample_followup,2024-12-01,0,0
1df0f394,CUST-00640,post_purchase,2025-01-03,1,0
6a524498,CUST-00641,welcome,2024-10-22,0,0
8fc6f3a9,CUST-00642,welcome,2025-07-02,1,0
e8bec14a,CUST-00642,sample_followup,2025-07-13,0,0
23fb8c25,CUST-00642,post_purchase,2025-08-02,1,0
a9f50aa2,CUST-00643,welcome,2025-01-26,1,0
b6cd2fa4,CUST-00644,welcome,2024-08-22,1,0
e87ab9b4,CUST-00644,sample_followup,2024-09-06,0,0
3f252491,CUST-00644,post_purchase,2024-10-26,1,1
81da3d87,CUST-00645,welcome,2025-05-15,1,0
67964287,CUST-00645,sample_followup,2025-05-30,1,0
9627e8bb,CUST-00645,trade_engagement,2025-08-09,0,0
48b7c1f9,CUST-00646,welcome,2024-04-22,1,1
c7e7eace,CUST-00646,sample_followup,2024-05-10,0,1
4ae2fa15,CUST-00646,post_purchase,2024-07-02,1,0
31383d71,CUST-00647,welcome,2025-05-31,0,0
7cc3b32d,CUST-00648,welcome,2025-02-05,1,0
b9a4df71,CUST-00648,sample_followup,2025-02-21,1,0
19b58513,CUST-00648,reactivation,2025-03-29,0,0
1b5e443a,CUST-00649,welcome,2025-06-15,0,0
8fae1aa5,CUST-00649,sample_followup,2025-06-24,0,0
10d21853,CUST-00649,post_purchase,2025-07-17,1,1
baabd05e,CUST-00650,welcome,2024-10-17,1,0
2f5d43fe,CUST-00650,post_purchase,2024-12-01,1,0
900c22cd,CUST-00651,welcome,2024-05-28,0,0
ba702ea5,CUST-00652,welcome,2025-03-04,1,0
7e7f86ec,CUST-00652,sample_followup,2025-03-18,0,0
40142b27,CUST-00652,post_purchase,2025-04-25,1,0
32984f28,CUST-00653,welcome,2025-02-27,0,0
f179aa1e,CUST-00653,sample_followup,2025-03-15,0,0
7fd6d1df,CUST-00653,post_purchase,2025-05-10,0,0
04289fe1,CUST-00654,welcome,2025-06-28,0,0
24d9075a,CUST-00654,sample_followup,2025-07-11,0,0
84a8447c,CUST-00654,project_nurture,2025-08-18,1,0
c16aff66,CUST-00654,post_purchase,2025-08-10,1,0
fbf0c5ce,CUST-00655,welcome,2025-02-24,0,0
2de18f91,CUST-00655,sample_followup,2025-03-01,0,0
019de0cf,CUST-00655,reactivation,2025-04-27,0,0
0dc08957,CUST-00656,welcome,2025-01-07,0,0
0a32c848,CUST-00656,sample_followup,2025-01-19,0,1
f12f4da3,CUST-00656,post_purchase,2025-02-06,1,0
e77280e2,CUST-00657,welcome,2025-05-22,1,0
bced441f,CUST-00657,post_purchase,2025-06-22,0,0
42a961c3,CUST-00658,welcome,2024-02-03,1,0
7f14bda4,CUST-00658,sample_followup,2024-02-06,0,0
19edc513,CUST-00658,reactivation,2024-04-23,0,0
399b553d,CUST-00659,welcome,2024-09-25,1,0
eb1da527,CUST-00660,welcome,2024-01-25,1,0
44533db8,CUST-00661,welcome,2024-12-16,0,0
1929237f,CUST-00661,sample_followup,2025-01-08,0,1
3155ce1c,CUST-00661,post_purchase,2025-03-03,1,0
18a41f33,CUST-00662,welcome,2024-07-17,1,0
f89cdaaa,CUST-00663,welcome,2025-06-04,0,0
2013f9af,CUST-00663,post_purchase,2025-06-26,1,0
7cdb52f8,CUST-00664,welcome,2025-03-13,0,0
88b6f93c,CUST-00664,sample_followup,2025-03-20,1,0
6641c9a1,CUST-00664,post_purchase,2025-05-16,0,0
1e374c3f,CUST-00665,welcome,2025-01-06,1,0
b3a49747,CUST-00666,welcome,2024-11-17,0,1
d38a7834,CUST-00666,sample_followup,2024-12-03,0,0
a09b5e55,CUST-00666,post_purchase,2025-01-10,0,0
911ea2a4,CUST-00667,welcome,2024-06-02,0,0
c47823e1,CUST-00667,sample_followup,2024-06-08,0,0
efaee5a8,CUST-00667,trade_engagement,2024-07-17,0,0
4d9f7484,CUST-00668,welcome,2024-06-13,0,1
319cf879,CUST-00668,sample_followup,2024-06-19,0,0
c2b050c7,CUST-00668,post_purchase,2024-07-17,0,0
3322490d,CUST-00669,welcome,2025-01-18,1,0
4638113f,CUST-00669,sample_followup,2025-01-30,1,0
d0841b07,CUST-00669,reactivation,2025-03-28,0,0
5f63d0ce,CUST-00670,welcome,2024-07-19,0,0
9e040cf2,CUST-00670,sample_followup,2024-07-28,0,0
ec18224b,CUST-00670,post_purchase,2024-09-14,1,0
a8227775,CUST-00671,welcome,2024-07-17,0,0
0516de72,CUST-00671,sample_followup,2024-07-29,0,0
8288def2,CUST-00671,reactivation,2024-09-14,0,0
c4acc80a,CUST-00672,welcome,2024-05-04,1,0
c9aeb913,CUST-00672,sample_followup,2024-05-12,1,1
7159caa0,CUST-00672,trade_engagement,2024-07-27,0,0
59972335,CUST-00673,welcome,2025-09-01,1,0
e591969a,CUST-00673,sample_followup,2025-09-08,1,0
53dc7255,CUST-00673,post_purchase,2025-09-26,1,1
aca1c7f6,CUST-00674,welcome,2025-08-06,0,1
2e2cf035,CUST-00674,sample_followup,2025-08-17,0,0
c4152b87,CUST-00675,welcome,2024-03-13,1,0
8dd7c6a9,CUST-00675,sample_followup,2024-03-17,0,0
08f73fcb,CUST-00675,post_purchase,2024-04-10,1,1
b4ebe2c8,CUST-00676,welcome,2024-06-06,0,0
bd38c261,CUST-00676,sample_followup,2024-06-20,1,1
17b98ccf,CUST-00676,post_purchase,2024-07-30,1,0
007609ee,CUST-00677,welcome,2024-01-09,1,0
b8520976,CUST-00677,sample_followup,2024-01-17,1,0
62139292,CUST-00677,post_purchase,2024-03-07,1,1
747c8f69,CUST-00678,welcome,2025-08-31,0,0
47639d3d,CUST-00678,sample_followup,2025-09-08,0,0
3f40dc9b,CUST-00679,welcome,2025-05-19,0,0
8ddfe2e9,CUST-00679,sample_followup,2025-06-04,0,0
a2d5d052,CUST-00679,reactivation,2025-07-20,0,0
050a3c4f,CUST-00680,welcome,2025-01-12,1,1
870d1d44,CUST-00681,welcome,2024-07-29,0,1
704cb62a,CUST-00681,sample_followup,2024-07-31,1,0
53169b7a,CUST-00681,reactivation,2024-10-01,0,1
28648949,CUST-00682,welcome,2024-06-06,1,0
b1de1548,CUST-00682,sample_followup,2024-06-08,0,0
88d82c95,CUST-00682,reactivation,2024-08-19,0,0
6c3aa9da,CUST-00683,welcome,2024-10-06,1,0
de92dd43,CUST-00683,sample_followup,2024-10-23,0,0
b21634af,CUST-00683,project_nurture,2024-11-15,0,0
e54ba30c,CUST-00683,post_purchase,2024-11-24,1,0
fbba2a0d,CUST-00684,welcome,2025-05-22,1,0
80166cef,CUST-00684,sample_followup,2025-06-06,0,0
44790d11,CUST-00684,post_purchase,2025-07-06,1,0
f7cff114,CUST-00685,welcome,2025-03-06,1,0
268d6331,CUST-00686,welcome,2024-11-30,1,0
a16884d1,CUST-00686,sample_followup,2024-12-22,0,0
fb02dafb,CUST-00686,post_purchase,2025-02-19,1,0
94597393,CUST-00687,welcome,2024-04-09,1,0
f3545d85,CUST-00687,sample_followup,2024-04-19,0,0
46ef9d46,CUST-00687,post_purchase,2024-06-11,1,0
77e16dd3,CUST-00688,welcome,2024-02-13,1,0
524dcc88,CUST-00689,welcome,2025-08-25,0,0
5ce908d6,CUST-00689,sample_followup,2025-08-31,0,0
5eaa571f,CUST-00689,project_nurture,2025-09-24,1,0
380415be,CUST-00689,post_purchase,2025-10-07,1,0
5f977c39,CUST-00690,welcome,2024-03-12,0,0
9863484f,CUST-00691,welcome,2024-06-28,1,0
1fadfbd7,CUST-00691,sample_followup,2024-07-08,1,0
dfc75c5b,CUST-00691,reactivation,2024-09-22,0,0
a4090ac5,CUST-00692,welcome,2025-08-21,0,0
c04e0134,CUST-00692,sample_followup,2025-09-02,1,0
cdcdbf4d,CUST-00692,post_purchase,2025-10-26,1,0
29e9ad61,CUST-00693,welcome,2025-01-02,0,0
66c32ac7,CUST-00693,sample_followup,2025-01-15,0,0
1673b03b,CUST-00693,post_purchase,2025-01-28,1,0
e330b26a,CUST-00694,welcome,2025-02-05,1,0
4dab3f8e,CUST-00694,sample_followup,2025-02-20,1,0
71648d4d,CUST-00694,post_purchase,2025-04-12,1,0
01c8bdaa,CUST-00695,welcome,2024-05-11,0,0
4d1afe2a,CUST-00695,sample_followup,2024-05-17,1,0
e98a7960,CUST-00695,project_nurture,2024-06-18,0,0
ff25f711,CUST-00695,post_purchase,2024-06-09,1,0
1835b5d4,CUST-00696,welcome,2024-09-05,1,1
de4ddaf6,CUST-00696,sample_followup,2024-09-12,1,0
1e3cf950,CUST-00696,trade_engagement,2024-11-16,0,0
54f7c6c6,CUST-00697,welcome,2025-01-31,0,0
31e9a212,CUST-00697,post_purchase,2025-03-23,0,0
e7742a4e,CUST-00698,welcome,2024-12-23,0,0
b6a8dc41,CUST-00698,trade_engagement,2025-02-11,0,0
ac899a5a,CUST-00699,welcome,2025-04-19,0,0
48e73988,CUST-00699,sample_followup,2025-04-24,0,0
abc50ea2,CUST-00699,reactivation,2025-07-19,0,0
2cf0424f,CUST-00700,welcome,2024-09-16,0,1
8e9a7965,CUST-00700,sample_followup,2024-09-27,0,0
7918d6cf,CUST-00700,post_purchase,2024-11-02,0,0
7b6be9eb,CUST-00701,welcome,2024-04-21,1,0
3af3e34f,CUST-00701,sample_followup,2024-05-14,1,0
35acd494,CUST-00701,reactivation,2024-06-28,0,0
9680ada3,CUST-00702,welcome,2024-10-01,1,0
a442a8d3,CUST-00702,sample_followup,2024-10-15,0,1
c940b71d,CUST-00702,post_purchase,2024-11-10,1,0
92ef6be5,CUST-00703,welcome,2024-11-12,1,0
3935ba4c,CUST-00703,sample_followup,2024-11-22,0,0
0a416b56,CUST-00703,post_purchase,2025-01-04,0,0
e9b683f0,CUST-00704,welcome,2025-02-02,0,0
bc7280af,CUST-00704,sample_followup,2025-02-16,1,0
a0a6aa07,CUST-00704,reactivation,2025-04-08,0,0
591228ce,CUST-00705,welcome,2024-09-07,1,0
bc46bbc7,CUST-00705,sample_followup,2024-09-23,1,0
02c2055c,CUST-00705,post_purchase,2024-10-12,0,0
a519a597,CUST-00706,welcome,2024-08-23,0,0
a5cb4c50,CUST-00706,sample_followup,2024-08-29,1,0
dfe9286d,CUST-00706,post_purchase,2024-09-17,0,0
3f2bc32d,CUST-00707,welcome,2024-06-30,0,0
88282d33,CUST-00707,sample_followup,2024-07-05,0,0
2df12c40,CUST-00707,trade_engagement,2024-08-10,0,0
7f22c425,CUST-00708,welcome,2024-06-25,1,0
4eb8e8e5,CUST-00708,sample_followup,2024-07-16,0,0
185e14f6,CUST-00708,project_nurture,2024-08-16,1,0
5cfa35f9,CUST-00708,trade_engagement,2024-08-16,0,0
9d6ca55b,CUST-00709,welcome,2025-05-17,0,0
15cd58ac,CUST-00709,sample_followup,2025-06-07,0,0
532c1eaa,CUST-00709,reactivation,2025-07-30,1,0
1b1d8192,CUST-00710,welcome,2024-03-17,1,0
0004622e,CUST-00710,sample_followup,2024-03-19,0,0
648663d8,CUST-00710,reactivation,2024-05-13,0,0
b5606740,CUST-00711,welcome,2024-11-06,1,0
72a90f0c,CUST-00711,sample_followup,2024-11-22,0,0
2c7ed1a6,CUST-00711,reactivation,2025-02-14,0,0
b8117566,CUST-00712,welcome,2025-01-31,0,0
ad58c21e,CUST-00712,sample_followup,2025-02-06,0,0
70bd10dd,CUST-00712,post_purchase,2025-04-01,1,0
0689f20f,CUST-00713,welcome,2024-12-22,0,0
39c83c35,CUST-00714,welcome,2025-07-16,1,0
52a63895,CUST-00714,sample_followup,2025-07-23,1,0
6543e489,CUST-00714,post_purchase,2025-08-03,0,0
5272d0b7,CUST-00715,welcome,2025-07-15,1,1
e26217e0,CUST-00716,welcome,2025-05-21,0,0
50db497b,CUST-00716,sample_followup,2025-06-09,0,0
d1da1a4c,CUST-00716,trade_engagement,2025-08-17,0,0
d39f4169,CUST-00717,welcome,2025-09-01,1,0
65cab707,CUST-00717,sample_followup,2025-09-15,0,0
55b6c746,CUST-00717,post_purchase,2025-10-03,0,0
b7bd6226,CUST-00718,welcome,2025-02-27,1,0
10a427c3,CUST-00718,post_purchase,2025-03-30,1,0
8100f4f4,CUST-00719,welcome,2024-11-12,0,0
550b416a,CUST-00719,sample_followup,2024-11-24,1,0
51c20720,CUST-00719,reactivation,2024-12-27,1,0
2685b71f,CUST-00720,welcome,2025-05-20,0,0
de360072,CUST-00720,sample_followup,2025-05-27,0,0
9d3777f2,CUST-00720,reactivation,2025-06-28,1,0
3b79b5a5,CUST-00721,welcome,2025-08-20,0,0
f3c15360,CUST-00721,sample_followup,2025-09-01,0,0
282c1b5b,CUST-00721,post_purchase,2025-09-14,1,0
66df843a,CUST-00722,welcome,2025-02-07,0,0
7284d4e8,CUST-00722,sample_followup,2025-02-21,0,0
59816e7f,CUST-00722,post_purchase,2025-03-22,1,1
fa5284b9,CUST-00723,welcome,2024-05-10,1,0
d5f39882,CUST-00723,sample_followup,2024-05-23,0,0
ef2187c5,CUST-00723,reactivation,2024-07-02,0,0
cee3fd3a,CUST-00724,welcome,2024-12-20,0,0
fa537be6,CUST-00724,sample_followup,2025-01-03,0,0
39c6a7da,CUST-00724,reactivation,2025-03-16,0,0
b4f03748,CUST-00725,welcome,2024-07-08,1,0
f4b774e6,CUST-00725,sample_followup,2024-07-18,0,0
3547438c,CUST-00725,trade_engagement,2024-09-28,0,0
d9a44cea,CUST-00726,welcome,2025-05-29,0,0
220377b5,CUST-00726,sample_followup,2025-06-16,0,0
291f86d3,CUST-00727,welcome,2025-08-29,1,0
34668c79,CUST-00727,post_purchase,2025-11-01,0,0
5cf4e814,CUST-00728,welcome,2024-08-23,1,0
5e96525a,CUST-00728,sample_followup,2024-09-07,0,0
be2aaa18,CUST-00728,trade_engagement,2024-10-30,1,0
43cbff9d,CUST-00729,welcome,2024-11-10,0,0
6f8f9886,CUST-00730,welcome,2024-12-03,1,0
9060b1e7,CUST-00730,sample_followup,2024-12-09,0,0
a5288f5c,CUST-00730,post_purchase,2025-01-14,1,0
a7dee7b4,CUST-00731,welcome,2024-01-05,1,1
62b3c280,CUST-00732,welcome,2024-10-12,1,0
c0239af7,CUST-00732,sample_followup,2024-10-14,0,0
1021d297,CUST-00732,post_purchase,2024-11-02,1,0
2087597e,CUST-00733,welcome,2025-03-19,1,0
e32bbf3e,CUST-00733,sample_followup,2025-04-08,0,0
1c5d5633,CUST-00733,reactivation,2025-07-03,0,0
6fbba0a5,CUST-00734,welcome,2025-01-13,0,1
25d02e5e,CUST-00734,sample_followup,2025-01-25,0,1
a25566d4,CUST-00734,post_purchase,2025-02-09,0,0
123c3b36,CUST-00735,welcome,2024-05-03,0,0
26111356,CUST-00735,sample_followup,2024-05-06,1,0
4039da25,CUST-00735,post_purchase,2024-05-31,1,0
d5678733,CUST-00736,welcome,2024-11-04,1,0
9670e2f1,CUST-00737,welcome,2024-04-08,1,0
bbfb8c11,CUST-00737,trade_engagement,2024-06-14,0,0
c89015ed,CUST-00738,welcome,2025-07-14,1,0
d5a25b4f,CUST-00738,sample_followup,2025-07-29,0,0
029929b2,CUST-00739,welcome,2024-02-14,1,0
1662a2e2,CUST-00740,welcome,2025-08-06,1,0
ac4266bd,CUST-00740,sample_followup,2025-08-15,0,0
ddb6680f,CUST-00741,welcome,2024-03-02,1,0
502ac49a,CUST-00741,sample_followup,2024-03-22,0,0
64947fab,CUST-00741,post_purchase,2024-05-11,0,0
4292c80d,CUST-00742,welcome,2024-02-12,1,0
0e6cfc23,CUST-00743,welcome,2024-01-16,1,0
29983812,CUST-00744,welcome,2024-10-09,1,0
2dd1e719,CUST-00744,sample_followup,2024-10-19,1,0
ba15cda7,CUST-00744,post_purchase,2024-12-17,0,0
49346564,CUST-00745,welcome,2025-03-13,1,0
17c0c426,CUST-00745,sample_followup,2025-03-29,0,0
afa0988e,CUST-00745,post_purchase,2025-04-15,0,0
3b21ae26,CUST-00746,welcome,2024-10-02,1,0
f2bc34ac,CUST-00746,post_purchase,2024-11-18,1,0
60925559,CUST-00747,welcome,2025-08-12,0,1
e747e50d,CUST-00747,sample_followup,2025-08-31,0,1
12a9340f,CUST-00747,post_purchase,2025-10-27,0,0
01d01cdc,CUST-00748,welcome,2025-01-01,0,0
3ffe196b,CUST-00749,welcome,2024-03-20,1,1
fd5826c8,CUST-00749,sample_followup,2024-03-24,0,0
b6a96ff2,CUST-00749,post_purchase,2024-05-19,1,0
287832cc,CUST-00750,welcome,2025-04-06,1,0
244d6b2d,CUST-00751,welcome,2024-06-21,0,0
55a89698,CUST-00751,sample_followup,2024-07-09,1,0
e1342317,CUST-00751,reactivation,2024-09-22,0,0
ea40b945,CUST-00752,welcome,2025-08-09,0,0
f5fb8e20,CUST-00752,sample_followup,2025-08-15,1,1
e55ed595,CUST-00753,welcome,2024-07-29,1,0
faeb1df5,CUST-00753,sample_followup,2024-08-01,1,0
886795cd,CUST-00753,reactivation,2024-09-03,1,0
81e87693,CUST-00754,welcome,2025-03-22,0,0
5240eabb,CUST-00754,sample_followup,2025-04-11,0,0
acb3384d,CUST-00754,post_purchase,2025-05-03,1,0
10c34b64,CUST-00755,welcome,2025-07-03,1,0
65b5fd8a,CUST-00755,sample_followup,2025-07-22,0,0
0ef0b07f,CUST-00756,welcome,2025-07-06,1,0
2e786f0a,CUST-00756,sample_followup,2025-07-25,1,0
1bb93760,CUST-00756,post_purchase,2025-09-24,1,0
165f9037,CUST-00757,welcome,2024-03-15,0,0
20da7bfd,CUST-00757,sample_followup,2024-03-30,0,0
c206cbb3,CUST-00757,reactivation,2024-06-11,1,0
024c9e70,CUST-00758,welcome,2025-08-23,1,0
7ccfc83f,CUST-00758,sample_followup,2025-09-14,0,1
53977554,CUST-00758,project_nurture,2025-10-18,0,0
fe00cdd1,CUST-00758,post_purchase,2025-10-09,0,0
2b090a23,CUST-00759,welcome,2024-03-20,1,0
332d8563,CUST-00759,sample_followup,2024-03-30,1,1
0cc8e234,CUST-00759,reactivation,2024-05-20,0,0
aec5e0e3,CUST-00760,welcome,2025-06-27,1,0
041e230e,CUST-00760,sample_followup,2025-06-30,1,0
5876c67d,CUST-00760,reactivation,2025-08-31,0,0
95015735,CUST-00761,welcome,2025-02-25,0,0
7c48b4dc,CUST-00761,reactivation,2025-05-07,1,0
66992e4a,CUST-00762,welcome,2024-05-06,0,0
b8487d6a,CUST-00762,sample_followup,2024-05-16,1,0
c8bfc7bb,CUST-00762,reactivation,2024-07-15,1,0
98c53cf0,CUST-00763,welcome,2025-02-14,1,0
92527257,CUST-00764,welcome,2024-11-11,0,0
b8a6222c,CUST-00764,sample_followup,2024-11-18,1,0
35f2f8d4,CUST-00764,post_purchase,2025-01-06,0,0
bbe1486b,CUST-00765,welcome,2024-10-28,1,1
c07e43b8,CUST-00765,sample_followup,2024-11-07,0,0
22dcd05a,CUST-00765,reactivation,2024-12-05,0,0
2f7aee12,CUST-00766,welcome,2025-05-28,1,0
93a3fb82,CUST-00766,post_purchase,2025-07-22,0,1
94e5ea42,CUST-00767,welcome,2024-12-30,1,0
71ca06d2,CUST-00767,sample_followup,2025-01-05,1,0
29fc6a58,CUST-00767,post_purchase,2025-03-05,0,0
b5748ad3,CUST-00768,welcome,2025-02-19,1,1
1e893528,CUST-00768,sample_followup,2025-03-01,0,1
9e9092c0,CUST-00768,reactivation,2025-05-16,0,0
6427edfc,CUST-00769,welcome,2024-07-09,1,0
0a85f98a,CUST-00769,sample_followup,2024-07-11,0,0
0fbd4ed7,CUST-00769,trade_engagement,2024-09-28,0,0
c97b0885,CUST-00770,welcome,2024-01-05,0,0
f9b381c9,CUST-00770,sample_followup,2024-01-26,0,0
a27c6c2d,CUST-00770,post_purchase,2024-02-10,1,0
d958f069,CUST-00771,welcome,2024-08-09,1,0
f70a0dd5,CUST-00771,sample_followup,2024-08-12,0,0
f54bb55f,CUST-00771,reactivation,2024-09-10,0,0
a8bc41cd,CUST-00772,welcome,2025-05-20,1,0
821edd89,CUST-00772,post_purchase,2025-06-13,0,1
d30aad62,CUST-00773,welcome,2024-08-06,1,0
67f328e3,CUST-00773,sample_followup,2024-08-15,1,0
635df7ed,CUST-00773,reactivation,2024-10-22,0,0
0beb92bb,CUST-00774,welcome,2024-10-25,0,0
9d0be8ce,CUST-00774,sample_followup,2024-11-17,0,0
a0092523,CUST-00774,project_nurture,2024-12-07,0,0
06e8abd1,CUST-00774,post_purchase,2024-12-19,1,0
97a0f619,CUST-00775,welcome,2024-10-24,0,0
eef598a5,CUST-00775,sample_followup,2024-11-07,0,0
6a39a03d,CUST-00775,post_purchase,2024-12-10,1,0
2ce3824d,CUST-00776,welcome,2025-04-13,0,0
9d9c7a88,CUST-00776,sample_followup,2025-04-25,1,0
edae28e2,CUST-00776,post_purchase,2025-06-23,0,0
af910208,CUST-00777,welcome,2024-05-25,1,0
b7849d88,CUST-00777,sample_followup,2024-06-03,0,0
c28054a3,CUST-00777,project_nurture,2024-06-19,1,0
aa3d2412,CUST-00777,post_purchase,2024-07-23,1,0
6dfc1aa7,CUST-00778,welcome,2024-12-19,0,0
568923af,CUST-00778,sample_followup,2024-12-27,0,0
51bc1180,CUST-00778,post_purchase,2025-01-29,1,0
3c4629cd,CUST-00779,welcome,2024-07-14,0,1
48154511,CUST-00780,welcome,2024-11-15,0,0
9bf6f67a,CUST-00780,sample_followup,2024-12-01,1,0
8a3824cf,CUST-00780,post_purchase,2024-12-13,1,1
2adaebdc,CUST-00781,welcome,2024-01-28,1,0
7c63731f,CUST-00781,sample_followup,2024-02-11,1,0
ba3d5052,CUST-00781,post_purchase,2024-03-28,1,1
fd93578a,CUST-00782,welcome,2025-02-05,0,0
dc74976e,CUST-00782,sample_followup,2025-02-11,1,1
ac86d1ba,CUST-00782,reactivation,2025-04-10,0,0
f0bb5b10,CUST-00783,welcome,2024-06-14,0,0
9ca7f845,CUST-00783,post_purchase,2024-07-24,0,0
94868fe6,CUST-00784,welcome,2025-04-24,0,0
7cddf1e9,CUST-00784,sample_followup,2025-05-01,1,0
c088b84c,CUST-00784,trade_engagement,2025-06-17,1,0
591d7d45,CUST-00785,welcome,2024-05-05,0,0
c387a477,CUST-00785,reactivation,2024-06-23,1,0
32e5f7c3,CUST-00786,welcome,2024-04-07,1,0
bec1750b,CUST-00786,sample_followup,2024-04-11,0,0
b6db4d3c,CUST-00786,reactivation,2024-07-05,1,1
ba985631,CUST-00787,welcome,2025-05-19,0,0
858cea76,CUST-00787,sample_followup,2025-06-08,1,0
d274ab40,CUST-00787,reactivation,2025-08-02,1,0
767a88ae,CUST-00788,welcome,2025-07-07,1,0
f9e21a4b,CUST-00789,welcome,2025-03-15,1,0
29e6439f,CUST-00789,post_purchase,2025-04-20,0,1
b1c09cf8,CUST-00790,welcome,2024-06-25,0,1
f5005c09,CUST-00791,welcome,2025-04-04,0,0
02dacf2f,CUST-00791,sample_followup,2025-04-13,0,0
b36e8839,CUST-00791,trade_engagement,2025-05-25,0,0
ec04f4bc,CUST-00792,welcome,2024-01-18,0,0
7c5d863f,CUST-00793,welcome,2024-09-14,1,0
cd6cf3b0,CUST-00794,welcome,2025-07-13,0,0
183ee7a2,CUST-00794,sample_followup,2025-07-20,0,0
754d6b2f,CUST-00794,post_purchase,2025-09-16,1,0
73ddc291,CUST-00795,welcome,2025-04-18,0,0
d76541c3,CUST-00796,welcome,2025-06-13,1,0
f6617bb9,CUST-00797,welcome,2025-01-05,0,0
0aa47625,CUST-00797,sample_followup,2025-01-16,0,0
4e16d9ec,CUST-00797,reactivation,2025-03-09,0,0
fcecdd20,CUST-00798,welcome,2024-10-29,1,0
0b587772,CUST-00798,sample_followup,2024-11-12,0,0
63652a54,CUST-00798,reactivation,2025-02-06,1,0
08c2af39,CUST-00799,welcome,2024-12-02,0,0
676a842a,CUST-00799,sample_followup,2024-12-09,1,0
433a7507,CUST-00799,post_purchase,2025-01-25,1,0
60c9410d,CUST-00800,welcome,2024-09-27,0,0
e0091c3f,CUST-00800,sample_followup,2024-09-29,1,0
dd47f884,CUST-00800,trade_engagement,2024-10-30,0,0
c988e37f,CUST-00801,welcome,2024-02-19,0,0
63563aa6,CUST-00801,sample_followup,2024-02-23,1,1
5ddc6743,CUST-00801,post_purchase,2024-03-16,0,0
0f9d9224,CUST-00802,welcome,2025-03-13,1,0
3091edf5,CUST-00802,post_purchase,2025-05-12,0,0
113d08df,CUST-00803,welcome,2025-06-21,1,0
07012076,CUST-00804,welcome,2024-12-05,1,1
57a27205,CUST-00804,sample_followup,2024-12-20,0,0
2146284a,CUST-00804,post_purchase,2025-02-12,0,0
e9defb00,CUST-00805,welcome,2025-01-08,1,0
68e5aa28,CUST-00805,reactivation,2025-03-14,0,1
48972993,CUST-00806,welcome,2024-02-11,0,0
97ff9fb2,CUST-00806,trade_engagement,2024-05-05,1,0
7582c733,CUST-00807,welcome,2024-11-28,0,0
1821b3ef,CUST-00808,welcome,2025-01-28,1,0
e9834918,CUST-00809,welcome,2025-03-28,1,0
110f7144,CUST-00809,post_purchase,2025-05-01,1,0
89b5aca7,CUST-00810,welcome,2024-07-14,0,1
6b6c4c5a,CUST-00811,welcome,2024-07-28,1,0
7ab8b9af,CUST-00811,sample_followup,2024-08-13,0,0
4ddb1873,CUST-00811,post_purchase,2024-10-08,0,0
cf081f8a,CUST-00812,welcome,2024-04-03,0,0
7910eff0,CUST-00813,welcome,2025-04-26,1,0
6837ddf3,CUST-00814,welcome,2024-01-31,0,0
fcd2e909,CUST-00815,welcome,2024-08-30,1,0
e00e44bd,CUST-00815,sample_followup,2024-09-19,1,0
c18e2af9,CUST-00815,post_purchase,2024-11-08,0,0
e6af981f,CUST-00816,welcome,2024-09-17,0,0
7fdd29b3,CUST-00816,sample_followup,2024-10-03,1,0
8d5b723f,CUST-00816,post_purchase,2024-10-27,1,0
c61a4c55,CUST-00817,welcome,2025-06-16,0,0
a0434ad7,CUST-00817,sample_followup,2025-06-30,0,0
f3c1366b,CUST-00817,post_purchase,2025-08-13,0,0
bbf70cf7,CUST-00818,welcome,2025-01-17,0,0
5f69b20d,CUST-00819,welcome,2024-01-19,0,0
60d492b5,CUST-00819,sample_followup,2024-01-23,0,0
eb473fe4,CUST-00819,trade_engagement,2024-02-20,0,0
ab8dd11f,CUST-00820,welcome,2025-08-24,1,0
8aca0252,CUST-00820,sample_followup,2025-08-27,0,0
1ef0423f,CUST-00821,welcome,2024-04-06,1,0
95591b07,CUST-00821,sample_followup,2024-04-19,0,0
ecea0e37,CUST-00821,post_purchase,2024-05-05,0,1
4235385f,CUST-00822,welcome,2024-02-03,0,0
6a962eef,CUST-00822,sample_followup,2024-02-24,0,1
daeb69a3,CUST-00822,post_purchase,2024-03-25,0,0
ecf2afeb,CUST-00823,welcome,2024-10-16,0,0
ba6c07c1,CUST-00823,sample_followup,2024-10-24,1,0
ed1dfcef,CUST-00823,post_purchase,2024-11-24,0,0
f6fe371c,CUST-00824,welcome,2024-01-19,1,0
928fc29d,CUST-00824,sample_followup,2024-02-02,0,0
8b9a37d8,CUST-00824,post_purchase,2024-03-29,1,0
d313665a,CUST-00825,welcome,2024-06-20,0,1
e316256f,CUST-00825,sample_followup,2024-07-05,1,0
7fddbb3a,CUST-00825,reactivation,2024-08-07,0,0
5e5a25b2,CUST-00826,welcome,2024-01-09,1,0
d637d5c4,CUST-00826,sample_followup,2024-01-26,0,0
936663cd,CUST-00826,trade_engagement,2024-02-26,0,0
e9c14ac5,CUST-00827,welcome,2024-10-19,1,0
f0f2cd2b,CUST-00827,sample_followup,2024-10-30,0,0
b5fc1b11,CUST-00827,project_nurture,2024-12-03,0,0
05e161b6,CUST-00827,post_purchase,2024-11-14,0,1
ceafd319,CUST-00828,welcome,2025-04-04,0,0
ab1a85b8,CUST-00828,sample_followup,2025-04-10,0,0
9fd94217,CUST-00828,project_nurture,2025-05-19,1,0
48d3e66b,CUST-00828,post_purchase,2025-04-30,1,0
3f0c5f5c,CUST-00829,welcome,2025-03-16,1,1
bac488ad,CUST-00829,sample_followup,2025-03-21,0,0
580ebf5e,CUST-00829,post_purchase,2025-04-08,1,0
606f4544,CUST-00830,welcome,2025-02-17,1,0
183edc0a,CUST-00830,post_purchase,2025-04-06,1,0
d133f685,CUST-00831,welcome,2024-03-11,0,0
65f36b2f,CUST-00831,post_purchase,2024-05-11,0,0
7412dd0c,CUST-00832,welcome,2025-05-20,0,0
6d9f1f96,CUST-00832,sample_followup,2025-05-31,1,0
494124b5,CUST-00832,project_nurture,2025-06-24,0,0
0c0d7105,CUST-00832,post_purchase,2025-06-20,1,0
d3b6dae4,CUST-00833,welcome,2024-04-27,0,0
77ad615c,CUST-00833,sample_followup,2024-05-03,1,0
d0512d0d,CUST-00833,reactivation,2024-06-05,1,0
bbca4e77,CUST-00834,welcome,2024-01-30,0,0
76e73651,CUST-00834,sample_followup,2024-02-22,0,0
ae041fa4,CUST-00834,reactivation,2024-05-08,0,0
675c9ac6,CUST-00835,welcome,2025-04-01,0,0
c743d210,CUST-00836,welcome,2025-04-08,1,0
d87b9ef9,CUST-00836,sample_followup,2025-04-10,1,0
af2b6278,CUST-00836,post_purchase,2025-05-19,0,0
2d591798,CUST-00837,welcome,2024-06-11,1,0
d3f125a5,CUST-00837,trade_engagement,2024-09-08,0,0
d89c2231,CUST-00838,welcome,2024-08-23,0,0
3c503570,CUST-00838,sample_followup,2024-09-11,1,0
3c5facf3,CUST-00838,reactivation,2024-11-12,0,0
c7fd47d1,CUST-00839,welcome,2025-04-17,0,0
e7a6e68f,CUST-00839,reactivation,2025-06-03,0,0
3dcc2c39,CUST-00840,welcome,2025-03-16,1,0
0df88242,CUST-00840,sample_followup,2025-03-21,0,0
8a160df3,CUST-00840,post_purchase,2025-05-03,0,0
805cb052,CUST-00841,welcome,2024-02-13,1,0
809018ae,CUST-00841,sample_followup,2024-03-04,1,0
87427f63,CUST-00841,post_purchase,2024-05-05,1,0
f2de1b1c,CUST-00842,welcome,2024-07-29,0,0
4fd7e123,CUST-00842,post_purchase,2024-08-25,1,0
a1660cd4,CUST-00843,welcome,2024-09-26,0,0
15a6aff8,CUST-00844,welcome,2025-05-11,0,0
e934825d,CUST-00844,sample_followup,2025-05-20,0,0
bab9e119,CUST-00844,trade_engagement,2025-08-09,0,0
18fb0aad,CUST-00845,welcome,2025-02-08,0,0
a424f624,CUST-00845,sample_followup,2025-02-26,0,0
86064168,CUST-00845,trade_engagement,2025-04-14,0,1
1cfe5ba1,CUST-00846,welcome,2024-07-04,0,0
6018cacf,CUST-00846,post_purchase,2024-07-22,1,0
fe45c777,CUST-00847,welcome,2025-02-09,0,1
b2c7c068,CUST-00847,sample_followup,2025-03-02,1,1
06df1d30,CUST-00847,project_nurture,2025-03-15,1,0
ec525b57,CUST-00847,post_purchase,2025-03-14,0,0
e6f33783,CUST-00848,welcome,2025-05-25,1,1
6bfc17b0,CUST-00848,sample_followup,2025-06-09,0,0
f123f96b,CUST-00848,post_purchase,2025-07-16,0,0
0900180f,CUST-00849,welcome,2025-01-14,0,0
6b159595,CUST-00849,sample_followup,2025-01-17,1,0
cac90584,CUST-00849,post_purchase,2025-01-29,1,0
002c88df,CUST-00850,welcome,2025-05-01,1,0
8db426b4,CUST-00850,sample_followup,2025-05-14,0,0
6d56abad,CUST-00850,trade_engagement,2025-06-10,0,0
8eefe0a4,CUST-00851,welcome,2025-06-13,0,0
8fc48ff2,CUST-00852,welcome,2024-10-07,0,0
16763498,CUST-00852,sample_followup,2024-10-18,1,0
778ac4fb,CUST-00852,project_nurture,2024-11-18,0,0
a3d90e04,CUST-00852,trade_engagement,2024-11-17,0,0
f1f21538,CUST-00853,welcome,2024-09-29,0,0
d9029d48,CUST-00853,sample_followup,2024-10-09,1,0
605d9fec,CUST-00853,trade_engagement,2024-12-04,0,0
d3a80ded,CUST-00854,welcome,2024-04-25,0,0
0ceeef71,CUST-00854,sample_followup,2024-05-12,0,0
bab9fcda,CUST-00854,post_purchase,2024-07-09,1,0
f8079bee,CUST-00855,welcome,2025-07-23,1,0
93bfa09d,CUST-00855,post_purchase,2025-08-07,0,0
db5458f1,CUST-00856,welcome,2024-08-24,1,0
5d7fe0c4,CUST-00856,sample_followup,2024-09-09,0,0
39d601c2,CUST-00856,reactivation,2024-10-31,0,0
50d66744,CUST-00857,welcome,2025-03-12,1,0
c1281580,CUST-00857,sample_followup,2025-03-15,1,0
c2033e38,CUST-00857,post_purchase,2025-05-01,0,0
41593c48,CUST-00858,welcome,2024-11-25,0,0
93f37849,CUST-00858,sample_followup,2024-12-07,0,0
3a26f522,CUST-00858,trade_engagement,2025-02-20,0,0
f78ec7e4,CUST-00859,welcome,2025-08-16,0,0
5131b175,CUST-00860,welcome,2025-01-26,0,0
d3dee22f,CUST-00860,sample_followup,2025-02-15,1,0
36cf1a70,CUST-00860,post_purchase,2025-04-17,1,0
9cea72e2,CUST-00861,welcome,2024-08-06,1,0
18d48a19,CUST-00861,sample_followup,2024-08-17,0,0
97d18aff,CUST-00861,reactivation,2024-10-21,0,0
b860ecd6,CUST-00862,welcome,2025-01-31,1,1
8e63163a,CUST-00862,sample_followup,2025-02-08,1,0
7684a701,CUST-00862,trade_engagement,2025-03-24,0,0
2164ad2b,CUST-00863,welcome,2024-07-19,1,0
f654337a,CUST-00863,sample_followup,2024-08-04,0,0
844aafab,CUST-00863,post_purchase,2024-08-14,1,0
ac5716f1,CUST-00864,welcome,2025-02-07,1,0
d75fe145,CUST-00864,sample_followup,2025-02-18,0,0
2aafd55f,CUST-00864,post_purchase,2025-04-07,0,0
eb9f25b9,CUST-00865,welcome,2024-05-25,0,0
96df2d0d,CUST-00866,welcome,2025-06-17,0,0
3945c811,CUST-00866,sample_followup,2025-06-19,0,0
8779fa52,CUST-00866,reactivation,2025-08-21,0,0
31c4616b,CUST-00867,welcome,2024-01-24,0,0
1107adad,CUST-00867,sample_followup,2024-02-13,0,0
493121b4,CUST-00867,reactivation,2024-04-28,0,0
5b2dd3d0,CUST-00868,welcome,2024-03-16,0,1
2374dd80,CUST-00868,sample_followup,2024-03-20,0,0
0cbc53d7,CUST-00868,post_purchase,2024-04-02,0,0
00d767e5,CUST-00869,welcome,2024-06-16,1,1
ed4784cf,CUST-00869,sample_followup,2024-06-23,1,0
d39fce40,CUST-00869,post_purchase,2024-08-24,1,0
1b3cf6d5,CUST-00870,welcome,2024-02-21,0,0
f19f0c3b,CUST-00870,sample_followup,2024-03-08,1,0
f2ae67af,CUST-00870,reactivation,2024-06-01,0,0
a31f626a,CUST-00871,welcome,2024-01-07,0,0
a7c1d630,CUST-00871,sample_followup,2024-01-11,0,1
5f9fa74d,CUST-00871,post_purchase,2024-03-10,1,1
7be52321,CUST-00872,welcome,2024-04-04,0,0
698b817b,CUST-00872,sample_followup,2024-04-27,1,0
8ea7233a,CUST-00872,post_purchase,2024-05-29,1,0
088466ea,CUST-00873,welcome,2025-05-11,0,0
59ce2b5a,CUST-00873,sample_followup,2025-05-23,1,0
9ac0c239,CUST-00873,post_purchase,2025-07-08,0,0
1a8ac644,CUST-00874,welcome,2025-06-12,1,0
4f4b9fd5,CUST-00874,sample_followup,2025-06-22,1,0
b662e186,CUST-00874,post_purchase,2025-07-12,1,0
69231282,CUST-00875,welcome,2024-09-05,0,0
c0e208f9,CUST-00875,sample_followup,2024-09-14,1,0
94c9744c,CUST-00875,reactivation,2024-12-07,0,0
ee1b7061,CUST-00876,welcome,2024-07-01,0,0
caaeebf1,CUST-00876,sample_followup,2024-07-07,1,0
e62ebc8b,CUST-00876,post_purchase,2024-08-02,1,0
d4723b53,CUST-00877,welcome,2024-07-07,1,0
e28baae5,CUST-00877,sample_followup,2024-07-21,0,0
207fc2e7,CUST-00877,post_purchase,2024-08-04,0,0
f8734fec,CUST-00878,welcome,2025-02-03,0,0
8b932a0f,CUST-00879,welcome,2024-03-27,0,0
023cd00e,CUST-00879,sample_followup,2024-03-30,1,0
70c6fa3c,CUST-00879,post_purchase,2024-04-15,0,0
f6f7cfad,CUST-00880,welcome,2024-12-14,0,1
0086f6b4,CUST-00880,sample_followup,2024-12-20,0,1
ec24ff9c,CUST-00880,reactivation,2025-02-28,0,1
c16891e9,CUST-00881,welcome,2024-03-09,0,0
18df0905,CUST-00881,post_purchase,2024-05-03,1,0
d97ff1ac,CUST-00882,welcome,2024-10-19,0,1
dfe8161d,CUST-00882,reactivation,2024-12-08,0,0
92f0544f,CUST-00883,welcome,2025-01-18,1,0
4a49d3da,CUST-00883,post_purchase,2025-01-30,0,0
91dc3ef5,CUST-00884,welcome,2024-02-16,0,1
1e337db4,CUST-00884,sample_followup,2024-02-24,0,0
2bc05960,CUST-00884,reactivation,2024-05-16,1,1
7dbde90c,CUST-00885,welcome,2024-06-10,0,0
2ad16af8,CUST-00885,sample_followup,2024-06-15,1,1
ff3b2ee0,CUST-00885,post_purchase,2024-06-27,0,0
8a77aaa9,CUST-00886,welcome,2024-02-03,1,0
69371560,CUST-00886,sample_followup,2024-02-22,0,0
662c49d0,CUST-00886,post_purchase,2024-03-27,0,1
096bd641,CUST-00887,welcome,2025-07-24,0,0
6ec9078d,CUST-00887,sample_followup,2025-08-02,1,0
61397587,CUST-00887,project_nurture,2025-08-22,0,1
70513d04,CUST-00887,post_purchase,2025-09-09,0,1
b5626cd2,CUST-00888,welcome,2025-07-18,0,0
050e01e7,CUST-00888,sample_followup,2025-07-29,0,0
e6c03a72,CUST-00889,welcome,2025-07-03,0,0
d89adec0,CUST-00889,sample_followup,2025-07-20,0,1
6cec13b1,CUST-00889,post_purchase,2025-08-01,0,0
0f3e412b,CUST-00890,welcome,2025-01-20,1,0
8b443a2d,CUST-00890,sample_followup,2025-01-25,1,0
ecb8995a,CUST-00890,project_nurture,2025-02-20,1,0
b0b7d37b,CUST-00890,post_purchase,2025-03-28,0,1
03f88687,CUST-00891,welcome,2025-06-22,0,0
9ca1a9c0,CUST-00892,welcome,2024-05-11,1,0
758b760a,CUST-00892,sample_followup,2024-05-21,0,0
1b2901f0,CUST-00892,post_purchase,2024-07-14,1,0
6e40223e,CUST-00893,welcome,2024-02-29,0,0
cc419060,CUST-00893,sample_followup,2024-03-20,0,0
258ec635,CUST-00893,reactivation,2024-05-27,1,0
1131b3e1,CUST-00894,welcome,2024-03-17,1,0
17a82b85,CUST-00895,welcome,2024-09-11,1,1
33efe94e,CUST-00896,welcome,2025-02-20,1,0
68564675,CUST-00897,welcome,2025-02-08,1,0
587614a2,CUST-00897,sample_followup,2025-02-11,0,0
a711b3eb,CUST-00897,reactivation,2025-04-24,1,0
596c8f22,CUST-00898,welcome,2025-01-21,1,1
065baaeb,CUST-00898,sample_followup,2025-02-01,1,0
33329914,CUST-00898,reactivation,2025-04-16,0,0
fab13439,CUST-00899,welcome,2024-06-04,0,0
0bdee14e,CUST-00899,sample_followup,2024-06-25,0,0
6c1f9f49,CUST-00899,post_purchase,2024-07-19,1,0
4f789a08,CUST-00900,welcome,2024-10-16,1,0
374f6397,CUST-00900,trade_engagement,2024-11-22,0,0
8718ff9f,CUST-00901,welcome,2024-01-30,0,0
e51ca591,CUST-00901,sample_followup,2024-02-07,1,0
1c219680,CUST-00901,reactivation,2024-04-20,0,0
33619977,CUST-00902,welcome,2025-01-05,0,0
03efac03,CUST-00902,sample_followup,2025-01-20,1,0
4088e904,CUST-00902,post_purchase,2025-01-30,1,0
e9ad901a,CUST-00903,welcome,2024-12-16,1,0
4cbaab2b,CUST-00903,sample_followup,2025-01-01,1,0
dadb02b1,CUST-00903,post_purchase,2025-02-28,1,0
dab78085,CUST-00904,welcome,2024-09-11,1,0
531660c7,CUST-00904,sample_followup,2024-09-17,0,0
feef2510,CUST-00904,reactivation,2024-10-15,1,0
e22eaf63,CUST-00905,welcome,2025-06-28,1,0
47ef0ac3,CUST-00905,sample_followup,2025-07-17,1,0
cacdd475,CUST-00906,welcome,2025-06-02,1,0
ffc6b7ae,CUST-00907,welcome,2024-12-16,1,0
35064887,CUST-00907,sample_followup,2024-12-24,0,0
84c3046e,CUST-00907,reactivation,2025-01-22,0,0
8ffe53ff,CUST-00908,welcome,2025-03-26,1,0
01add497,CUST-00908,sample_followup,2025-03-28,0,0
9f473e60,CUST-00908,post_purchase,2025-04-17,0,0
39e4f1cc,CUST-00909,welcome,2024-05-07,0,1
ebb79064,CUST-00910,welcome,2024-12-26,0,1
8981ae40,CUST-00910,sample_followup,2025-01-17,0,0
9e9d794b,CUST-00910,reactivation,2025-03-07,0,0
f989c822,CUST-00911,welcome,2024-06-01,0,0
cd21a1a5,CUST-00912,welcome,2025-05-01,1,0
645fd1e3,CUST-00913,welcome,2025-04-16,1,0
d987a37b,CUST-00914,welcome,2024-01-16,1,0
d3af1143,CUST-00914,sample_followup,2024-02-04,0,0
cdc25c91,CUST-00914,reactivation,2024-04-02,0,0
d45c224f,CUST-00915,welcome,2024-09-26,1,0
5653a4d3,CUST-00915,sample_followup,2024-10-04,0,0
6a039746,CUST-00915,post_purchase,2024-11-22,1,0
36a302eb,CUST-00916,welcome,2024-07-08,1,0
9f7ccbf0,CUST-00916,sample_followup,2024-07-21,1,0
94077780,CUST-00916,trade_engagement,2024-10-11,0,0
d9afb0e2,CUST-00917,welcome,2024-10-06,1,0
b7c067a2,CUST-00917,sample_followup,2024-10-25,0,0
be19c613,CUST-00917,post_purchase,2024-12-22,0,0
ee4614f5,CUST-00918,welcome,2024-10-11,0,0
d4c6fe26,CUST-00919,welcome,2024-03-15,1,0
e938be9d,CUST-00919,sample_followup,2024-03-24,0,0
d73b6816,CUST-00919,reactivation,2024-06-10,1,0
613fa689,CUST-00920,welcome,2024-09-17,1,0
0c5867e0,CUST-00920,sample_followup,2024-10-10,1,1
2f6f8ac9,CUST-00920,post_purchase,2024-11-27,1,0
71cfae56,CUST-00921,welcome,2024-07-09,1,0
943d5c1b,CUST-00922,welcome,2024-08-01,1,1
2d2b491b,CUST-00922,sample_followup,2024-08-04,0,0
94fad9ae,CUST-00922,post_purchase,2024-08-20,1,1
e393b89e,CUST-00923,welcome,2024-10-17,1,1
6c157dc1,CUST-00923,reactivation,2024-12-06,0,0
1c09af11,CUST-00924,welcome,2025-08-10,0,1
d41e8d2b,CUST-00924,sample_followup,2025-08-23,0,1
1e13e19b,CUST-00924,post_purchase,2025-09-27,0,0
c7070fb7,CUST-00925,welcome,2024-07-10,0,0
6ad2c7ae,CUST-00925,sample_followup,2024-07-13,1,0
333d6353,CUST-00925,post_purchase,2024-08-24,0,0
6d5bf09d,CUST-00926,welcome,2025-07-28,1,0
e46c73ff,CUST-00926,sample_followup,2025-08-09,0,0
bd224797,CUST-00926,post_purchase,2025-10-07,0,0
cf84d9c3,CUST-00927,welcome,2024-09-22,1,0
20b9da7c,CUST-00927,sample_followup,2024-09-27,1,0
82dbfc72,CUST-00927,project_nurture,2024-10-21,0,0
c4b61a03,CUST-00927,post_purchase,2024-11-27,0,0
8bbcd8a3,CUST-00928,welcome,2024-03-04,1,0
ed6fbaf2,CUST-00928,sample_followup,2024-03-19,1,0
8bdb68aa,CUST-00928,post_purchase,2024-03-28,1,0
adb92c47,CUST-00929,welcome,2024-12-31,1,0
0df33cdc,CUST-00929,sample_followup,2025-01-21,1,0
263b61b1,CUST-00929,trade_engagement,2025-03-24,0,0
9e08472b,CUST-00930,welcome,2024-08-12,1,0
927c9fc8,CUST-00930,sample_followup,2024-08-18,0,1
66307365,CUST-00930,reactivation,2024-09-24,0,0
e2d010d2,CUST-00931,welcome,2024-11-14,1,1
81676051,CUST-00931,sample_followup,2024-11-23,0,0
76f0a973,CUST-00931,reactivation,2025-01-23,0,1
7e8bcd71,CUST-00932,welcome,2024-11-18,0,0
93f74fa3,CUST-00932,sample_followup,2024-12-11,1,0
779db85f,CUST-00932,project_nurture,2024-12-29,1,0
05c6b8d1,CUST-00932,post_purchase,2025-01-23,0,0
bb1f78e0,CUST-00933,welcome,2024-07-05,0,0
5f2bcf5d,CUST-00933,reactivation,2024-08-19,1,1
47033a22,CUST-00934,welcome,2024-04-21,1,0
2033a27a,CUST-00934,sample_followup,2024-04-26,0,0
ed575f2e,CUST-00934,reactivation,2024-06-20,0,0
ccc6d68a,CUST-00935,welcome,2024-11-19,1,0
9349e6fe,CUST-00935,sample_followup,2024-11-30,0,0
8f18affc,CUST-00935,reactivation,2025-02-15,1,0
b7f2712b,CUST-00936,welcome,2025-08-19,0,0
e4e73ecf,CUST-00936,sample_followup,2025-09-04,1,0
0637541d,CUST-00937,welcome,2025-05-03,0,0
168cad49,CUST-00937,post_purchase,2025-06-06,1,0
88ca705f,CUST-00938,welcome,2024-03-07,0,0
2ce6ee35,CUST-00938,sample_followup,2024-03-26,0,0
08d6ccc3,CUST-00938,post_purchase,2024-04-19,1,0
6f261384,CUST-00939,welcome,2024-02-19,1,0
21adf3ce,CUST-00939,sample_followup,2024-03-11,0,0
7cec1eb9,CUST-00939,post_purchase,2024-03-23,1,1
4f7b2037,CUST-00940,welcome,2024-09-15,0,0
1361964c,CUST-00940,sample_followup,2024-09-21,0,0
2952f851,CUST-00940,post_purchase,2024-10-01,1,1
778505b1,CUST-00941,welcome,2025-01-27,1,0
7356a32f,CUST-00941,sample_followup,2025-02-12,1,0
1234dfb0,CUST-00941,reactivation,2025-05-09,0,0
96edf73e,CUST-00942,welcome,2025-01-19,0,1
3a01f704,CUST-00942,sample_followup,2025-02-11,0,0
467496df,CUST-00942,post_purchase,2025-04-01,0,0
0a251203,CUST-00943,welcome,2025-01-03,0,0
b7e1b463,CUST-00943,sample_followup,2025-01-11,0,0
59ee772a,CUST-00943,post_purchase,2025-02-09,1,1
8d65fcb8,CUST-00944,welcome,2025-03-23,1,0
7e8a457d,CUST-00945,welcome,2025-01-22,0,1
089b346c,CUST-00945,sample_followup,2025-02-13,0,1
935b9823,CUST-00945,trade_engagement,2025-04-26,0,0
7ea4071c,CUST-00946,welcome,2024-06-05,1,0
f437f2e1,CUST-00946,post_purchase,2024-07-09,1,0
9d20232a,CUST-00947,welcome,2025-06-28,1,0
3b634d9c,CUST-00948,welcome,2025-08-07,0,0
72578641,CUST-00948,sample_followup,2025-08-21,1,0
94e9ad17,CUST-00948,post_purchase,2025-10-16,0,0
97635f3f,CUST-00949,welcome,2024-01-19,1,0
e96e63e4,CUST-00949,sample_followup,2024-01-30,0,0
c6218dc4,CUST-00949,post_purchase,2024-03-31,0,0
9fa2d45c,CUST-00950,welcome,2024-07-23,1,0
dc220e99,CUST-00951,welcome,2024-12-23,1,0
0cba8399,CUST-00951,sample_followup,2025-01-14,1,0
f66a048e,CUST-00951,post_purchase,2025-01-23,0,0
2dacb587,CUST-00952,welcome,2024-03-05,1,0
11b6afdb,CUST-00953,welcome,2024-07-31,0,0
809510b3,CUST-00953,post_purchase,2024-09-01,0,0
26675882,CUST-00954,welcome,2024-09-11,1,0
4981fe9b,CUST-00954,sample_followup,2024-09-17,0,0
01e7bdb5,CUST-00954,reactivation,2024-11-29,0,0
146d8e51,CUST-00955,welcome,2024-03-06,0,0
75b8da4f,CUST-00955,sample_followup,2024-03-19,1,0
cbc80c20,CUST-00955,reactivation,2024-04-15,0,0
8e02645c,CUST-00956,welcome,2024-09-30,1,0
8e78af4c,CUST-00956,sample_followup,2024-10-18,1,0
6d3352a9,CUST-00956,reactivation,2024-12-25,0,0
dcfb92b3,CUST-00957,welcome,2024-01-19,0,0
4de83076,CUST-00958,welcome,2024-05-22,1,0
d19edc71,CUST-00958,sample_followup,2024-05-31,1,0
f7b7151e,CUST-00958,reactivation,2024-08-13,0,0
d7271bf5,CUST-00959,welcome,2024-10-02,0,1
e4829dbc,CUST-00960,welcome,2025-04-14,0,0
c5787f94,CUST-00960,sample_followup,2025-04-24,0,0
7a2235f6,CUST-00960,post_purchase,2025-05-22,1,0
f8275e2a,CUST-00961,welcome,2025-07-04,0,0
6c1c94db,CUST-00961,sample_followup,2025-07-09,0,0
8cf4f490,CUST-00961,post_purchase,2025-07-28,1,1
fa1be0b1,CUST-00962,welcome,2024-03-04,0,0
993f6d20,CUST-00962,post_purchase,2024-04-18,0,0
0567271d,CUST-00963,welcome,2025-05-01,1,0
6744615a,CUST-00963,sample_followup,2025-05-07,0,0
cc71fca3,CUST-00963,post_purchase,2025-07-01,1,0
3f7766da,CUST-00964,welcome,2025-01-02,0,0
c1fdf56a,CUST-00964,sample_followup,2025-01-13,0,1
7b1f6ffa,CUST-00964,reactivation,2025-04-08,1,0
7e832306,CUST-00965,welcome,2024-02-06,1,0
4c2c489a,CUST-00965,reactivation,2024-03-25,1,0
320403de,CUST-00966,welcome,2024-12-18,0,0
58388f7d,CUST-00966,sample_followup,2025-01-02,1,0
c3229c1e,CUST-00966,post_purchase,2025-02-10,0,0
95c39aac,CUST-00967,welcome,2025-05-26,0,0
4cb8e5dd,CUST-00967,sample_followup,2025-06-03,1,0
d08a570f,CUST-00967,post_purchase,2025-08-04,1,0
d801d07d,CUST-00968,welcome,2024-05-11,1,0
f822ed41,CUST-00969,welcome,2024-06-10,0,0
729f891f,CUST-00969,sample_followup,2024-06-21,1,0
afbac1ca,CUST-00969,post_purchase,2024-07-20,0,0
3e9c17fd,CUST-00970,welcome,2025-01-07,1,0
e252211c,CUST-00970,sample_followup,2025-01-22,1,0
c67ce07f,CUST-00970,reactivation,2025-03-08,1,0
0cbf8cc4,CUST-00971,welcome,2024-11-04,0,0
15cd4594,CUST-00971,sample_followup,2024-11-07,1,0
f0c53614,CUST-00971,reactivation,2024-12-08,0,0
9959e0e1,CUST-00972,welcome,2024-07-06,1,0
6d5e6b41,CUST-00972,sample_followup,2024-07-19,0,0
2617a44a,CUST-00972,post_purchase,2024-09-09,1,0
8d3e3c65,CUST-00973,welcome,2024-08-20,1,0
efadffc8,CUST-00973,sample_followup,2024-09-12,1,0
335fb881,CUST-00973,post_purchase,2024-10-21,0,0
412df813,CUST-00974,welcome,2025-02-10,1,0
88c0b0d2,CUST-00975,welcome,2024-04-25,1,0
7bf8008c,CUST-00976,welcome,2025-09-01,1,0
fcfe3cb0,CUST-00977,welcome,2025-04-14,0,0
5cba8a65,CUST-00977,sample_followup,2025-05-06,0,0
f073a54a,CUST-00977,post_purchase,2025-06-21,1,0
8c7ba0a8,CUST-00978,welcome,2024-03-17,0,0
c2ef5f92,CUST-00978,sample_followup,2024-03-19,0,0
29c3d639,CUST-00978,post_purchase,2024-04-18,0,0
c9bc4ed4,CUST-00979,welcome,2025-06-20,0,0
c85ef0b2,CUST-00980,welcome,2024-09-09,0,0
58b0da7e,CUST-00980,sample_followup,2024-09-11,0,0
a132187c,CUST-00980,reactivation,2024-11-13,0,0
47d6b23f,CUST-00981,welcome,2024-02-19,1,0
16222ad5,CUST-00981,sample_followup,2024-03-03,0,0
5464f6cc,CUST-00981,reactivation,2024-03-30,0,0
03933a0e,CUST-00982,welcome,2024-01-22,0,1
4e04ad34,CUST-00982,sample_followup,2024-02-11,1,0
0abebaf1,CUST-00982,post_purchase,2024-04-06,1,0
cc71a3fb,CUST-00983,welcome,2024-02-14,1,0
d4990b49,CUST-00984,welcome,2025-02-16,0,0
7c441d3f,CUST-00984,sample_followup,2025-02-24,1,0
16bbda9a,CUST-00984,reactivation,2025-04-26,0,0
39e4a4d1,CUST-00985,welcome,2024-04-03,1,0
ec4e81ef,CUST-00985,sample_followup,2024-04-23,0,0
c337e843,CUST-00985,project_nurture,2024-05-11,1,0
01dd5125,CUST-00985,post_purchase,2024-06-13,0,0
d57ab758,CUST-00986,welcome,2025-02-24,1,0
580a004f,CUST-00987,welcome,2025-04-18,0,0
b57b5535,CUST-00987,sample_followup,2025-04-28,0,0
0e7ae5d6,CUST-00987,post_purchase,2025-05-15,1,1
cfd4eb75,CUST-00988,welcome,2024-04-15,0,0
f9a927f2,CUST-00988,sample_followup,2024-04-17,1,0
2817d166,CUST-00988,trade_engagement,2024-07-08,0,0
79c603d8,CUST-00989,welcome,2024-01-05,0,0
4eb72b8e,CUST-00989,sample_followup,2024-01-15,0,0
7f11b735,CUST-00989,post_purchase,2024-03-17,0,0
b41d6c15,CUST-00990,welcome,2025-03-12,0,0
97e5fdbb,CUST-00990,post_purchase,2025-04-11,1,0
390200b8,CUST-00991,welcome,2024-08-28,1,0
3964bead,CUST-00991,trade_engagement,2024-10-18,1,0
cede535d,CUST-00992,welcome,2024-07-10,1,1
c4799da1,CUST-00992,post_purchase,2024-08-04,1,0
6dd15428,CUST-00993,welcome,2024-02-28,1,0
54dd1d46,CUST-00994,welcome,2024-11-13,1,0
cf2c7d17,CUST-00994,sample_followup,2024-12-02,1,0
59e3a3e5,CUST-00994,post_purchase,2024-12-22,0,0
eae1ca80,CUST-00995,welcome,2025-07-01,1,0
6aa945d3,CUST-00995,sample_followup,2025-07-18,1,0
aeaabec1,CUST-00995,post_purchase,2025-08-05,0,0
4f937db5,CUST-00996,welcome,2025-08-08,0,1
5e7a24cb,CUST-00996,sample_followup,2025-08-10,1,0
696bb519,CUST-00997,welcome,2025-04-18,0,0
44fc59fe,CUST-00997,sample_followup,2025-04-30,0,0
ed120d0d,CUST-00997,post_purchase,2025-05-16,1,0
04a9b40b,CUST-00998,welcome,2024-04-24,1,0
ef8ce8c8,CUST-00998,post_purchase,2024-05-19,0,0
9b71781e,CUST-00999,welcome,2025-08-25,0,0
2603424b,CUST-00999,sample_followup,2025-09-05,0,0
1ba14622,CUST-00999,post_purchase,2025-10-23,1,0
5d3b9901,CUST-01000,welcome,2025-04-22,1,0
ac8aeeb2,CUST-01000,sample_followup,2025-05-03,1,1
13b597d9,CUST-01000,post_purchase,2025-06-15,1,0
971f9b59,CUST-01001,welcome,2025-07-03,0,0
bdff4c8c,CUST-01001,sample_followup,2025-07-11,1,1
b821060b,CUST-01001,post_purchase,2025-08-05,1,0
67c6d6e6,CUST-01002,welcome,2024-05-14,1,0
0c352652,CUST-01003,welcome,2024-05-11,1,0
4a5e5e87,CUST-01003,sample_followup,2024-05-18,1,0
a4afb43c,CUST-01003,project_nurture,2024-05-31,0,1
ed75fbcc,CUST-01003,post_purchase,2024-06-06,1,0
1d2839e0,CUST-01004,welcome,2024-01-23,0,0
72eb872f,CUST-01005,welcome,2025-08-05,0,1
ea58ebe7,CUST-01006,welcome,2024-08-29,0,0
da7930b5,CUST-01007,welcome,2025-07-09,0,0
5fbb07e7,CUST-01007,sample_followup,2025-07-26,1,1
e91b0e05,CUST-01007,post_purchase,2025-09-16,1,1
8ffe0854,CUST-01008,welcome,2024-03-29,0,0
2f530111,CUST-01008,reactivation,2024-04-30,1,0
5199c8ff,CUST-01009,welcome,2025-01-07,1,0
efad99b7,CUST-01010,welcome,2025-02-19,1,0
cc369880,CUST-01010,sample_followup,2025-02-24,0,0
5c394b53,CUST-01010,post_purchase,2025-03-13,1,0
8e167011,CUST-01011,welcome,2024-05-20,0,0
4835098e,CUST-01011,post_purchase,2024-06-18,1,0
34d73988,CUST-01012,welcome,2025-03-05,0,0
a924bc1c,CUST-01012,sample_followup,2025-03-08,0,0
0d78b6f5,CUST-01012,post_purchase,2025-03-22,1,0
986146cf,CUST-01013,welcome,2024-05-11,1,0
81e17031,CUST-01013,sample_followup,2024-05-24,0,0
bea402cb,CUST-01013,project_nurture,2024-06-26,0,0
f43c3e9b,CUST-01013,trade_engagement,2024-07-09,0,1
69596fe5,CUST-01014,welcome,2024-05-28,0,1
742adc05,CUST-01014,sample_followup,2024-06-11,0,0
d42e7cef,CUST-01014,trade_engagement,2024-07-24,1,0
caa6ef90,CUST-01015,welcome,2025-02-24,0,0
5b46dd4a,CUST-01015,reactivation,2025-04-01,0,0
8c7424d3,CUST-01016,welcome,2024-12-26,1,1
84145685,CUST-01017,welcome,2025-06-07,1,1
8926eacd,CUST-01017,sample_followup,2025-06-10,1,0
40043ea3,CUST-01017,post_purchase,2025-07-25,0,1
e8e8a04d,CUST-01018,welcome,2025-03-06,1,0
faa5e11a,CUST-01019,welcome,2024-09-20,1,0
f31b62df,CUST-01019,post_purchase,2024-11-15,1,1
52b08b3b,CUST-01020,welcome,2025-08-24,0,0
e6cd868b,CUST-01020,sample_followup,2025-09-08,1,0
228ac2ab,CUST-01020,post_purchase,2025-09-23,1,0
1a4ffa86,CUST-01021,welcome,2025-02-16,0,1
905dce84,CUST-01021,sample_followup,2025-02-21,0,0
0cba52bf,CUST-01021,reactivation,2025-04-01,1,0
f368b6a3,CUST-01022,welcome,2025-07-18,1,1
74ad899c,CUST-01022,sample_followup,2025-07-28,1,0
879b81f5,CUST-01022,post_purchase,2025-09-27,1,1
0f050f35,CUST-01023,welcome,2024-06-09,0,0
fa23b951,CUST-01024,welcome,2024-05-04,1,0
cb21871c,CUST-01024,sample_followup,2024-05-11,0,0
e54c71b7,CUST-01024,reactivation,2024-07-07,1,0
55cc967c,CUST-01025,welcome,2025-04-25,0,1
d9453c05,CUST-01025,post_purchase,2025-05-18,0,0
4ade14a1,CUST-01026,welcome,2024-08-21,0,0
16d09f04,CUST-01026,sample_followup,2024-09-04,0,0
18e50dcc,CUST-01026,reactivation,2024-10-03,1,0
8466c7a8,CUST-01027,welcome,2024-05-19,1,0
eb405a50,CUST-01027,sample_followup,2024-06-03,0,0
9fed4d96,CUST-01027,post_purchase,2024-08-02,1,0
f2546523,CUST-01028,welcome,2024-05-26,0,0
92341a07,CUST-01028,sample_followup,2024-05-28,0,0
633cde98,CUST-01028,post_purchase,2024-07-26,0,0
e15ff99e,CUST-01029,welcome,2024-10-27,1,1
bafbad4e,CUST-01029,post_purchase,2024-11-07,1,1
b9f43a69,CUST-01030,welcome,2025-07-18,0,0
055dd037,CUST-01030,sample_followup,2025-07-30,1,1
421289d5,CUST-01031,welcome,2024-06-09,1,0
e040fde3,CUST-01031,post_purchase,2024-07-24,0,0
039a55fe,CUST-01032,welcome,2024-06-08,0,0
8fbe1b05,CUST-01032,sample_followup,2024-06-22,1,0
be1f4d3a,CUST-01032,reactivation,2024-08-11,0,0
0d77f70a,CUST-01033,welcome,2025-01-02,1,0
3713da23,CUST-01033,sample_followup,2025-01-12,0,0
82595e3f,CUST-01033,reactivation,2025-03-26,1,0
064f9c05,CUST-01034,welcome,2025-06-27,1,1
0214a1bb,CUST-01034,sample_followup,2025-07-02,1,0
62b6aacb,CUST-01034,reactivation,2025-08-23,0,0
25e0ec04,CUST-01035,welcome,2025-07-23,1,0
b663e91b,CUST-01036,welcome,2024-07-31,0,0
d440c135,CUST-01036,sample_followup,2024-08-06,0,0
2b2f8e4c,CUST-01036,post_purchase,2024-08-18,0,0
0af27bf5,CUST-01037,welcome,2024-08-28,1,0
55898c38,CUST-01037,trade_engagement,2024-11-09,0,0
3a6daecf,CUST-01038,welcome,2025-04-06,0,0
8a82ccd7,CUST-01039,welcome,2024-12-14,0,0
37c48dac,CUST-01039,sample_followup,2024-12-21,1,0
abfd7bcc,CUST-01039,trade_engagement,2025-01-20,0,0
833d304a,CUST-01040,welcome,2024-04-19,0,0
cddd0263,CUST-01040,post_purchase,2024-05-10,1,0
ecd05d12,CUST-01041,welcome,2024-04-17,0,0
a0d53f1d,CUST-01041,sample_followup,2024-04-29,1,0
aefe85b2,CUST-01041,post_purchase,2024-06-02,1,0
d3da1a23,CUST-01042,welcome,2024-08-10,1,0
6060a40a,CUST-01042,sample_followup,2024-08-16,1,0
e8138ece,CUST-01042,project_nurture,2024-09-01,0,0
6eab59d2,CUST-01042,post_purchase,2024-09-30,1,0
7fbe055e,CUST-01043,welcome,2025-02-12,0,0
1501ff1e,CUST-01044,welcome,2024-06-11,1,0
9fc9396e,CUST-01044,sample_followup,2024-07-03,1,0
af35ae6a,CUST-01044,post_purchase,2024-09-03,1,0
8899a126,CUST-01045,welcome,2024-12-31,0,0
3fc6f014,CUST-01045,reactivation,2025-03-22,1,0
09879dd1,CUST-01046,welcome,2024-01-24,0,0
92161023,CUST-01046,trade_engagement,2024-04-24,0,0
f6089830,CUST-01047,welcome,2025-07-10,1,0
e38710ad,CUST-01047,sample_followup,2025-07-17,0,0
e182e9e5,CUST-01048,welcome,2024-03-02,0,0
d311e9f3,CUST-01048,post_purchase,2024-04-07,0,0
eac9c666,CUST-01049,welcome,2024-06-16,1,0
75d135fc,CUST-01049,sample_followup,2024-06-29,1,0
732e1be8,CUST-01049,post_purchase,2024-08-14,0,0
282b3341,CUST-01050,welcome,2024-05-01,1,0
3a8890de,CUST-01050,sample_followup,2024-05-04,1,0
35931047,CUST-01050,post_purchase,2024-06-10,0,0
0a81b6e7,CUST-01051,welcome,2025-02-15,1,0
387bbad7,CUST-01051,sample_followup,2025-03-01,1,0
7ae22706,CUST-01051,post_purchase,2025-04-07,1,0
93bde314,CUST-01052,welcome,2024-05-21,0,0
6623b874,CUST-01052,sample_followup,2024-05-31,0,0
8b29d821,CUST-01052,project_nurture,2024-06-30,0,0
38957b49,CUST-01052,post_purchase,2024-07-16,1,0
e906684d,CUST-01053,welcome,2024-09-18,1,0
7e01ff11,CUST-01053,sample_followup,2024-10-07,0,0
13d69eef,CUST-01053,reactivation,2024-11-15,0,0
007e2011,CUST-01054,welcome,2025-07-26,1,0
d3325ead,CUST-01054,sample_followup,2025-07-29,1,0
1fb1c184,CUST-01055,welcome,2024-11-25,1,0
9e66437e,CUST-01055,sample_followup,2024-12-12,0,0
ed4565a4,CUST-01055,reactivation,2025-02-24,0,0
cd8c8eca,CUST-01056,welcome,2024-06-26,1,0
b98bd815,CUST-01057,welcome,2024-11-04,0,0
58ac61f2,CUST-01057,post_purchase,2024-11-25,1,0
0ac977d6,CUST-01058,welcome,2025-03-31,1,0
c8e4b0a1,CUST-01059,welcome,2024-03-10,1,0
7fe094ab,CUST-01059,sample_followup,2024-03-18,0,0
f765be6b,CUST-01059,post_purchase,2024-05-03,0,0
c96cc78d,CUST-01060,welcome,2024-04-24,0,0
a5f22c24,CUST-01060,sample_followup,2024-05-12,0,1
72cdefad,CUST-01060,post_purchase,2024-06-01,1,0
881490b3,CUST-01061,welcome,2024-07-22,0,0
24b7c116,CUST-01062,welcome,2025-02-03,1,0
395f3fbe,CUST-01063,welcome,2024-02-03,1,0
52812367,CUST-01063,sample_followup,2024-02-13,0,0
4e24c41d,CUST-01063,post_purchase,2024-03-28,0,0
916aba1b,CUST-01064,welcome,2024-06-22,1,0
c8a6919b,CUST-01064,sample_followup,2024-07-02,1,0
70eb8633,CUST-01064,post_purchase,2024-08-16,1,0
93703385,CUST-01065,welcome,2024-05-21,0,0
594ae030,CUST-01066,welcome,2024-01-05,1,0
5723e341,CUST-01066,post_purchase,2024-02-10,1,0
61ea297e,CUST-01067,welcome,2024-02-22,1,1
12dbe31a,CUST-01067,sample_followup,2024-02-28,1,0
5c4c9af5,CUST-01067,reactivation,2024-05-19,0,0
25ee5812,CUST-01068,welcome,2024-05-15,1,0
2e8c955a,CUST-01069,welcome,2024-06-02,0,1
2303c6e5,CUST-01069,sample_followup,2024-06-05,0,0
f1c73e24,CUST-01069,post_purchase,2024-06-29,1,0
acff3145,CUST-01070,welcome,2025-05-10,1,0
c6b6f432,CUST-01070,sample_followup,2025-05-16,0,0
aef11a8c,CUST-01070,post_purchase,2025-06-30,0,0
6def83fd,CUST-01071,welcome,2024-12-04,1,0
6bc76ede,CUST-01071,sample_followup,2024-12-11,0,0
01ea9e7d,CUST-01071,reactivation,2025-02-01,1,0
c5bd2112,CUST-01072,welcome,2024-01-24,1,0
4263d226,CUST-01073,welcome,2025-03-30,0,0
a8a3b8a6,CUST-01073,sample_followup,2025-04-22,0,0
17524e61,CUST-01073,post_purchase,2025-06-23,1,0
ef39b1bd,CUST-01074,welcome,2025-03-05,0,0
5adbfa72,CUST-01074,sample_followup,2025-03-21,0,0
0098ffaa,CUST-01074,post_purchase,2025-04-12,1,0
dad9e66c,CUST-01075,welcome,2024-12-01,0,1
0c612798,CUST-01075,reactivation,2025-02-01,0,0
710c0fed,CUST-01076,welcome,2024-07-14,0,0
e64b686b,CUST-01076,sample_followup,2024-07-21,0,0
a633f013,CUST-01076,reactivation,2024-09-30,0,0
ef0a6fcb,CUST-01077,welcome,2025-03-01,1,0
5d53697e,CUST-01078,welcome,2025-08-17,1,0
3f86dcb0,CUST-01079,welcome,2024-01-03,1,1
5ff38a41,CUST-01079,sample_followup,2024-01-25,1,0
07fdbfe5,CUST-01079,post_purchase,2024-03-07,1,0
aac0525d,CUST-01080,welcome,2024-10-31,0,0
4f74d5cc,CUST-01080,sample_followup,2024-11-12,0,0
ccfa3ca4,CUST-01080,reactivation,2024-12-14,1,0
1d56c658,CUST-01081,welcome,2024-04-26,1,0
50da010b,CUST-01081,sample_followup,2024-05-15,0,0
295ef362,CUST-01081,post_purchase,2024-07-11,1,0
3ade56fc,CUST-01082,welcome,2025-06-19,1,0
6f9812de,CUST-01082,post_purchase,2025-07-10,1,0
2f03fe13,CUST-01083,welcome,2025-01-08,1,0
839b9174,CUST-01083,post_purchase,2025-02-27,1,0
29069ee9,CUST-01084,welcome,2024-11-12,0,0
5787a915,CUST-01085,welcome,2024-10-13,0,0
15a3b81c,CUST-01085,trade_engagement,2024-12-13,0,0
4a448892,CUST-01086,welcome,2024-05-11,0,0
a84816d4,CUST-01086,sample_followup,2024-05-22,1,0
2cb7ce8e,CUST-01086,reactivation,2024-08-15,0,0
8c3cfab1,CUST-01087,welcome,2024-09-20,1,0
ad2d361f,CUST-01087,sample_followup,2024-10-05,1,0
a8015a11,CUST-01087,reactivation,2024-11-12,1,0
732731ee,CUST-01088,welcome,2024-06-08,0,0
5f254bd7,CUST-01088,sample_followup,2024-06-17,0,0
fa3bf4c5,CUST-01088,reactivation,2024-08-10,1,0
b97dfb2d,CUST-01089,welcome,2025-06-20,1,0
34decd1b,CUST-01089,sample_followup,2025-07-11,1,0
6cbf322f,CUST-01089,post_purchase,2025-07-23,0,0
8f425c7a,CUST-01090,welcome,2024-11-09,1,0
6de76220,CUST-01090,post_purchase,2024-12-30,1,0
230ecb28,CUST-01091,welcome,2024-06-13,0,0
b08eb3fc,CUST-01091,sample_followup,2024-06-22,0,0
b1d73c54,CUST-01091,trade_engagement,2024-08-27,0,0
e0a2d6b4,CUST-01092,welcome,2025-08-06,1,0
427931b9,CUST-01092,sample_followup,2025-08-10,0,0
d1c75259,CUST-01092,post_purchase,2025-09-14,1,0
dd69cacb,CUST-01093,welcome,2024-10-25,1,0
a6ea7bbe,CUST-01093,sample_followup,2024-10-29,1,0
b0bd71d9,CUST-01093,post_purchase,2024-12-08,0,1
13fb877f,CUST-01094,welcome,2025-08-13,1,0
37199d33,CUST-01094,sample_followup,2025-08-17,1,0
f850b2e4,CUST-01094,post_purchase,2025-09-06,1,0
bacf69c9,CUST-01095,welcome,2025-07-02,1,1
e01fb1e0,CUST-01095,sample_followup,2025-07-19,1,0
6dceff76,CUST-01096,welcome,2025-07-25,0,0
e947393e,CUST-01096,sample_followup,2025-08-04,1,0
17e368d0,CUST-01097,welcome,2024-03-22,1,0
61f1e7ce,CUST-01098,welcome,2024-02-19,1,0
0d728db9,CUST-01099,welcome,2025-07-07,1,0
96a0a892,CUST-01099,sample_followup,2025-07-11,1,0
295f8999,CUST-01100,welcome,2024-09-02,0,1
daa9c633,CUST-01100,post_purchase,2024-10-03,1,0
1013ad51,CUST-01101,welcome,2024-07-28,1,0
b417fc69,CUST-01101,sample_followup,2024-08-07,0,0
330cdeab,CUST-01101,post_purchase,2024-09-17,1,0
833f0d2a,CUST-01102,welcome,2025-07-08,1,0
ae93643d,CUST-01102,sample_followup,2025-07-16,1,0
aa2cc89c,CUST-01102,post_purchase,2025-09-05,0,1
26f1c82f,CUST-01103,welcome,2024-01-20,0,0
ece4d1de,CUST-01103,sample_followup,2024-01-30,0,0
37b95c45,CUST-01103,reactivation,2024-04-09,0,0
9ea612b3,CUST-01104,welcome,2024-03-23,0,0
3b9ec580,CUST-01104,sample_followup,2024-04-07,0,0
ee5fe9cc,CUST-01104,project_nurture,2024-05-10,0,0
97cf4a4d,CUST-01104,post_purchase,2024-04-16,1,0
6cc30705,CUST-01105,welcome,2025-06-14,1,0
55743aa5,CUST-01105,sample_followup,2025-06-16,1,0
4fdbd8c2,CUST-01105,post_purchase,2025-08-04,0,0
45b819ce,CUST-01106,welcome,2024-03-02,1,0
4ca45c79,CUST-01106,sample_followup,2024-03-14,0,0
c633e968,CUST-01106,post_purchase,2024-05-14,1,0
b61fcf2f,CUST-01107,welcome,2024-09-21,0,0
d31cef88,CUST-01107,sample_followup,2024-10-03,0,0
edcafe48,CUST-01107,post_purchase,2024-11-03,1,0
b90805f6,CUST-01108,welcome,2024-06-21,1,0
a968e409,CUST-01108,sample_followup,2024-07-06,1,0
753b932a,CUST-01108,post_purchase,2024-07-15,1,0
43fe9cd8,CUST-01109,welcome,2025-01-10,0,0
74892a44,CUST-01109,sample_followup,2025-01-14,0,1
c72499cc,CUST-01109,post_purchase,2025-02-20,1,0
7722970e,CUST-01110,welcome,2024-09-28,1,0
373974e8,CUST-01110,sample_followup,2024-10-10,0,0
098bc4a8,CUST-01110,reactivation,2025-01-04,0,0
c510948e,CUST-01111,welcome,2024-11-04,1,1
de063aa1,CUST-01111,sample_followup,2024-11-11,0,0
df0bfbac,CUST-01111,post_purchase,2025-01-02,0,0
4087ae98,CUST-01112,welcome,2024-09-29,0,0
53c06f32,CUST-01112,sample_followup,2024-10-11,0,0
2ac2def6,CUST-01112,project_nurture,2024-10-25,0,0
6a5679d8,CUST-01112,post_purchase,2024-12-07,0,0
00dfbb2e,CUST-01113,welcome,2024-06-19,0,0
9cbd1c55,CUST-01114,welcome,2024-07-06,0,1
2dcbc988,CUST-01114,sample_followup,2024-07-13,1,0
34db05c2,CUST-01114,reactivation,2024-08-13,0,0
ba06f4e8,CUST-01115,welcome,2025-05-10,0,1
0d87c812,CUST-01116,welcome,2024-03-13,1,0
2a9a1677,CUST-01116,sample_followup,2024-03-22,0,0
22962a49,CUST-01116,reactivation,2024-06-03,0,0
ae86fa29,CUST-01117,welcome,2024-08-12,0,0
d0849454,CUST-01117,reactivation,2024-09-17,0,0
a44ccd03,CUST-01118,welcome,2024-09-01,1,0
afa6db36,CUST-01118,sample_followup,2024-09-12,0,1
879245f0,CUST-01118,reactivation,2024-11-24,1,0
af377d3f,CUST-01119,welcome,2025-03-21,1,0
8848b304,CUST-01119,reactivation,2025-05-08,1,1
9901f5b5,CUST-01120,welcome,2025-06-05,0,0
f5b35496,CUST-01121,welcome,2024-11-19,1,0
d0684a6f,CUST-01122,welcome,2025-07-09,1,0
6c4d403b,CUST-01122,sample_followup,2025-07-29,0,0
87570aea,CUST-01123,welcome,2024-05-27,1,1
7725fbcb,CUST-01123,sample_followup,2024-05-31,1,0
f7488425,CUST-01123,reactivation,2024-07-31,0,0
f1f40b79,CUST-01124,welcome,2024-10-23,0,0
9aedd263,CUST-01125,welcome,2024-07-17,0,0
9b9e9e7f,CUST-01125,sample_followup,2024-07-28,0,0
b4a7a233,CUST-01125,trade_engagement,2024-09-01,1,0
cee8682a,CUST-01126,welcome,2024-12-04,1,1
f055eaa5,CUST-01127,welcome,2025-01-14,0,0
a39d466c,CUST-01127,sample_followup,2025-01-16,1,0
4294d9d0,CUST-01127,post_purchase,2025-02-18,1,0
7a7d39b8,CUST-01128,welcome,2024-05-03,0,0
fe6a2d9c,CUST-01128,sample_followup,2024-05-08,1,0
b9ca39ed,CUST-01128,reactivation,2024-06-30,0,0
9d12b00a,CUST-01129,welcome,2025-02-13,0,0
0358a835,CUST-01129,sample_followup,2025-03-02,1,1
5b897a1e,CUST-01129,post_purchase,2025-05-01,0,0
654f6420,CUST-01130,welcome,2025-06-09,0,0
caa0d1e5,CUST-01131,welcome,2024-11-22,1,0
04d9008a,CUST-01131,sample_followup,2024-12-13,0,0
7727b9f2,CUST-01131,reactivation,2025-02-04,1,1
5de65d75,CUST-01132,welcome,2025-07-08,0,0
cfa4f0a7,CUST-01132,sample_followup,2025-07-20,0,0
d617019b,CUST-01132,post_purchase,2025-09-19,1,0
7e249e27,CUST-01133,welcome,2024-10-04,1,0
a3e7b251,CUST-01133,sample_followup,2024-10-21,0,0
56a1f017,CUST-01133,post_purchase,2024-11-13,1,0
ecef4971,CUST-01134,welcome,2025-03-19,1,0
62c3d15c,CUST-01134,sample_followup,2025-03-28,1,0
1f3e46bd,CUST-01134,post_purchase,2025-05-09,1,0
bf80a14e,CUST-01135,welcome,2025-03-24,0,0
c77312b9,CUST-01135,sample_followup,2025-04-06,0,0
3c22a7cf,CUST-01135,reactivation,2025-05-11,0,0
539191a3,CUST-01136,welcome,2025-06-11,1,0
68cffb49,CUST-01136,sample_followup,2025-06-19,0,0
9375dea7,CUST-01136,post_purchase,2025-07-24,0,0
23444e28,CUST-01137,welcome,2024-07-06,0,1
1ceb0703,CUST-01137,sample_followup,2024-07-17,1,0
9b894ed9,CUST-01137,post_purchase,2024-08-21,0,0
bca9b55b,CUST-01138,welcome,2025-05-01,0,0
f1be2a8f,CUST-01138,sample_followup,2025-05-24,1,0
90d80415,CUST-01138,reactivation,2025-07-10,0,0
4477dff1,CUST-01139,welcome,2025-04-04,0,0
44138a8d,CUST-01139,post_purchase,2025-06-04,1,0
ffae96c1,CUST-01140,welcome,2024-02-11,1,0
f4ba3b55,CUST-01140,sample_followup,2024-02-23,0,0
0527d108,CUST-01140,trade_engagement,2024-04-22,0,0
71a2612e,CUST-01141,welcome,2024-01-19,0,0
3d520c54,CUST-01141,sample_followup,2024-02-01,0,0
ce5b47c9,CUST-01141,post_purchase,2024-03-17,1,0
afa81dc9,CUST-01142,welcome,2024-01-29,0,0
ab581120,CUST-01142,post_purchase,2024-03-17,0,0
ea3fb4de,CUST-01143,welcome,2025-04-11,1,0
22f1e9f6,CUST-01143,sample_followup,2025-04-29,0,0
18e12dce,CUST-01143,post_purchase,2025-06-28,0,0
0174c1d9,CUST-01144,welcome,2024-12-04,1,1
1ae29ed3,CUST-01144,sample_followup,2024-12-18,0,0
0f9cecb0,CUST-01144,project_nurture,2025-01-12,0,0
7052bbf0,CUST-01144,post_purchase,2024-12-31,0,0
b204ffdd,CUST-01145,welcome,2024-11-27,0,0
33529359,CUST-01146,welcome,2025-04-07,0,0
b7be15ff,CUST-01147,welcome,2024-09-27,1,0
c5a40ab4,CUST-01148,welcome,2024-01-24,0,0
7850788b,CUST-01148,sample_followup,2024-02-03,0,0
517096a9,CUST-01148,post_purchase,2024-03-11,1,0
f9b95719,CUST-01149,welcome,2024-12-06,1,0
3384ca34,CUST-01149,sample_followup,2024-12-17,1,0
9c0385bb,CUST-01149,reactivation,2025-02-22,0,0
bf09ce3e,CUST-01150,welcome,2024-01-26,0,0
9e5fa7de,CUST-01150,sample_followup,2024-01-31,0,0
da86415c,CUST-01150,reactivation,2024-04-25,0,0
4a4791f7,CUST-01151,welcome,2024-04-28,1,0
652bc3a3,CUST-01151,sample_followup,2024-05-18,1,0
d2d92bca,CUST-01151,post_purchase,2024-07-14,0,0
d5001bc5,CUST-01152,welcome,2025-05-14,1,0
e1d84022,CUST-01152,sample_followup,2025-05-25,0,0
05481b3e,CUST-01152,post_purchase,2025-07-13,1,0
b42aa9eb,CUST-01153,welcome,2024-07-13,0,0
25ab0b19,CUST-01153,sample_followup,2024-07-17,1,0
995320d0,CUST-01153,post_purchase,2024-08-06,1,0
8d9a5852,CUST-01154,welcome,2024-08-02,0,0
3b8e481e,CUST-01154,sample_followup,2024-08-19,0,0
91a502af,CUST-01154,post_purchase,2024-09-22,1,0
c6a9abfd,CUST-01155,welcome,2025-02-09,0,0
b236b8b5,CUST-01155,sample_followup,2025-02-24,1,1
28bde630,CUST-01155,reactivation,2025-05-09,0,0
926885ac,CUST-01156,welcome,2025-08-20,1,0
831783f6,CUST-01156,sample_followup,2025-08-23,0,0
499b4b74,CUST-01156,post_purchase,2025-09-01,0,0
7ed2d8bf,CUST-01157,welcome,2024-10-05,1,0
354cb6bc,CUST-01157,sample_followup,2024-10-11,1,0
81331134,CUST-01157,trade_engagement,2024-11-30,0,0
e49c5d62,CUST-01158,welcome,2024-04-06,1,1
a9604cd2,CUST-01158,sample_followup,2024-04-08,1,0
b0937daa,CUST-01158,post_purchase,2024-04-29,0,0
59b09e80,CUST-01159,welcome,2024-03-28,1,0
e6e46e9f,CUST-01160,welcome,2024-03-21,0,0
8ed26e5d,CUST-01160,sample_followup,2024-03-31,1,0
18cb82e5,CUST-01160,post_purchase,2024-05-06,1,0
4d29d178,CUST-01161,welcome,2024-07-20,1,0
1096dc99,CUST-01162,welcome,2024-01-21,1,1
115d80da,CUST-01162,sample_followup,2024-01-31,1,1
6389dd45,CUST-01162,post_purchase,2024-02-15,1,0
5339ccce,CUST-01163,welcome,2024-10-12,0,0
931c479b,CUST-01163,sample_followup,2024-10-17,1,0
1350d5a7,CUST-01163,reactivation,2025-01-06,1,0
8aa0a0e7,CUST-01164,welcome,2024-08-17,1,0
f220cf38,CUST-01165,welcome,2024-09-18,1,1
a3db9cbe,CUST-01165,sample_followup,2024-10-03,0,0
b696461e,CUST-01165,post_purchase,2024-11-08,0,0
9fe52927,CUST-01166,welcome,2025-04-30,0,0
82fdc08f,CUST-01167,welcome,2024-07-01,0,1
fc255902,CUST-01168,welcome,2025-06-08,1,0
5c4b90a6,CUST-01168,sample_followup,2025-06-17,0,0
26b9c113,CUST-01168,reactivation,2025-08-08,0,0
6b5ad3b4,CUST-01169,welcome,2025-08-18,0,0
35688634,CUST-01169,sample_followup,2025-09-01,0,0
c6616d49,CUST-01169,post_purchase,2025-10-21,0,0
990be15a,CUST-01170,welcome,2024-08-06,0,0
00f86173,CUST-01170,sample_followup,2024-08-16,0,0
4a09a030,CUST-01170,trade_engagement,2024-09-16,0,0
4278ce76,CUST-01171,welcome,2024-03-27,0,0
3210c5bb,CUST-01171,sample_followup,2024-04-02,1,1
3e3f25a5,CUST-01171,reactivation,2024-06-17,1,0
b5a951e3,CUST-01172,welcome,2025-05-09,0,0
00398115,CUST-01172,sample_followup,2025-05-13,1,0
6452e7d3,CUST-01172,reactivation,2025-07-07,0,0
7139c053,CUST-01173,welcome,2025-08-16,1,0
56dd19f2,CUST-01173,sample_followup,2025-08-21,1,0
9a3cdd3a,CUST-01174,welcome,2025-08-10,0,1
20717428,CUST-01175,welcome,2025-02-24,0,0
1af458ad,CUST-01175,sample_followup,2025-02-28,1,0
fea41c50,CUST-01175,post_purchase,2025-04-03,1,0
ef13e7c4,CUST-01176,welcome,2024-10-06,1,0
56fac3dc,CUST-01177,welcome,2025-07-31,0,0
29ca2cb7,CUST-01177,sample_followup,2025-08-04,0,1
d01324d9,CUST-01178,welcome,2024-01-27,0,0
793b5478,CUST-01178,sample_followup,2024-02-05,0,0
88794cc2,CUST-01178,post_purchase,2024-02-18,1,0
70b9b8aa,CUST-01179,welcome,2025-07-21,1,0
f1753509,CUST-01179,sample_followup,2025-08-10,1,0
f17e4b66,CUST-01179,post_purchase,2025-09-22,1,0
4a7c1ee7,CUST-01180,welcome,2024-05-19,1,0
616dde8a,CUST-01180,sample_followup,2024-06-06,0,1
05b2c1b5,CUST-01180,project_nurture,2024-06-24,1,0
83ade3b2,CUST-01180,trade_engagement,2024-07-07,0,0
ac8d7df5,CUST-01181,welcome,2025-06-07,1,0
1fd08781,CUST-01181,sample_followup,2025-06-29,1,0
db74f529,CUST-01181,trade_engagement,2025-08-13,1,0
f3fb5f3e,CUST-01182,welcome,2024-02-20,1,0
59ebe5b5,CUST-01183,welcome,2025-07-16,0,0
178e04c6,CUST-01184,welcome,2024-10-17,0,0
1333be8f,CUST-01184,sample_followup,2024-11-04,0,0
7f039457,CUST-01184,post_purchase,2024-12-19,1,1
dd69fded,CUST-01185,welcome,2025-03-20,1,0
b362821d,CUST-01185,sample_followup,2025-03-26,0,0
b64775ba,CUST-01185,post_purchase,2025-05-15,1,0
86c4690c,CUST-01186,welcome,2025-01-23,0,0
8cc00e80,CUST-01186,sample_followup,2025-01-25,0,0
bacc00b2,CUST-01186,post_purchase,2025-02-20,1,0
b1a05796,CUST-01187,welcome,2024-06-15,1,0
082ef3be,CUST-01187,sample_followup,2024-07-01,0,0
03b9fd7f,CUST-01187,reactivation,2024-07-30,1,0
c9e26d41,CUST-01188,welcome,2025-04-09,0,1
44e58333,CUST-01188,sample_followup,2025-04-25,1,0
d98e27e2,CUST-01188,reactivation,2025-06-01,0,0
65f00aef,CUST-01189,welcome,2025-03-24,0,0
e21e69ab,CUST-01189,sample_followup,2025-04-09,1,0
9c86f67b,CUST-01189,reactivation,2025-05-07,0,0
473c3358,CUST-01190,welcome,2024-12-04,0,1
c0b05bfa,CUST-01190,post_purchase,2025-01-25,1,0
fdc05c66,CUST-01191,welcome,2024-03-29,1,0
b027f796,CUST-01191,sample_followup,2024-04-17,0,1
d921a52d,CUST-01191,post_purchase,2024-06-02,1,0
b2219bce,CUST-01192,welcome,2024-09-03,0,0
57c3ec3a,CUST-01193,welcome,2024-01-23,0,1
22a40270,CUST-01194,welcome,2024-06-06,1,1
dd4b65ff,CUST-01194,sample_followup,2024-06-12,0,0
1dccfbdc,CUST-01194,post_purchase,2024-07-11,1,0
6b13833e,CUST-01195,welcome,2024-01-22,1,0
b6381fce,CUST-01196,welcome,2025-05-26,1,0
be6ed7af,CUST-01196,sample_followup,2025-06-02,1,1
ed0d85fb,CUST-01196,post_purchase,2025-07-27,0,0
d92e7993,CUST-01197,welcome,2025-07-31,1,1
e7cf1db1,CUST-01197,sample_followup,2025-08-23,0,0
4aa70c23,CUST-01197,post_purchase,2025-09-15,0,0
6d1f40f8,CUST-01198,welcome,2025-03-22,0,1
e65b8504,CUST-01198,reactivation,2025-06-19,1,0
ca6463df,CUST-01199,welcome,2024-07-01,1,0
4269c14e,CUST-01199,sample_followup,2024-07-03,1,0
18c634ff,CUST-01199,post_purchase,2024-07-25,0,0
2c99995b,CUST-01200,welcome,2024-06-04,0,0
ba5cb26c,CUST-01200,sample_followup,2024-06-21,0,1
a2c86ab8,CUST-01200,project_nurture,2024-07-20,1,0
cf4fb3db,CUST-01200,post_purchase,2024-08-22,0,0
4c8ee2d8,CUST-01201,welcome,2024-11-13,0,0
0d89da80,CUST-01201,sample_followup,2024-11-19,0,1
2952450d,CUST-01201,reactivation,2025-01-14,0,0
570c020e,CUST-01202,welcome,2024-10-24,1,0
0d3d003e,CUST-01202,sample_followup,2024-11-05,0,0
77dfdb7c,CUST-01202,reactivation,2024-12-29,0,0
9111a8b1,CUST-01203,welcome,2025-04-28,0,0
f8bba1a7,CUST-01204,welcome,2024-03-03,1,0
1292b29b,CUST-01204,post_purchase,2024-04-23,1,0
9d7502c1,CUST-01205,welcome,2024-05-22,1,0
edaa39e3,CUST-01205,post_purchase,2024-06-20,1,1
ed40167a,CUST-01206,welcome,2025-08-02,1,0
915f67f7,CUST-01206,sample_followup,2025-08-24,0,0
1ee9eacf,CUST-01207,welcome,2025-05-24,0,0
108cc088,CUST-01207,sample_followup,2025-05-29,0,0
4cf66481,CUST-01207,post_purchase,2025-07-04,1,0
ca38a07a,CUST-01208,welcome,2025-05-15,1,0
05129863,CUST-01208,sample_followup,2025-05-28,1,0
1c0016d9,CUST-01208,post_purchase,2025-07-02,1,0
e4f68d01,CUST-01209,welcome,2024-05-04,1,0
eca38fec,CUST-01210,welcome,2024-04-23,1,1
add7328a,CUST-01210,sample_followup,2024-05-10,0,0
8762c514,CUST-01210,post_purchase,2024-06-16,1,0
70f01137,CUST-01211,welcome,2024-07-20,1,0
93b55ed0,CUST-01211,post_purchase,2024-08-07,0,1
7c651961,CUST-01212,welcome,2024-05-28,0,0
11274167,CUST-01213,welcome,2025-05-15,1,0
8fd4ed06,CUST-01213,sample_followup,2025-05-18,1,0
61e0c7e6,CUST-01213,post_purchase,2025-07-18,0,0
d4eee91f,CUST-01214,welcome,2024-09-17,1,0
6c6cac39,CUST-01214,sample_followup,2024-10-05,0,0
87aee069,CUST-01214,reactivation,2024-12-18,0,0
b12d88f1,CUST-01215,welcome,2024-09-17,0,0
2be521de,CUST-01215,sample_followup,2024-10-01,1,0
e9c8cd07,CUST-01215,reactivation,2024-12-26,1,1
8aaaecaa,CUST-01216,welcome,2024-01-02,1,0
d9d2959a,CUST-01216,sample_followup,2024-01-24,0,1
695631ce,CUST-01216,reactivation,2024-03-27,0,0
bfcc7771,CUST-01217,welcome,2024-03-11,1,0
e133d1a1,CUST-01217,sample_followup,2024-04-03,0,0
375568bc,CUST-01217,post_purchase,2024-05-14,1,0
e11e11ab,CUST-01218,welcome,2024-10-16,1,0
2adab3fc,CUST-01218,sample_followup,2024-10-26,1,0
3ba95918,CUST-01218,reactivation,2025-01-06,1,0
5ef77a8f,CUST-01219,welcome,2025-06-13,0,1
8cfba159,CUST-01219,sample_followup,2025-06-27,1,0
2ca515db,CUST-01219,reactivation,2025-08-03,0,0
e83f0406,CUST-01220,welcome,2024-01-30,1,0
bc26684c,CUST-01220,sample_followup,2024-02-12,1,0
24e6957b,CUST-01220,post_purchase,2024-03-07,0,0
a0e50941,CUST-01221,welcome,2025-04-25,0,0
da0d1567,CUST-01221,sample_followup,2025-05-07,1,0
4f4932a0,CUST-01221,post_purchase,2025-05-26,1,0
9dfd08e9,CUST-01222,welcome,2024-03-13,1,1
b0f8fd96,CUST-01223,welcome,2025-07-12,0,1
7896f390,CUST-01224,welcome,2025-05-11,0,1
301b5d0f,CUST-01224,sample_followup,2025-05-17,1,0
e897c100,CUST-01224,reactivation,2025-06-25,1,0
6e0625f6,CUST-01225,welcome,2024-05-30,0,0
a6e81fd2,CUST-01225,sample_followup,2024-06-12,1,0
609be282,CUST-01225,reactivation,2024-08-06,0,0
fe75984e,CUST-01226,welcome,2025-03-14,1,0
45ca75ae,CUST-01226,sample_followup,2025-03-28,0,0
f415fc7c,CUST-01226,post_purchase,2025-05-09,1,0
04f203a9,CUST-01227,welcome,2024-10-16,0,0
98a3e629,CUST-01227,sample_followup,2024-10-23,0,0
ad015a0d,CUST-01227,post_purchase,2024-12-10,1,0
01a1b9b1,CUST-01228,welcome,2024-03-26,0,0
b19709d4,CUST-01228,sample_followup,2024-03-29,1,0
5688278b,CUST-01228,trade_engagement,2024-06-22,0,0
5ab1ceae,CUST-01229,welcome,2024-08-14,1,0
92e79790,CUST-01229,sample_followup,2024-08-23,0,0
6ff71200,CUST-01229,reactivation,2024-10-29,0,0
445bb978,CUST-01230,welcome,2024-01-25,1,0
3ec19867,CUST-01230,sample_followup,2024-02-08,1,0
8aa13441,CUST-01230,project_nurture,2024-03-03,0,0
1ac779c6,CUST-01230,post_purchase,2024-02-19,0,1
49ab7b58,CUST-01231,welcome,2025-01-22,0,0
0a6dc80a,CUST-01231,reactivation,2025-04-04,1,0
1a967664,CUST-01232,welcome,2024-08-29,0,0
1a55395a,CUST-01232,post_purchase,2024-09-09,1,1
29ee0bb3,CUST-01233,welcome,2024-11-14,0,0
516b67cf,CUST-01233,sample_followup,2024-11-26,0,1
c04f03b6,CUST-01233,post_purchase,2024-12-21,1,0
a90bdaf5,CUST-01234,welcome,2024-01-27,0,0
b0df77a2,CUST-01234,sample_followup,2024-02-16,0,0
a4f8c275,CUST-01234,reactivation,2024-05-07,1,0
993e554b,CUST-01235,welcome,2024-04-01,0,0
e68bb851,CUST-01235,sample_followup,2024-04-22,0,0
08444576,CUST-01235,reactivation,2024-05-25,0,0
ceea39ba,CUST-01236,welcome,2025-03-09,0,0
5ab69e23,CUST-01236,sample_followup,2025-03-18,0,1
512d747e,CUST-01236,post_purchase,2025-04-04,0,0
161af775,CUST-01237,welcome,2025-01-02,0,0
577db28a,CUST-01237,sample_followup,2025-01-07,1,0
62547953,CUST-01237,reactivation,2025-03-11,0,0
604c2d62,CUST-01238,welcome,2025-02-09,0,0
ef5aad97,CUST-01238,post_purchase,2025-03-10,0,0
61af8b0c,CUST-01239,welcome,2025-05-23,1,0
765dcdaa,CUST-01239,sample_followup,2025-06-04,0,0
f839a1a7,CUST-01239,post_purchase,2025-08-01,1,0
0e23c7b3,CUST-01240,welcome,2024-04-06,1,0
419eb501,CUST-01240,sample_followup,2024-04-09,0,0
b47a7de0,CUST-01240,trade_engagement,2024-06-03,0,0
f1cf7556,CUST-01241,welcome,2024-02-21,0,1
a2eac719,CUST-01241,sample_followup,2024-02-25,0,0
8e12dbad,CUST-01241,post_purchase,2024-03-06,0,1
1a1bc526,CUST-01242,welcome,2024-05-02,1,0
e90b5cdd,CUST-01242,sample_followup,2024-05-08,0,0
dd7fe889,CUST-01242,post_purchase,2024-06-02,1,0
1df36b3e,CUST-01243,welcome,2024-12-01,0,0
251f073e,CUST-01243,sample_followup,2024-12-10,0,0
2120778b,CUST-01243,reactivation,2025-02-25,1,0
64de4538,CUST-01244,welcome,2024-09-18,0,0
e3df6b04,CUST-01245,welcome,2024-10-02,0,0
f755e655,CUST-01246,welcome,2025-02-06,0,0
abbb08f0,CUST-01246,sample_followup,2025-02-24,1,0
be83aae5,CUST-01246,trade_engagement,2025-04-27,1,0
b3dc8232,CUST-01247,welcome,2025-03-17,1,1
4cadfc0f,CUST-01247,sample_followup,2025-03-20,0,1
6215827d,CUST-01247,post_purchase,2025-05-14,1,0
d73ef9b4,CUST-01248,welcome,2025-04-24,0,0
52289799,CUST-01248,sample_followup,2025-05-16,1,0
63a6e742,CUST-01248,project_nurture,2025-05-28,1,0
5043b20f,CUST-01248,post_purchase,2025-07-04,1,0
f488e6fe,CUST-01249,welcome,2024-08-27,0,0
c417fd93,CUST-01249,sample_followup,2024-08-30,0,0
b0693ae7,CUST-01249,trade_engagement,2024-10-05,0,0
a5474c4b,CUST-01250,welcome,2024-12-19,1,0
4823fd78,CUST-01251,welcome,2025-03-18,0,0
11329713,CUST-01251,sample_followup,2025-03-25,0,0
477b1fda,CUST-01251,reactivation,2025-06-04,1,0
b152bb1a,CUST-01252,welcome,2024-04-21,1,1
48ee24d9,CUST-01253,welcome,2025-03-10,1,0
8c80217b,CUST-01253,sample_followup,2025-04-01,1,1
fe5cab5d,CUST-01253,project_nurture,2025-04-17,1,0
eec4f6a2,CUST-01253,post_purchase,2025-05-30,0,0
b0864e08,CUST-01254,welcome,2024-12-04,0,1
115ccf8b,CUST-01255,welcome,2024-06-27,0,0
2b2ff018,CUST-01255,sample_followup,2024-07-15,0,1
fa012fc5,CUST-01255,post_purchase,2024-08-31,1,1
06a72010,CUST-01256,welcome,2024-09-10,1,0
0dba82f6,CUST-01256,sample_followup,2024-09-24,0,0
d041113b,CUST-01256,post_purchase,2024-11-11,0,0
fc6628b0,CUST-01257,welcome,2024-04-20,0,0
612e5fa3,CUST-01257,sample_followup,2024-05-04,0,0
feac5801,CUST-01257,post_purchase,2024-06-09,1,1
c894a6c5,CUST-01258,welcome,2024-09-10,1,0
d4b922dd,CUST-01258,post_purchase,2024-09-22,1,0
848af6a1,CUST-01259,welcome,2024-07-21,0,1
14375e0e,CUST-01259,sample_followup,2024-08-08,0,0
02546b58,CUST-01259,post_purchase,2024-08-20,1,0
a829547b,CUST-01260,welcome,2025-04-16,0,0
ad545a28,CUST-01260,sample_followup,2025-04-21,1,0
79cbd2f0,CUST-01260,post_purchase,2025-05-11,1,0
c986f33e,CUST-01261,welcome,2024-08-29,0,0
b46fd5d7,CUST-01262,welcome,2025-02-01,1,0
aa4e3967,CUST-01262,sample_followup,2025-02-14,0,0
1159718e,CUST-01262,reactivation,2025-04-20,1,0
3381c83a,CUST-01263,welcome,2025-05-13,1,1
9b9bc6d1,CUST-01263,reactivation,2025-07-11,1,0
b457a326,CUST-01264,welcome,2024-01-30,1,0
3bfd7093,CUST-01264,sample_followup,2024-02-04,0,0
178ca0b4,CUST-01264,post_purchase,2024-02-29,0,1
9b29b967,CUST-01265,welcome,2025-03-26,0,0
aeee562b,CUST-01266,welcome,2024-04-20,1,0
c01157d7,CUST-01267,welcome,2024-07-20,0,0
6a0e1255,CUST-01267,sample_followup,2024-08-03,0,0
7745e6c8,CUST-01267,reactivation,2024-10-25,0,0
267b67d7,CUST-01268,welcome,2024-10-31,0,0
9d32a660,CUST-01268,sample_followup,2024-11-07,1,0
45e43e7a,CUST-01268,reactivation,2024-12-17,0,0
ce0e2613,CUST-01269,welcome,2025-02-02,1,0
b7dcf81a,CUST-01269,sample_followup,2025-02-16,0,0
948a82b5,CUST-01269,post_purchase,2025-04-09,1,0
29959e5c,CUST-01270,welcome,2024-05-29,1,1
fca4925b,CUST-01270,sample_followup,2024-06-05,1,0
b8bd0339,CUST-01270,post_purchase,2024-06-24,1,1
baff99e7,CUST-01271,welcome,2024-02-25,1,0
3a135484,CUST-01271,post_purchase,2024-03-17,1,1
d8670106,CUST-01272,welcome,2025-07-21,0,0
03e00fad,CUST-01272,sample_followup,2025-08-12,0,0
b7f172d1,CUST-01273,welcome,2024-04-07,1,0
1ee3ebbb,CUST-01274,welcome,2025-07-29,0,0
d89415ea,CUST-01274,sample_followup,2025-08-18,1,0
64097b17,CUST-01275,welcome,2024-01-15,0,0
8cc0ad97,CUST-01276,welcome,2024-09-05,1,0
a72c9753,CUST-01276,sample_followup,2024-09-26,1,0
4af728e9,CUST-01276,reactivation,2024-11-15,0,0
d63daeb7,CUST-01277,welcome,2024-08-29,0,0
20472add,CUST-01278,welcome,2024-11-26,1,0
2d77151c,CUST-01278,sample_followup,2024-11-30,0,0
529ba733,CUST-01278,post_purchase,2025-01-09,0,1
f3eee092,CUST-01279,welcome,2025-08-09,0,0
f67389e1,CUST-01279,sample_followup,2025-08-14,1,0
995faf23,CUST-01279,post_purchase,2025-10-11,1,0
10d90909,CUST-01280,welcome,2024-11-10,1,0
307e8da4,CUST-01280,sample_followup,2024-12-01,0,0
b16df370,CUST-01280,reactivation,2025-02-23,1,0
2f9fcb5c,CUST-01281,welcome,2025-02-15,1,0
9ddc3dbf,CUST-01281,sample_followup,2025-02-21,0,0
15d83689,CUST-01281,project_nurture,2025-03-07,1,0
ba39ea52,CUST-01281,post_purchase,2025-04-18,1,0
e07959cb,CUST-01282,welcome,2025-02-26,1,0
ce1c0559,CUST-01282,sample_followup,2025-03-05,1,0
d2e34767,CUST-01282,reactivation,2025-04-18,1,0
731d066a,CUST-01283,welcome,2024-09-08,1,0
00cbf240,CUST-01283,sample_followup,2024-10-01,0,0
83c788ae,CUST-01283,post_purchase,2024-10-27,1,0
f1d7d26b,CUST-01284,welcome,2024-07-17,0,0
f272cd46,CUST-01284,sample_followup,2024-07-20,0,0
6aae96c8,CUST-01284,reactivation,2024-10-07,0,1
14618717,CUST-01285,welcome,2024-10-01,1,0
ca6099c4,CUST-01285,sample_followup,2024-10-10,0,0
e34b15bc,CUST-01285,reactivation,2024-12-12,0,0
bd84e0b9,CUST-01286,welcome,2024-04-06,0,0
79cd4a4f,CUST-01286,sample_followup,2024-04-13,1,0
84224372,CUST-01286,post_purchase,2024-05-03,1,0
ec8ce28d,CUST-01287,welcome,2024-09-01,0,0
f907e28e,CUST-01288,welcome,2025-01-06,0,0
2df3a316,CUST-01288,sample_followup,2025-01-18,1,0
b6f10163,CUST-01288,reactivation,2025-03-22,0,0
acc1b428,CUST-01289,welcome,2025-06-20,0,0
25b27805,CUST-01290,welcome,2024-11-27,1,1
5c2668d6,CUST-01291,welcome,2025-08-26,0,0
a27d4144,CUST-01291,sample_followup,2025-09-08,0,0
3375c802,CUST-01291,post_purchase,2025-10-21,1,0
3ef72158,CUST-01292,welcome,2025-03-20,0,0
4e7ecef2,CUST-01292,sample_followup,2025-04-03,1,0
4d3bc359,CUST-01292,post_purchase,2025-05-28,1,0
d923bbc1,CUST-01293,welcome,2024-10-27,1,0
bbc4f642,CUST-01293,sample_followup,2024-11-05,0,1
c63623fd,CUST-01293,reactivation,2024-12-22,0,1
cfc7aefd,CUST-01294,welcome,2025-08-14,1,0
6c9a7ae3,CUST-01295,welcome,2025-07-04,1,0
d93e37ff,CUST-01295,sample_followup,2025-07-20,0,0
9949f368,CUST-01296,welcome,2024-11-05,1,0
a0ae92ca,CUST-01296,sample_followup,2024-11-14,1,0
b462e9f0,CUST-01296,post_purchase,2024-12-15,0,1
03784417,CUST-01297,welcome,2024-08-02,1,0
6cf97cda,CUST-01298,welcome,2025-05-02,1,1
e2d1c3ef,CUST-01298,sample_followup,2025-05-15,1,0
b6292316,CUST-01298,reactivation,2025-07-05,0,0
3a9cec98,CUST-01299,welcome,2024-06-04,1,0
c2ef17b9,CUST-01300,welcome,2025-04-03,1,0
f977b590,CUST-01301,welcome,2024-11-17,1,0
c7579895,CUST-01301,sample_followup,2024-11-28,1,0
40509c28,CUST-01301,trade_engagement,2025-02-17,1,0
c3164314,CUST-01302,welcome,2024-01-30,1,0
25dddad4,CUST-01302,sample_followup,2024-02-03,0,0
83e68a6d,CUST-01302,project_nurture,2024-02-27,0,0
75966b72,CUST-01302,post_purchase,2024-03-22,0,1
81b2bcb4,CUST-01303,welcome,2025-01-01,0,0
2642583c,CUST-01304,welcome,2024-07-25,1,0
5901ca90,CUST-01305,welcome,2025-08-08,0,0
6d0c1104,CUST-01305,sample_followup,2025-08-23,1,0
0f246a99,CUST-01306,welcome,2024-03-24,1,0
6fc6153c,CUST-01307,welcome,2024-11-10,1,0
76606f89,CUST-01307,sample_followup,2024-11-12,0,0
1d21296b,CUST-01307,reactivation,2025-02-01,0,0
31b28f8a,CUST-01308,welcome,2024-01-18,0,0
8b6c845c,CUST-01309,welcome,2024-08-26,1,0
adae7cae,CUST-01309,sample_followup,2024-09-05,1,0
c154cadd,CUST-01309,post_purchase,2024-10-06,1,0
83c1f81c,CUST-01310,welcome,2024-04-03,1,0
079bc517,CUST-01310,sample_followup,2024-04-11,1,1
6f3df8a4,CUST-01310,reactivation,2024-06-20,1,0
535e8cc9,CUST-01311,welcome,2024-08-20,0,0
3161f998,CUST-01311,sample_followup,2024-08-28,1,0
2abd4631,CUST-01311,project_nurture,2024-10-04,0,0
cdf10231,CUST-01311,post_purchase,2024-10-28,0,0
11b0369e,CUST-01312,welcome,2025-07-18,0,1
45efa77d,CUST-01312,sample_followup,2025-08-10,0,0
3f5e7f55,CUST-01312,post_purchase,2025-09-11,1,0
7860759f,CUST-01313,welcome,2025-08-09,1,1
f7697e3c,CUST-01313,sample_followup,2025-08-25,1,0
bc889a47,CUST-01314,welcome,2025-01-14,0,1
ed1b9287,CUST-01314,sample_followup,2025-01-20,1,1
f82bc603,CUST-01314,project_nurture,2025-01-31,1,0
d16cef3b,CUST-01314,post_purchase,2025-02-01,1,0
ce4b9129,CUST-01315,welcome,2024-04-13,1,0
5654d59d,CUST-01315,sample_followup,2024-04-27,1,0
0d195eb4,CUST-01315,reactivation,2024-06-12,1,0
6c316455,CUST-01316,welcome,2024-04-11,1,0
5dea3fb4,CUST-01317,welcome,2025-01-27,1,0
e236e06b,CUST-01318,welcome,2024-05-18,0,0
549cf756,CUST-01318,sample_followup,2024-05-26,1,0
58471164,CUST-01318,reactivation,2024-08-10,0,0
516172b6,CUST-01319,welcome,2025-05-24,0,1
ffc1f396,CUST-01319,sample_followup,2025-06-15,0,0
010d8756,CUST-01319,post_purchase,2025-07-02,1,0
3e956974,CUST-01320,welcome,2024-10-01,1,0
e16f767c,CUST-01320,post_purchase,2024-11-03,1,0
56c5e3cf,CUST-01321,welcome,2024-02-15,0,0
e70660f1,CUST-01321,reactivation,2024-05-10,0,0
bba2427b,CUST-01322,welcome,2025-08-17,0,0
a6d4d0d5,CUST-01323,welcome,2025-05-19,0,0
c6c7f673,CUST-01324,welcome,2024-07-30,0,0
9ddb1845,CUST-01324,sample_followup,2024-08-03,0,0
4ceda143,CUST-01324,reactivation,2024-09-16,0,0
c57de90e,CUST-01325,welcome,2024-01-17,0,0
27b68a77,CUST-01326,welcome,2024-06-22,0,1
897e00b3,CUST-01326,sample_followup,2024-06-25,1,0
6bb68544,CUST-01326,reactivation,2024-09-16,1,0
fde184d4,CUST-01327,welcome,2025-08-01,0,0
2a715538,CUST-01327,sample_followup,2025-08-19,1,0
126fe646,CUST-01327,post_purchase,2025-10-18,0,0
27969248,CUST-01328,welcome,2024-07-10,1,0
be770073,CUST-01328,sample_followup,2024-07-25,0,0
4280e629,CUST-01328,trade_engagement,2024-09-21,0,0
6585ab87,CUST-01329,welcome,2025-02-13,1,0
7768a8f5,CUST-01329,sample_followup,2025-02-18,1,0
7d10eff1,CUST-01329,reactivation,2025-04-29,0,0
6e145e45,CUST-01330,welcome,2025-05-16,1,0
5923bcd8,CUST-01330,reactivation,2025-08-19,0,0
92bcf484,CUST-01331,welcome,2024-05-01,1,0
257b5f17,CUST-01331,post_purchase,2024-06-03,1,1
fa50e7f6,CUST-01332,welcome,2024-01-10,0,0
00ddb85f,CUST-01332,sample_followup,2024-01-26,1,0
48433463,CUST-01332,reactivation,2024-03-02,1,0
278a30eb,CUST-01333,welcome,2025-07-09,1,0
f7778be7,CUST-01333,sample_followup,2025-07-27,1,0
cf05574b,CUST-01334,welcome,2024-01-10,1,0
92467d42,CUST-01334,sample_followup,2024-01-18,1,0
2d986edf,CUST-01334,reactivation,2024-03-05,0,0
06b23646,CUST-01335,welcome,2024-06-07,1,0
a108439a,CUST-01336,welcome,2024-12-07,0,0
591386c7,CUST-01336,sample_followup,2024-12-18,1,0
5a8ac402,CUST-01336,post_purchase,2025-01-28,1,1
d7679789,CUST-01337,welcome,2024-08-11,1,0
7bb649b1,CUST-01337,reactivation,2024-10-07,0,0
bbd831a7,CUST-01338,welcome,2025-06-09,1,0
4f05a9e0,CUST-01339,welcome,2025-07-31,1,0
c5017783,CUST-01339,sample_followup,2025-08-23,1,1
87d45dc2,CUST-01340,welcome,2024-10-10,0,0
d0d47edf,CUST-01340,sample_followup,2024-10-30,1,0
3c2c90bd,CUST-01340,reactivation,2025-01-02,0,0
fa9f44ec,CUST-01341,welcome,2024-09-27,0,0
7ce7f5e0,CUST-01341,sample_followup,2024-10-09,0,0
df3e6233,CUST-01341,post_purchase,2024-11-26,1,0
dddc7d53,CUST-01342,welcome,2025-04-20,1,1
e5b24490,CUST-01342,sample_followup,2025-04-26,0,0
6aab6dad,CUST-01342,reactivation,2025-07-04,0,0
500ceba7,CUST-01343,welcome,2025-01-10,1,0
b4d4139c,CUST-01343,sample_followup,2025-01-19,1,0
c988e72f,CUST-01343,reactivation,2025-03-07,1,0
2a1a6077,CUST-01344,welcome,2024-12-24,0,0
6538334a,CUST-01344,sample_followup,2025-01-14,0,0
dd211be0,CUST-01344,reactivation,2025-03-07,1,0
cd9b5f69,CUST-01345,welcome,2024-09-26,0,0
7f520d49,CUST-01345,sample_followup,2024-09-28,1,1
ac35c6d1,CUST-01345,trade_engagement,2024-12-04,0,0
7ca5470f,CUST-01346,welcome,2025-05-16,0,0
b05d9e1e,CUST-01346,sample_followup,2025-05-27,0,0
2e60a8e2,CUST-01346,project_nurture,2025-06-08,1,0
2f76a217,CUST-01346,post_purchase,2025-06-06,0,0
1e82c7d9,CUST-01347,welcome,2024-02-05,1,0
a27e6b35,CUST-01347,trade_engagement,2024-04-14,0,0
c0113fa4,CUST-01348,welcome,2024-09-13,1,0
3a13ac9e,CUST-01349,welcome,2024-03-01,1,0
72507042,CUST-01349,sample_followup,2024-03-14,0,0
23a5d5fe,CUST-01349,post_purchase,2024-04-11,1,0
7bd08632,CUST-01350,welcome,2025-08-05,1,0
5d30fb99,CUST-01350,post_purchase,2025-08-19,0,0
cf96b737,CUST-01351,welcome,2025-02-04,1,0
9e2371b4,CUST-01351,sample_followup,2025-02-21,0,0
fc41106a,CUST-01351,post_purchase,2025-04-03,1,0
a85bbf82,CUST-01352,welcome,2024-06-20,1,1
e616bebb,CUST-01353,welcome,2024-11-10,0,0
d1b2c176,CUST-01354,welcome,2024-10-21,0,0
d543d431,CUST-01355,welcome,2024-07-12,1,0
b8e573b6,CUST-01355,post_purchase,2024-08-29,1,0
c47c0001,CUST-01356,welcome,2024-06-19,0,0
a531bc16,CUST-01356,sample_followup,2024-06-29,0,0
97e1be23,CUST-01356,post_purchase,2024-08-26,1,0
7e5abfd7,CUST-01357,welcome,2024-04-22,1,0
425f7614,CUST-01357,sample_followup,2024-05-08,0,0
b41cf10f,CUST-01357,post_purchase,2024-06-19,1,0
2622b142,CUST-01358,welcome,2025-02-15,0,0
7d385364,CUST-01359,welcome,2024-09-14,0,0
7b652e69,CUST-01359,sample_followup,2024-09-27,0,0
342c0787,CUST-01359,post_purchase,2024-10-10,1,1
42687468,CUST-01360,welcome,2024-01-13,1,0
37f871a0,CUST-01360,sample_followup,2024-01-27,1,0
586040f2,CUST-01360,post_purchase,2024-02-05,1,0
3fa32a47,CUST-01361,welcome,2024-10-10,0,0
6800619c,CUST-01361,sample_followup,2024-10-19,0,0
f70bf85d,CUST-01361,reactivation,2024-11-15,0,0
7149ba1f,CUST-01362,welcome,2024-03-28,0,0
629f0265,CUST-01362,sample_followup,2024-03-31,1,0
b94e542e,CUST-01362,project_nurture,2024-04-29,0,0
4535fab9,CUST-01362,post_purchase,2024-04-23,1,0
2c00bf6f,CUST-01363,welcome,2024-12-20,0,0
f9fc3583,CUST-01363,sample_followup,2024-12-29,0,0
5d31b2b1,CUST-01363,post_purchase,2025-01-27,1,0
5f7de6a8,CUST-01364,welcome,2025-03-23,0,0
e6b80c69,CUST-01365,welcome,2024-08-27,1,0
56be4117,CUST-01365,sample_followup,2024-09-10,0,0
022b1b35,CUST-01365,reactivation,2024-10-23,0,0
99619432,CUST-01366,welcome,2024-10-15,1,1
3096619f,CUST-01366,sample_followup,2024-10-23,1,1
d91ecfd8,CUST-01366,trade_engagement,2024-12-12,0,0
f766b2ae,CUST-01367,welcome,2024-05-01,0,0
93948ff2,CUST-01367,sample_followup,2024-05-15,1,0
57ba2d65,CUST-01367,reactivation,2024-06-20,1,0
009b5272,CUST-01368,welcome,2024-10-02,0,0
b0cc3cb0,CUST-01368,sample_followup,2024-10-15,1,0
878645d3,CUST-01368,reactivation,2024-12-19,1,0
e1db323e,CUST-01369,welcome,2024-03-11,0,0
0ec6d7d9,CUST-01370,welcome,2025-01-19,1,0
cd7fbeb3,CUST-01370,sample_followup,2025-01-23,0,0
f65048e7,CUST-01370,project_nurture,2025-02-20,0,0
572c7d6a,CUST-01370,trade_engagement,2025-03-17,0,0
3cf89f1a,CUST-01371,welcome,2024-06-17,1,0
71887214,CUST-01371,sample_followup,2024-06-26,0,0
acc4c922,CUST-01371,trade_engagement,2024-08-08,0,0
9b5fa18d,CUST-01372,welcome,2024-05-14,1,0
a104d4cf,CUST-01372,sample_followup,2024-06-01,1,0
d69f20ff,CUST-01372,reactivation,2024-07-14,0,0
e9a3ee75,CUST-01373,welcome,2025-05-06,0,0
ff9e4f25,CUST-01373,post_purchase,2025-06-09,0,0
595210e1,CUST-01374,welcome,2024-05-16,0,0
c18a1e55,CUST-01374,sample_followup,2024-06-01,1,0
df920275,CUST-01374,reactivation,2024-07-08,1,0
9dc1ec53,CUST-01375,welcome,2024-04-06,0,0
01b1bff2,CUST-01376,welcome,2025-05-11,1,0
366bedf3,CUST-01376,sample_followup,2025-05-26,1,0
ae872613,CUST-01376,reactivation,2025-07-17,0,0
3f0123ad,CUST-01377,welcome,2024-07-07,1,0
07692e5e,CUST-01377,sample_followup,2024-07-24,1,1
4641c807,CUST-01377,post_purchase,2024-08-12,0,1
5de68399,CUST-01378,welcome,2025-02-12,0,0
6530a9b0,CUST-01378,sample_followup,2025-02-28,1,0
39430f78,CUST-01378,post_purchase,2025-04-03,1,0
4d031f4d,CUST-01379,welcome,2024-12-16,0,0
8cc27417,CUST-01379,sample_followup,2025-01-02,0,0
f6235972,CUST-01379,post_purchase,2025-02-07,0,0
b5f5ed7b,CUST-01380,welcome,2025-05-28,1,1
c6c59daa,CUST-01380,sample_followup,2025-06-13,0,1
aff4c202,CUST-01380,post_purchase,2025-06-29,1,0
ab33aaa1,CUST-01381,welcome,2024-01-05,1,0
d2dcba0d,CUST-01381,trade_engagement,2024-04-02,1,0
a2ddcce1,CUST-01382,welcome,2025-03-31,1,0
7eef972b,CUST-01382,sample_followup,2025-04-04,0,0
43d4a02f,CUST-01382,reactivation,2025-06-07,0,0
ec83b938,CUST-01383,welcome,2025-07-13,0,0
fe8669d0,CUST-01384,welcome,2025-03-21,1,0
c973c2fc,CUST-01384,reactivation,2025-05-28,0,0
25ae3951,CUST-01385,welcome,2025-05-03,1,0
d17220b4,CUST-01385,post_purchase,2025-07-04,0,0
2d959488,CUST-01386,welcome,2024-02-02,1,0
404f3673,CUST-01386,sample_followup,2024-02-08,0,0
dd3a2647,CUST-01386,reactivation,2024-04-28,1,0
8433c73c,CUST-01387,welcome,2024-08-15,0,1
9cafb9fb,CUST-01388,welcome,2024-12-07,0,0
811f61a6,CUST-01388,sample_followup,2024-12-11,0,0
53ece4ab,CUST-01388,reactivation,2025-01-07,0,0
410b4d1e,CUST-01389,welcome,2024-08-17,0,0
75196823,CUST-01389,sample_followup,2024-09-06,0,0
03c51cc4,CUST-01389,reactivation,2024-10-23,0,0
734fcc46,CUST-01390,welcome,2025-05-04,1,0
f3e8d1df,CUST-01390,sample_followup,2025-05-10,1,1
1b023843,CUST-01390,post_purchase,2025-05-21,1,0
a4bbaf1f,CUST-01391,welcome,2025-05-16,1,0
dafc5609,CUST-01391,sample_followup,2025-05-20,0,0
d072feb7,CUST-01391,reactivation,2025-08-02,0,0
d417e749,CUST-01392,welcome,2025-08-08,1,1
3cd41dc3,CUST-01392,sample_followup,2025-08-31,0,0
077ed3aa,CUST-01392,project_nurture,2025-09-26,0,0
bee73e99,CUST-01392,post_purchase,2025-10-31,1,0
921cc44c,CUST-01393,welcome,2025-03-10,1,0
7d755110,CUST-01393,sample_followup,2025-03-16,0,0
9f65cf2b,CUST-01393,post_purchase,2025-03-29,1,1
cfc339cf,CUST-01394,welcome,2025-05-26,1,0
b801c446,CUST-01394,reactivation,2025-08-08,0,0
b7fda904,CUST-01395,welcome,2024-06-10,1,0
5661d65e,CUST-01395,sample_followup,2024-06-27,1,1
95ed4e9f,CUST-01395,reactivation,2024-08-15,0,0
518591f5,CUST-01396,welcome,2024-09-18,1,0
2f9165a5,CUST-01396,sample_followup,2024-10-05,0,0
e16b177a,CUST-01396,post_purchase,2024-11-15,0,0
db76c132,CUST-01397,welcome,2025-07-04,1,0
f4ba23ad,CUST-01398,welcome,2025-07-30,0,0
7ca936cd,CUST-01398,sample_followup,2025-08-07,1,0
489f3a0a,CUST-01399,welcome,2024-10-19,0,0
77378a6c,CUST-01399,sample_followup,2024-11-06,1,0
a4591fd0,CUST-01399,post_purchase,2024-12-09,1,0
6f20004e,CUST-01400,welcome,2024-12-28,1,1
511efe30,CUST-01400,sample_followup,2025-01-11,0,0
3377df2b,CUST-01400,post_purchase,2025-01-20,0,1
088f3995,CUST-01401,welcome,2024-06-08,1,0
bc39493b,CUST-01402,welcome,2025-03-31,0,0
0d351d2c,CUST-01402,sample_followup,2025-04-11,0,0
18bd441e,CUST-01402,post_purchase,2025-05-20,0,0
aa82d23b,CUST-01403,welcome,2024-12-12,1,0
4eb01c58,CUST-01403,sample_followup,2024-12-25,1,0
7d16e698,CUST-01403,post_purchase,2025-01-06,1,0
5fd88847,CUST-01404,welcome,2025-03-15,0,0
dfa5dbe2,CUST-01404,sample_followup,2025-04-07,1,0
ee1d8c3c,CUST-01404,post_purchase,2025-06-05,1,0
a91619d1,CUST-01405,welcome,2024-10-25,0,0
3ee60d9e,CUST-01405,sample_followup,2024-10-28,0,0
28255e50,CUST-01405,reactivation,2024-12-25,0,0
67a707e3,CUST-01406,welcome,2024-11-14,1,0
3b4031e0,CUST-01406,sample_followup,2024-11-17,1,1
f8c98a6a,CUST-01406,post_purchase,2024-12-10,0,0
8040d157,CUST-01407,welcome,2025-02-01,0,0
4ccdcba5,CUST-01407,sample_followup,2025-02-17,0,1
294ff2ba,CUST-01407,project_nurture,2025-03-28,1,0
44c007ab,CUST-01407,post_purchase,2025-03-26,1,1
fa1907d8,CUST-01408,welcome,2025-06-13,0,0
d8ae538d,CUST-01408,sample_followup,2025-07-02,0,0
78582bdc,CUST-01408,post_purchase,2025-07-28,1,0
109654f4,CUST-01409,welcome,2024-11-27,1,0
e74b7978,CUST-01409,sample_followup,2024-12-02,0,0
c9f8317e,CUST-01409,reactivation,2025-01-13,0,0
36df627a,CUST-01410,welcome,2024-04-23,0,0
c2b5cb85,CUST-01411,welcome,2025-08-11,1,0
0b72dcb5,CUST-01412,welcome,2025-08-18,0,0
f5739d65,CUST-01412,sample_followup,2025-08-29,0,0
7827f7c4,CUST-01412,post_purchase,2025-09-11,1,0
fd35dddf,CUST-01413,welcome,2025-07-30,1,1
4e713471,CUST-01413,sample_followup,2025-08-21,0,0
62f7ccad,CUST-01413,post_purchase,2025-09-22,0,0
69f4a7f2,CUST-01414,welcome,2025-05-31,1,0
dec08719,CUST-01415,welcome,2024-06-06,0,0
eff5bb48,CUST-01415,sample_followup,2024-06-15,0,0
b53128f7,CUST-01415,post_purchase,2024-07-27,0,0
39bfa200,CUST-01416,welcome,2024-11-04,1,0
2fd23698,CUST-01417,welcome,2025-02-11,1,0
795f965f,CUST-01417,sample_followup,2025-02-22,0,0
e6dd9205,CUST-01417,reactivation,2025-03-22,1,0
b9c289f9,CUST-01418,welcome,2024-11-04,1,0
f63630a3,CUST-01418,post_purchase,2024-11-18,0,1
ca0af87a,CUST-01419,welcome,2024-07-22,1,1
b5c545db,CUST-01419,sample_followup,2024-07-27,0,0
5ce99827,CUST-01419,post_purchase,2024-08-15,1,1
799e3671,CUST-01420,welcome,2024-10-14,0,0
0858170c,CUST-01420,sample_followup,2024-10-27,0,0
48a20f64,CUST-01420,trade_engagement,2025-01-10,1,0
40388845,CUST-01421,welcome,2025-01-29,0,0
aa716d03,CUST-01421,sample_followup,2025-02-03,1,0
c52237e1,CUST-01421,trade_engagement,2025-03-19,0,0
e9a87385,CUST-01422,welcome,2025-07-28,1,0
46ebd400,CUST-01422,sample_followup,2025-08-14,0,0
3bfc80db,CUST-01422,post_purchase,2025-08-28,1,0
f7b7b69f,CUST-01423,welcome,2024-02-05,0,0
b3c6311e,CUST-01423,sample_followup,2024-02-09,1,0
a2582b00,CUST-01423,post_purchase,2024-03-01,0,0
e471cae5,CUST-01424,welcome,2024-01-17,0,0
662ab648,CUST-01425,welcome,2024-05-16,0,0
2d5dd78a,CUST-01425,sample_followup,2024-05-21,0,0
65694c94,CUST-01425,post_purchase,2024-06-02,1,0
86fd6e42,CUST-01426,welcome,2024-12-01,0,0
bf7e6228,CUST-01426,sample_followup,2024-12-12,1,1
c76c1a47,CUST-01426,post_purchase,2025-01-22,1,0
e75952d3,CUST-01427,welcome,2025-07-29,0,1
7b83f377,CUST-01427,sample_followup,2025-08-11,0,0
6ba87f33,CUST-01428,welcome,2025-03-06,1,0
377966ca,CUST-01428,post_purchase,2025-03-30,0,0
3664780c,CUST-01429,welcome,2024-08-17,0,0
76b610d2,CUST-01429,sample_followup,2024-09-04,1,0
2bb0c6a6,CUST-01429,post_purchase,2024-10-12,0,1
4b23b403,CUST-01430,welcome,2024-07-03,1,0
ed54aca4,CUST-01431,welcome,2024-09-04,0,0
f21f33b2,CUST-01432,welcome,2024-09-21,0,0
f0012acf,CUST-01432,sample_followup,2024-10-09,0,0
aa3fdb69,CUST-01432,project_nurture,2024-10-26,1,0
500b3060,CUST-01432,post_purchase,2024-11-22,0,0
6d44fefc,CUST-01433,welcome,2024-02-24,0,0
ee73c61f,CUST-01433,sample_followup,2024-02-29,1,0
65ada21a,CUST-01433,trade_engagement,2024-04-08,0,0
6f7b9892,CUST-01434,welcome,2024-11-24,0,0
d3cf6069,CUST-01434,sample_followup,2024-12-10,0,0
521257f8,CUST-01434,post_purchase,2025-01-24,1,0
d0a24822,CUST-01435,welcome,2025-04-12,1,0
4f26526d,CUST-01435,sample_followup,2025-04-27,1,0
1e3b3c9b,CUST-01435,reactivation,2025-06-03,1,1
e5204429,CUST-01436,welcome,2025-02-12,0,0
17ee521f,CUST-01436,sample_followup,2025-02-23,1,0
2424aac8,CUST-01436,reactivation,2025-03-24,0,0
58015d26,CUST-01437,welcome,2024-06-25,1,0
e54f874e,CUST-01437,sample_followup,2024-06-27,1,1
76e16d5f,CUST-01437,post_purchase,2024-07-24,1,0
78069ba8,CUST-01438,welcome,2024-08-03,0,0
28144b91,CUST-01438,sample_followup,2024-08-11,1,0
9df9ab8c,CUST-01438,reactivation,2024-09-23,0,0
ccc10cd6,CUST-01439,welcome,2024-02-19,1,1
c1503079,CUST-01439,sample_followup,2024-02-21,0,0
a28b4751,CUST-01439,trade_engagement,2024-03-31,0,0
fe3c3197,CUST-01440,welcome,2025-03-22,1,0
0fba2e16,CUST-01441,welcome,2025-03-13,0,0
fdf9a74e,CUST-01441,sample_followup,2025-03-20,0,0
f2e52f96,CUST-01441,post_purchase,2025-04-27,1,0
69888d61,CUST-01442,welcome,2024-04-08,0,0
16d4250f,CUST-01442,sample_followup,2024-04-12,1,0
8b33b89b,CUST-01442,post_purchase,2024-06-05,0,0
26ad40ca,CUST-01443,welcome,2025-07-20,1,0
96ed264f,CUST-01443,sample_followup,2025-08-02,0,0
cda20f3e,CUST-01443,post_purchase,2025-09-05,0,0
830c0c09,CUST-01444,welcome,2024-06-12,0,0
0c140228,CUST-01444,sample_followup,2024-06-19,1,1
3db075f0,CUST-01444,reactivation,2024-07-17,0,1
733f0d6b,CUST-01445,welcome,2025-07-01,1,0
a43e9ace,CUST-01445,sample_followup,2025-07-07,0,0
848870f2,CUST-01446,welcome,2024-07-05,0,0
80f42db6,CUST-01446,sample_followup,2024-07-09,0,0
fc48eecb,CUST-01446,reactivation,2024-08-19,1,0
cf999847,CUST-01447,welcome,2024-05-27,0,1
3e083b84,CUST-01447,sample_followup,2024-06-16,0,0
57a8cd6a,CUST-01447,post_purchase,2024-08-12,0,0
0d4bac33,CUST-01448,welcome,2025-01-20,1,0
1e585e59,CUST-01448,sample_followup,2025-02-07,0,0
cd89ac73,CUST-01448,post_purchase,2025-03-31,1,0
d310b124,CUST-01449,welcome,2025-05-06,1,1
d14da967,CUST-01449,sample_followup,2025-05-20,0,0
95b7a8e7,CUST-01449,post_purchase,2025-07-02,1,0
b77125af,CUST-01450,welcome,2025-06-09,0,0
f656b63e,CUST-01450,sample_followup,2025-06-29,0,0
debba5f8,CUST-01450,project_nurture,2025-07-27,0,0
da0aa220,CUST-01450,post_purchase,2025-07-27,1,0
c2bb537d,CUST-01451,welcome,2024-02-15,1,0
3a165dc4,CUST-01452,welcome,2025-04-08,1,0
9369925c,CUST-01452,sample_followup,2025-04-28,0,0
c66ac166,CUST-01452,post_purchase,2025-06-16,0,0
d7a340fa,CUST-01453,welcome,2024-11-18,0,0
f361d4d2,CUST-01453,sample_followup,2024-12-04,0,0
eaa3c84a,CUST-01453,post_purchase,2025-01-10,0,0
a8cdf3e4,CUST-01454,welcome,2024-07-17,1,0
8e6f6d2e,CUST-01454,sample_followup,2024-07-25,1,0
68414193,CUST-01454,trade_engagement,2024-09-25,0,0
dad704cd,CUST-01455,welcome,2024-05-22,1,0
e8ed9fe9,CUST-01456,welcome,2024-02-25,1,0
1834a2aa,CUST-01456,reactivation,2024-05-18,0,0
839fbb62,CUST-01457,welcome,2024-02-13,1,1
93068792,CUST-01457,sample_followup,2024-02-26,1,0
0f66ef37,CUST-01457,post_purchase,2024-04-11,0,0
6eae5e9f,CUST-01458,welcome,2025-02-19,1,0
f423fd3e,CUST-01459,welcome,2025-03-06,1,0
d8557e96,CUST-01460,welcome,2025-02-22,1,0
7641b706,CUST-01461,welcome,2024-05-21,0,1
576d6e2b,CUST-01462,welcome,2024-05-26,1,0
784739b3,CUST-01462,sample_followup,2024-06-03,1,1
8261f971,CUST-01462,post_purchase,2024-07-23,1,0
f43f0547,CUST-01463,welcome,2025-08-22,1,0
8c9cfc16,CUST-01464,welcome,2024-07-18,0,0
91909d0b,CUST-01464,post_purchase,2024-08-22,1,1
837b36d8,CUST-01465,welcome,2025-07-27,0,0
d17e2fc0,CUST-01465,sample_followup,2025-08-08,1,0
063b1f58,CUST-01465,post_purchase,2025-08-27,1,0
a2b24d8c,CUST-01466,welcome,2024-03-23,1,0
31f24682,CUST-01466,sample_followup,2024-04-10,1,0
505387a3,CUST-01466,reactivation,2024-06-02,0,0
7ca741d0,CUST-01467,welcome,2024-09-29,0,0
5e664198,CUST-01467,sample_followup,2024-10-09,1,0
f646dc66,CUST-01467,post_purchase,2024-11-15,0,0
271885d6,CUST-01468,welcome,2025-03-21,1,0
5e1abe3a,CUST-01468,sample_followup,2025-03-27,0,1
3cc7b00e,CUST-01468,post_purchase,2025-04-06,0,1
1b446e7b,CUST-01469,welcome,2025-02-12,1,0
e483d9a1,CUST-01469,sample_followup,2025-03-01,0,0
92e3f812,CUST-01469,post_purchase,2025-03-17,1,0
bc926988,CUST-01470,welcome,2025-02-13,0,0
443edd39,CUST-01470,sample_followup,2025-02-27,0,0
c3ab0a65,CUST-01470,reactivation,2025-04-26,0,0
43eae86a,CUST-01471,welcome,2024-04-16,1,0
85335993,CUST-01471,sample_followup,2024-05-02,1,0
4f574ede,CUST-01471,post_purchase,2024-05-16,0,1
d952ab30,CUST-01472,welcome,2024-02-23,1,0
f6122128,CUST-01472,sample_followup,2024-03-17,0,0
f373a38f,CUST-01472,reactivation,2024-05-28,0,0
dfdca2cb,CUST-01473,welcome,2024-06-26,0,0
06ef9189,CUST-01474,welcome,2024-12-08,0,0
5ba61650,CUST-01474,sample_followup,2024-12-15,1,0
33c6911b,CUST-01474,reactivation,2025-01-27,0,0
428f7bf5,CUST-01475,welcome,2024-04-26,1,0
912ccf4d,CUST-01475,post_purchase,2024-05-19,0,0
6ec7f37a,CUST-01476,welcome,2025-04-04,0,0
18119776,CUST-01476,sample_followup,2025-04-19,0,0
90da62ac,CUST-01476,post_purchase,2025-05-21,0,0
93ac4965,CUST-01477,welcome,2024-12-12,1,0
e3d8b088,CUST-01477,sample_followup,2024-12-24,1,0
addc8186,CUST-01477,post_purchase,2025-01-11,0,1
8de10a5c,CUST-01478,welcome,2025-07-02,0,1
d882a89f,CUST-01478,sample_followup,2025-07-07,0,1
00f4dab1,CUST-01478,trade_engagement,2025-08-20,0,0
d379656c,CUST-01479,welcome,2024-06-09,1,0
409b98d4,CUST-01479,post_purchase,2024-07-11,1,0
3af6a7a7,CUST-01480,welcome,2025-07-16,0,0
b6fdca50,CUST-01481,welcome,2024-10-29,0,0
3ee9a35c,CUST-01481,sample_followup,2024-11-15,1,0
eea6eaeb,CUST-01481,reactivation,2025-01-15,1,0
78230ec0,CUST-01482,welcome,2024-07-05,0,0
6de35c11,CUST-01482,sample_followup,2024-07-17,1,0
918e492a,CUST-01482,project_nurture,2024-07-26,1,0
03758f16,CUST-01482,trade_engagement,2024-09-28,0,0
998a8ebb,CUST-01483,welcome,2024-01-05,1,0
60ac3f90,CUST-01484,welcome,2024-01-29,1,0
a908ef71,CUST-01485,welcome,2025-01-04,0,0
02dfc2cf,CUST-01486,welcome,2024-09-16,1,0
3413e52f,CUST-01486,sample_followup,2024-09-23,1,0
62d2a38f,CUST-01486,reactivation,2024-12-10,0,0
ce2ffe85,CUST-01487,welcome,2025-07-04,0,0
60c02464,CUST-01487,sample_followup,2025-07-08,0,1
090de96c,CUST-01488,welcome,2025-02-09,1,0
d0d2642a,CUST-01488,sample_followup,2025-02-21,0,1
49207a67,CUST-01488,project_nurture,2025-03-19,0,0
3062001c,CUST-01488,post_purchase,2025-03-12,0,0
b1a20daa,CUST-01489,welcome,2024-10-07,0,0
ae976ae9,CUST-01490,welcome,2025-04-05,1,0
7f97eee2,CUST-01490,sample_followup,2025-04-21,0,0
8745c713,CUST-01490,post_purchase,2025-05-27,1,0
6d6b614f,CUST-01491,welcome,2024-05-20,0,0
3bb9270a,CUST-01491,sample_followup,2024-05-23,1,1
55926d8d,CUST-01491,post_purchase,2024-07-06,1,1
be7ed228,CUST-01492,welcome,2024-08-16,0,0
098009bf,CUST-01493,welcome,2024-07-17,1,0
aa8a182a,CUST-01493,sample_followup,2024-07-29,1,0
3d456727,CUST-01493,post_purchase,2024-08-15,0,0
b52490d2,CUST-01494,welcome,2024-09-18,1,0
11d401e3,CUST-01494,sample_followup,2024-10-11,0,0
b8c8b851,CUST-01494,reactivation,2024-12-18,1,0
610b1b13,CUST-01495,welcome,2025-07-05,0,0
81c06893,CUST-01496,welcome,2024-12-18,0,0
8c83c053,CUST-01496,sample_followup,2025-01-10,0,0
bc2fc837,CUST-01496,reactivation,2025-03-22,1,0
606f3aaa,CUST-01497,welcome,2025-03-25,0,0
9f034908,CUST-01498,welcome,2024-06-13,1,0
336b9aa9,CUST-01498,sample_followup,2024-06-27,1,0
914a9cf1,CUST-01498,post_purchase,2024-07-13,1,0
263ae20e,CUST-01499,welcome,2024-02-25,0,1
ce405cc0,CUST-01500,welcome,2024-07-22,0,0
c8bd3308,CUST-01500,reactivation,2024-09-19,0,0
bd7e5cb3,CUST-01501,welcome,2025-08-19,0,0
547fa450,CUST-01501,sample_followup,2025-08-31,0,0
b911698c,CUST-01501,post_purchase,2025-10-24,1,0
ec6d056e,CUST-01502,welcome,2024-08-18,1,0
c012ab4f,CUST-01502,sample_followup,2024-08-21,0,0
e7be40b7,CUST-01502,reactivation,2024-11-05,0,0
cf31f53b,CUST-01503,welcome,2024-07-09,1,0
65c1c843,CUST-01503,sample_followup,2024-07-24,1,0
467db6ba,CUST-01503,reactivation,2024-09-18,1,0
10c49629,CUST-01504,welcome,2024-02-29,0,0
5f7c9f13,CUST-01504,sample_followup,2024-03-11,0,0
ecafe1fc,CUST-01504,project_nurture,2024-04-15,0,1
73fc4100,CUST-01504,post_purchase,2024-03-31,0,0
30895bb7,CUST-01505,welcome,2024-01-29,0,1
0564fdf6,CUST-01506,welcome,2024-03-30,0,1
f5de210c,CUST-01507,welcome,2025-01-11,0,0
2a367177,CUST-01508,welcome,2024-09-02,1,1
aaa21366,CUST-01508,sample_followup,2024-09-13,0,1
64fef3d9,CUST-01508,post_purchase,2024-10-31,1,0
246f1f0d,CUST-01509,welcome,2025-01-05,1,0
06434a3d,CUST-01509,sample_followup,2025-01-09,1,0
f293f580,CUST-01509,reactivation,2025-03-21,1,0
e21f2357,CUST-01510,welcome,2025-02-13,0,0
9139d7da,CUST-01510,post_purchase,2025-04-06,0,1
9515f356,CUST-01511,welcome,2024-02-01,1,0
ab9e9c5c,CUST-01511,sample_followup,2024-02-11,1,1
2df9bd23,CUST-01511,post_purchase,2024-03-24,1,0
57e3c58c,CUST-01512,welcome,2025-04-16,0,0
60edba39,CUST-01512,sample_followup,2025-04-29,0,1
6000c92e,CUST-01512,reactivation,2025-07-14,1,0
748d2d3d,CUST-01513,welcome,2024-02-02,1,0
7889b47e,CUST-01513,sample_followup,2024-02-10,0,0
7148a713,CUST-01513,reactivation,2024-04-02,0,0
9a527113,CUST-01514,welcome,2024-09-11,0,0
692dff02,CUST-01515,welcome,2024-02-20,1,1
9510912b,CUST-01515,sample_followup,2024-03-10,1,0
3f4236fe,CUST-01515,trade_engagement,2024-06-01,0,0
76ceca08,CUST-01516,welcome,2025-08-15,0,0
225b4687,CUST-01516,sample_followup,2025-08-28,0,0
f2ea00d3,CUST-01517,welcome,2025-08-13,0,0
d048b92b,CUST-01517,sample_followup,2025-08-24,0,0
15c1620d,CUST-01518,welcome,2025-06-29,1,0
6f417f1c,CUST-01518,sample_followup,2025-07-09,1,0
50b737b9,CUST-01518,post_purchase,2025-08-01,1,0
bb3c8233,CUST-01519,welcome,2025-02-14,1,0
f146ba5b,CUST-01519,sample_followup,2025-02-22,1,0
ac4b50dd,CUST-01519,post_purchase,2025-03-27,1,0
a0bdb632,CUST-01520,welcome,2024-06-20,1,0
6a4d7b45,CUST-01520,sample_followup,2024-07-03,1,0
488f5877,CUST-01520,post_purchase,2024-08-29,1,1
9d30726a,CUST-01521,welcome,2024-12-13,1,1
4e57b515,CUST-01521,post_purchase,2025-01-19,1,0
c6871b01,CUST-01522,welcome,2024-10-01,0,0
49a940eb,CUST-01523,welcome,2024-02-27,1,0
572bab0f,CUST-01523,sample_followup,2024-03-19,1,0
4da36865,CUST-01523,post_purchase,2024-04-04,0,0
500a648a,CUST-01524,welcome,2025-06-25,1,0
0a86011c,CUST-01525,welcome,2024-05-08,1,0
9914f315,CUST-01525,sample_followup,2024-05-20,1,1
bb069207,CUST-01525,reactivation,2024-08-08,0,0
eccf8943,CUST-01526,welcome,2024-12-18,0,0
7f43c3b9,CUST-01526,post_purchase,2025-01-26,1,0
0c1c4b22,CUST-01527,welcome,2025-02-24,1,0
397b8484,CUST-01527,sample_followup,2025-02-28,0,0
fcf86e17,CUST-01527,post_purchase,2025-03-15,0,0
67fa1dc7,CUST-01528,welcome,2024-02-12,0,0
2294c4aa,CUST-01528,sample_followup,2024-02-25,1,0
4faf877e,CUST-01528,post_purchase,2024-04-04,0,0
d011f47b,CUST-01529,welcome,2024-08-02,1,0
651c5a81,CUST-01529,post_purchase,2024-08-18,1,0
ac99fb83,CUST-01530,welcome,2024-02-09,0,0
8656ffa1,CUST-01530,sample_followup,2024-02-24,1,0
4df606ff,CUST-01530,trade_engagement,2024-03-28,0,0
8ab36c46,CUST-01531,welcome,2025-04-14,0,0
9c69b98c,CUST-01532,welcome,2024-12-11,0,0
8594621a,CUST-01533,welcome,2025-07-28,1,0
a75a6292,CUST-01533,sample_followup,2025-08-19,0,0
11b98f1b,CUST-01533,post_purchase,2025-09-07,0,1
73577dce,CUST-01534,welcome,2025-03-17,0,0
ad7364c5,CUST-01535,welcome,2025-06-27,1,1
3c0bb027,CUST-01535,post_purchase,2025-08-25,1,0
9f649daf,CUST-01536,welcome,2025-03-03,1,1
f4e1b477,CUST-01537,welcome,2025-06-12,1,0
95cf2e21,CUST-01538,welcome,2024-06-30,0,0
cb60f222,CUST-01538,sample_followup,2024-07-06,0,0
02c447d2,CUST-01538,trade_engagement,2024-09-03,1,0
0510cc93,CUST-01539,welcome,2024-12-25,1,0
85a6de5d,CUST-01539,sample_followup,2024-12-30,0,0
9471abee,CUST-01539,post_purchase,2025-01-24,0,0
23aa8f8a,CUST-01540,welcome,2024-09-22,1,0
cee64ebd,CUST-01540,sample_followup,2024-10-06,1,0
ea11307b,CUST-01540,post_purchase,2024-12-02,0,1
58668a4e,CUST-01541,welcome,2025-02-22,1,0
4703f713,CUST-01541,sample_followup,2025-02-27,1,0
4bc0002f,CUST-01541,trade_engagement,2025-05-08,1,0
e773c13c,CUST-01542,welcome,2024-08-27,0,0
39c51546,CUST-01542,sample_followup,2024-09-01,1,0
dc9d9a23,CUST-01542,post_purchase,2024-09-22,0,0
e1a19664,CUST-01543,welcome,2025-02-13,0,0
39deff73,CUST-01543,sample_followup,2025-02-25,0,0
91bf8be9,CUST-01543,reactivation,2025-05-06,1,0
d49085c4,CUST-01544,welcome,2024-01-18,1,0
e6d59711,CUST-01544,sample_followup,2024-01-31,0,0
da2b389f,CUST-01544,post_purchase,2024-02-27,0,0
4672cb84,CUST-01545,welcome,2025-06-19,1,0
e16fa90f,CUST-01545,post_purchase,2025-08-07,1,0
56b3ef95,CUST-01546,welcome,2025-01-17,1,0
daf8d15d,CUST-01546,sample_followup,2025-01-30,0,0
99b577c1,CUST-01546,post_purchase,2025-02-08,0,0
cf71a32c,CUST-01547,welcome,2025-04-14,0,0
b3671564,CUST-01547,sample_followup,2025-04-23,0,0
b102bc99,CUST-01547,post_purchase,2025-06-04,1,0
6d05c43b,CUST-01548,welcome,2024-10-30,1,0
d4b8059b,CUST-01549,welcome,2024-11-25,0,0
71ae824e,CUST-01549,sample_followup,2024-11-28,1,0
6b95b92f,CUST-01549,reactivation,2025-01-23,0,0
1cce8180,CUST-01550,welcome,2024-06-21,1,0
87023f72,CUST-01550,sample_followup,2024-06-29,0,0
e2ce7392,CUST-01550,reactivation,2024-07-30,0,0
c5bdb2d7,CUST-01551,welcome,2024-02-05,0,0
54a24f51,CUST-01551,sample_followup,2024-02-20,0,0
c0162083,CUST-01551,trade_engagement,2024-04-19,0,0
642848e5,CUST-01552,welcome,2025-03-18,0,0
9c79d80b,CUST-01553,welcome,2024-01-16,1,0
c47a1d82,CUST-01553,sample_followup,2024-01-27,0,0
af2856f7,CUST-01553,reactivation,2024-03-28,0,0
0b0c5697,CUST-01554,welcome,2024-11-30,0,0
b2354c44,CUST-01555,welcome,2024-11-07,0,0
096ac648,CUST-01555,sample_followup,2024-11-14,1,0
5862118f,CUST-01555,reactivation,2025-01-12,1,0
98e1f461,CUST-01556,welcome,2024-02-17,0,0
5a9b4e98,CUST-01556,sample_followup,2024-03-10,1,0
ee464053,CUST-01556,post_purchase,2024-04-04,1,0
95a2f4de,CUST-01557,welcome,2025-06-18,1,0
e6405710,CUST-01557,sample_followup,2025-06-29,0,0
cf0cf1e7,CUST-01557,post_purchase,2025-08-06,1,0
98409f1d,CUST-01558,welcome,2024-09-01,0,0
79a0a4a1,CUST-01558,post_purchase,2024-10-18,1,0
c73e528a,CUST-01559,welcome,2025-06-12,0,0
4933fb78,CUST-01559,sample_followup,2025-06-15,0,0
60eea2aa,CUST-01559,reactivation,2025-07-18,0,0
a8a2f8f3,CUST-01560,welcome,2024-04-03,0,0
41266a03,CUST-01561,welcome,2025-08-13,1,0
4e567f9e,CUST-01561,sample_followup,2025-08-15,1,0
640e73fc,CUST-01562,welcome,2025-07-26,0,0
294cdd64,CUST-01562,sample_followup,2025-08-03,0,0
6e789a58,CUST-01562,project_nurture,2025-09-11,0,0
c0c2ddbf,CUST-01562,post_purchase,2025-08-16,1,0
88dacb2f,CUST-01563,welcome,2025-02-14,0,0
198c343e,CUST-01563,post_purchase,2025-02-27,0,0
fde732aa,CUST-01564,welcome,2024-04-06,1,0
e6750cfc,CUST-01565,welcome,2024-08-24,1,0
47bccc80,CUST-01566,welcome,2024-05-19,1,0
bcdcc17c,CUST-01566,sample_followup,2024-06-07,0,0
a12b035c,CUST-01566,reactivation,2024-08-27,1,0
2ee29450,CUST-01567,welcome,2025-02-19,1,0
e0bfb3f9,CUST-01567,sample_followup,2025-02-22,1,0
f376ac39,CUST-01567,reactivation,2025-05-16,0,1
5d5b208e,CUST-01568,welcome,2025-02-21,0,0
b6ae3ecb,CUST-01568,reactivation,2025-04-27,0,0
58c33e0a,CUST-01569,welcome,2025-02-18,1,0
9992cd91,CUST-01569,sample_followup,2025-03-11,1,0
b1e9b1f2,CUST-01569,trade_engagement,2025-04-09,0,0
6ad24d0e,CUST-01570,welcome,2024-05-27,0,0
80bc1b01,CUST-01570,sample_followup,2024-06-04,0,0
8796ed21,CUST-01570,trade_engagement,2024-08-26,0,0
d13f3705,CUST-01571,welcome,2024-10-20,1,0
de847bad,CUST-01571,sample_followup,2024-10-23,0,0
754ce211,CUST-01571,reactivation,2024-12-17,0,0
55fb38dc,CUST-01572,welcome,2025-07-08,1,0
d0cec45e,CUST-01572,sample_followup,2025-07-30,1,0
c492298a,CUST-01572,post_purchase,2025-09-08,1,1
bb4f1809,CUST-01573,welcome,2024-03-30,0,0
9df9b912,CUST-01574,welcome,2025-06-20,1,0
fca682b9,CUST-01575,welcome,2024-08-22,0,0
e512d26d,CUST-01575,sample_followup,2024-09-03,0,0
e0d4986e,CUST-01575,post_purchase,2024-10-28,1,1
a71d4d52,CUST-01576,welcome,2024-10-11,0,0
ce9499bf,CUST-01576,sample_followup,2024-10-19,0,0
a03cd274,CUST-01576,reactivation,2024-12-19,1,0
0f27a89b,CUST-01577,welcome,2024-04-28,1,0
77dcaef6,CUST-01578,welcome,2024-01-17,1,0
511dec40,CUST-01578,sample_followup,2024-02-02,0,0
e78f67f7,CUST-01578,post_purchase,2024-03-03,1,0
df876d43,CUST-01579,welcome,2024-11-04,1,0
e4a3fe6d,CUST-01580,welcome,2024-11-26,1,0
325125c9,CUST-01580,sample_followup,2024-11-28,1,0
f64e1edd,CUST-01580,post_purchase,2025-01-23,0,1
206579c4,CUST-01581,welcome,2025-01-23,0,0
b9f56f20,CUST-01582,welcome,2025-04-29,0,0
dea10d49,CUST-01582,sample_followup,2025-05-07,1,0
61278eb0,CUST-01582,post_purchase,2025-07-08,1,0
4841be8b,CUST-01583,welcome,2024-10-12,0,0
36ab4359,CUST-01583,sample_followup,2024-10-18,1,0
c014c8ba,CUST-01583,post_purchase,2024-11-03,1,0
1b9a5d73,CUST-01584,welcome,2025-03-19,0,0
c56a2fa2,CUST-01584,sample_followup,2025-04-09,0,0
3dc5d83c,CUST-01584,trade_engagement,2025-06-01,0,0
5d448e0f,CUST-01585,welcome,2025-05-03,0,0
27c6812c,CUST-01585,sample_followup,2025-05-13,1,0
339eb899,CUST-01585,post_purchase,2025-05-30,0,1
27557550,CUST-01586,welcome,2024-11-26,1,0
943dea3b,CUST-01586,sample_followup,2024-12-10,1,0
dd975eb7,CUST-01586,post_purchase,2025-02-03,1,1
1894ed4d,CUST-01587,welcome,2025-02-16,1,0
907444a2,CUST-01587,sample_followup,2025-02-23,0,0
8ebb11db,CUST-01587,trade_engagement,2025-04-23,0,0
ff232a47,CUST-01588,welcome,2024-09-25,0,0
7ba5c2d9,CUST-01588,sample_followup,2024-10-03,0,0
c4e12322,CUST-01588,reactivation,2024-11-01,0,0
921ab67a,CUST-01589,welcome,2024-10-07,1,0
2b7f15f5,CUST-01589,sample_followup,2024-10-17,0,0
0298357d,CUST-01589,project_nurture,2024-11-20,0,0
d1329c53,CUST-01589,trade_engagement,2024-11-24,1,0
1841dea4,CUST-01590,welcome,2024-04-01,0,0
3dc950ac,CUST-01590,sample_followup,2024-04-12,1,0
2b0215f1,CUST-01590,post_purchase,2024-06-12,0,0
70e9263b,CUST-01591,welcome,2025-02-24,0,0
8e94b49f,CUST-01591,sample_followup,2025-03-13,0,0
3d6ff09c,CUST-01591,reactivation,2025-04-13,1,0
be051c4f,CUST-01592,welcome,2024-03-16,0,1
7c46ceaf,CUST-01592,sample_followup,2024-03-27,1,0
e73c8445,CUST-01592,post_purchase,2024-05-18,1,0
6d68cba7,CUST-01593,welcome,2025-02-27,1,0
cef50608,CUST-01593,sample_followup,2025-03-17,1,0
1f1b1beb,CUST-01593,reactivation,2025-04-29,0,0
00fca271,CUST-01594,welcome,2025-08-08,1,0
99a665b5,CUST-01595,welcome,2024-02-08,0,0
422cb5c2,CUST-01595,sample_followup,2024-02-17,1,0
045fa89b,CUST-01595,reactivation,2024-04-12,0,0
d605ab53,CUST-01596,welcome,2025-04-26,1,0
01e6a122,CUST-01596,sample_followup,2025-04-28,1,0
7bef738e,CUST-01596,project_nurture,2025-05-21,0,0
b8851918,CUST-01596,trade_engagement,2025-07-10,0,0
1e86d58b,CUST-01597,welcome,2025-06-05,0,0
5018b6e8,CUST-01597,sample_followup,2025-06-18,1,0
8f3fdada,CUST-01597,trade_engagement,2025-08-02,0,0
54da1991,CUST-01598,welcome,2025-02-25,1,0
cdea7823,CUST-01599,welcome,2025-02-08,1,0
2b3ef18a,CUST-01599,sample_followup,2025-02-12,1,0
62f2367c,CUST-01599,project_nurture,2025-03-22,1,0
40414baa,CUST-01599,post_purchase,2025-04-02,0,0
5df9521e,CUST-01600,welcome,2025-06-21,0,0
044637ad,CUST-01600,sample_followup,2025-07-04,0,0
d66d698a,CUST-01600,reactivation,2025-07-31,0,0
0faec1ec,CUST-01601,welcome,2025-02-17,1,0
c652324d,CUST-01602,welcome,2024-01-31,0,0
2ddf4797,CUST-01602,sample_followup,2024-02-06,0,0
68ec112e,CUST-01602,post_purchase,2024-02-17,1,0
21adfdfe,CUST-01603,welcome,2024-10-26,1,0
79677057,CUST-01604,welcome,2024-05-20,0,0
edee1df9,CUST-01604,sample_followup,2024-06-04,1,0
9f125a78,CUST-01604,post_purchase,2024-07-14,0,1
aab502c9,CUST-01605,welcome,2025-08-30,1,0
f9991224,CUST-01605,sample_followup,2025-09-06,0,0
83f86397,CUST-01605,post_purchase,2025-10-15,0,1
96eed432,CUST-01606,welcome,2024-07-07,0,0
148703fa,CUST-01606,sample_followup,2024-07-24,0,0
3745faf4,CUST-01606,trade_engagement,2024-09-27,1,0
f1bced13,CUST-01607,welcome,2024-08-12,1,0
77d428ed,CUST-01607,sample_followup,2024-08-23,1,0
ce8c2aa6,CUST-01607,post_purchase,2024-10-03,0,0
d0abb0e1,CUST-01608,welcome,2025-02-19,1,1
03a33b7b,CUST-01608,sample_followup,2025-03-02,0,0
3f4b57e8,CUST-01608,reactivation,2025-04-10,0,0
05174017,CUST-01609,welcome,2025-04-19,0,0
6ebf4906,CUST-01609,sample_followup,2025-04-29,0,0
8567b8ab,CUST-01609,reactivation,2025-06-27,0,0
c28e9f6f,CUST-01610,welcome,2024-09-09,1,0
33d63984,CUST-01611,welcome,2025-08-10,1,0
84bb8f0b,CUST-01612,welcome,2024-06-08,1,0
3a3b4f55,CUST-01613,welcome,2025-01-26,0,0
2dedd409,CUST-01613,sample_followup,2025-01-29,1,0
870610d3,CUST-01613,reactivation,2025-03-14,0,0
bd10382f,CUST-01614,welcome,2024-08-02,0,0
5e61facd,CUST-01614,sample_followup,2024-08-15,1,1
7b638e57,CUST-01614,trade_engagement,2024-09-19,0,0
02ae56ce,CUST-01615,welcome,2024-02-04,0,0
7b9d7b43,CUST-01616,welcome,2025-05-13,0,0
0665e98a,CUST-01616,sample_followup,2025-05-19,0,0
25105c39,CUST-01616,post_purchase,2025-07-10,0,0
1013a49b,CUST-01617,welcome,2025-01-09,0,0
ed92999f,CUST-01617,sample_followup,2025-01-12,1,0
1636e81e,CUST-01617,reactivation,2025-03-01,0,0
f496922c,CUST-01618,welcome,2024-12-13,1,0
3c0243cf,CUST-01619,welcome,2024-05-20,1,0
83fd7675,CUST-01619,reactivation,2024-07-16,0,0
8fab7061,CUST-01620,welcome,2024-12-07,1,0
d1c0b270,CUST-01621,welcome,2025-01-17,0,1
39e0a933,CUST-01621,reactivation,2025-04-14,0,0
602b7345,CUST-01622,welcome,2025-05-21,0,0
2a9ef1d0,CUST-01622,sample_followup,2025-05-30,0,0
77b6a9a2,CUST-01622,post_purchase,2025-07-05,1,0
746f4322,CUST-01623,welcome,2024-08-15,0,0
0103e98e,CUST-01623,sample_followup,2024-08-30,0,0
cf90b712,CUST-01623,reactivation,2024-10-21,0,0
9079b0a0,CUST-01624,welcome,2024-04-26,1,0
dc42c68a,CUST-01625,welcome,2025-01-08,1,0
c8fa551b,CUST-01625,sample_followup,2025-01-21,0,0
cccc7d9d,CUST-01625,post_purchase,2025-02-02,1,1
b18aff54,CUST-01626,welcome,2024-02-23,1,0
7bb9045b,CUST-01626,sample_followup,2024-03-01,0,0
e7f0ec6d,CUST-01626,post_purchase,2024-04-14,0,0
11f80500,CUST-01627,welcome,2025-06-21,0,0
2b110915,CUST-01627,sample_followup,2025-06-25,1,0
e434cfc6,CUST-01627,reactivation,2025-07-27,1,0
9572b170,CUST-01628,welcome,2024-10-19,0,0
fc45a97b,CUST-01629,welcome,2024-01-04,1,0
3c1683c5,CUST-01629,sample_followup,2024-01-23,1,0
fdecaf9d,CUST-01629,post_purchase,2024-02-07,0,0
7b545f34,CUST-01630,welcome,2024-01-10,0,0
8c1044ca,CUST-01630,sample_followup,2024-01-25,1,1
344df880,CUST-01630,trade_engagement,2024-04-09,1,0
9b34517b,CUST-01631,welcome,2025-03-29,0,0
fbe68aa2,CUST-01631,sample_followup,2025-04-18,1,0
077e383a,CUST-01631,trade_engagement,2025-06-08,0,0
959a930a,CUST-01632,welcome,2024-12-09,1,0
b46cbdb8,CUST-01632,trade_engagement,2025-03-02,0,0
b8819d56,CUST-01633,welcome,2025-01-20,0,0
ea3e0831,CUST-01633,sample_followup,2025-02-08,0,0
2f77f2f1,CUST-01633,project_nurture,2025-03-09,0,0
4907c828,CUST-01633,post_purchase,2025-03-13,1,1
666d5186,CUST-01634,welcome,2025-02-01,0,0
34996a2e,CUST-01634,sample_followup,2025-02-10,0,0
d588aae0,CUST-01634,trade_engagement,2025-05-04,0,0
8d1a1993,CUST-01635,welcome,2025-01-16,1,0
a2e2130e,CUST-01635,sample_followup,2025-01-26,1,0
c83b2480,CUST-01635,post_purchase,2025-03-02,1,0
9d419885,CUST-01636,welcome,2024-06-04,1,0
d775239a,CUST-01636,sample_followup,2024-06-12,0,1
a6b82e75,CUST-01636,post_purchase,2024-08-02,1,0
1df2c144,CUST-01637,welcome,2024-07-12,1,0
a3ab5245,CUST-01637,sample_followup,2024-07-20,0,0
7578ba45,CUST-01637,post_purchase,2024-08-15,1,1
b1e50b72,CUST-01638,welcome,2024-02-10,0,0
413a65dc,CUST-01638,sample_followup,2024-02-21,0,0
0743abde,CUST-01638,post_purchase,2024-03-09,1,0
9f730af1,CUST-01639,welcome,2025-05-31,0,0
4cc66f52,CUST-01639,sample_followup,2025-06-12,0,0
393ee552,CUST-01639,project_nurture,2025-07-16,0,0
161e66d8,CUST-01639,post_purchase,2025-07-19,1,0
12e30fc4,CUST-01640,welcome,2025-02-28,1,0
09b311ad,CUST-01641,welcome,2024-05-30,1,0
d7c87f11,CUST-01641,sample_followup,2024-06-12,0,0
086b8481,CUST-01641,post_purchase,2024-06-21,0,0
65b03f54,CUST-01642,welcome,2025-08-16,0,0
142adaa4,CUST-01643,welcome,2024-09-04,0,0
48194a4e,CUST-01643,sample_followup,2024-09-17,0,0
c982d208,CUST-01643,reactivation,2024-12-08,0,0
afcb0216,CUST-01644,welcome,2025-08-19,1,0
16e1c3df,CUST-01645,welcome,2024-04-24,1,0
e68199c3,CUST-01645,sample_followup,2024-05-05,0,0
d49075cc,CUST-01645,post_purchase,2024-06-08,1,0
0e33bcea,CUST-01646,welcome,2025-04-22,0,1
3bfcf98b,CUST-01646,sample_followup,2025-05-08,1,0
1cf777b3,CUST-01646,reactivation,2025-07-21,0,0
9734f273,CUST-01647,welcome,2024-06-23,0,0
ea44377a,CUST-01647,sample_followup,2024-07-12,1,1
ac63f721,CUST-01647,post_purchase,2024-08-28,1,0
b7c7ede1,CUST-01648,welcome,2025-01-07,0,0
adfa485c,CUST-01649,welcome,2024-09-21,0,0
be6cafc7,CUST-01650,welcome,2024-07-27,1,0
245264b2,CUST-01650,sample_followup,2024-08-15,1,0
2abfe256,CUST-01650,post_purchase,2024-10-05,1,1
d03c4bba,CUST-01651,welcome,2024-03-08,0,0
5319d9d7,CUST-01651,sample_followup,2024-03-11,0,0
427fcebb,CUST-01651,post_purchase,2024-04-24,1,0
6e60cd04,CUST-01652,welcome,2024-01-26,0,0
19ce43fd,CUST-01652,sample_followup,2024-02-12,1,0
9a5c917e,CUST-01652,reactivation,2024-04-11,1,0
0254a1e8,CUST-01653,welcome,2025-02-15,1,0
6611e47a,CUST-01653,sample_followup,2025-03-07,1,0
72c7d489,CUST-01653,reactivation,2025-05-30,0,0
c101915d,CUST-01654,welcome,2025-08-06,0,0
5cf6f1e8,CUST-01654,sample_followup,2025-08-19,1,0
c0c960c3,CUST-01655,welcome,2025-07-09,1,0
569bf827,CUST-01656,welcome,2024-12-08,1,0
48a48985,CUST-01656,post_purchase,2024-12-28,0,1
cad64db6,CUST-01657,welcome,2024-04-02,0,0
77922955,CUST-01657,sample_followup,2024-04-05,0,0
c085b0e6,CUST-01657,trade_engagement,2024-05-25,1,0
17e3d212,CUST-01658,welcome,2024-06-25,0,0
e6c880fe,CUST-01658,sample_followup,2024-07-06,1,0
db11eae8,CUST-01658,post_purchase,2024-08-07,1,0
aea282e9,CUST-01659,welcome,2024-01-10,0,0
07453639,CUST-01660,welcome,2025-05-22,1,0
00bbf0d3,CUST-01661,welcome,2024-09-11,0,0
d7618a8f,CUST-01661,sample_followup,2024-09-21,1,0
52081ddc,CUST-01661,post_purchase,2024-11-13,0,0
f733f356,CUST-01662,welcome,2025-04-17,1,0
ed4e76e0,CUST-01662,sample_followup,2025-05-07,0,0
3a16a827,CUST-01662,post_purchase,2025-06-04,0,0
57a1dfb6,CUST-01663,welcome,2024-01-03,0,0
f3beff78,CUST-01663,sample_followup,2024-01-11,0,0
4d5f2c40,CUST-01663,trade_engagement,2024-02-11,1,0
5e57cb14,CUST-01664,welcome,2024-11-03,1,0
9b80211a,CUST-01665,welcome,2024-12-09,1,0
9b677ed3,CUST-01665,sample_followup,2024-12-24,0,0
4cacc156,CUST-01665,post_purchase,2025-02-02,0,0
44a8d169,CUST-01666,welcome,2024-02-21,0,0
cb6dbeea,CUST-01666,sample_followup,2024-02-28,0,1
0537d4ca,CUST-01666,project_nurture,2024-03-23,1,1
ec171474,CUST-01666,post_purchase,2024-04-15,0,1
0222dc46,CUST-01667,welcome,2024-07-21,1,0
9784598f,CUST-01667,sample_followup,2024-07-25,0,0
c89de550,CUST-01667,reactivation,2024-09-18,0,0
f145ec64,CUST-01668,welcome,2024-06-24,0,0
b0832d49,CUST-01668,reactivation,2024-07-30,0,0
b55c7392,CUST-01669,welcome,2025-05-31,0,0
3125c8da,CUST-01669,sample_followup,2025-06-14,0,0
a1670067,CUST-01669,post_purchase,2025-06-23,0,1
0cfcc30d,CUST-01670,welcome,2025-06-03,0,0
e56aeb3e,CUST-01670,sample_followup,2025-06-24,0,0
b813d0df,CUST-01670,post_purchase,2025-08-14,1,0
391b5216,CUST-01671,welcome,2024-11-17,0,1
efd03b51,CUST-01671,sample_followup,2024-11-22,1,0
521c6a6f,CUST-01671,reactivation,2025-02-13,0,0
1d5faed5,CUST-01672,welcome,2024-01-14,0,0
fac943ad,CUST-01672,sample_followup,2024-01-27,0,0
1739acbf,CUST-01672,post_purchase,2024-03-29,1,0
a98451d3,CUST-01673,welcome,2024-07-22,0,0
43a35048,CUST-01674,welcome,2024-03-18,0,0
8cf5fb47,CUST-01674,sample_followup,2024-04-02,0,1
fdff0099,CUST-01674,reactivation,2024-06-06,0,0
6f867a56,CUST-01675,welcome,2025-04-19,0,0
2b6d6084,CUST-01676,welcome,2025-03-21,1,0
accd040f,CUST-01676,sample_followup,2025-04-01,1,0
954529dc,CUST-01676,post_purchase,2025-06-02,1,1
96fdaecd,CUST-01677,welcome,2024-08-26,0,1
aed9fd68,CUST-01677,sample_followup,2024-09-04,0,0
202ee9db,CUST-01677,reactivation,2024-11-13,1,0
1c281a61,CUST-01678,welcome,2024-02-29,0,0
d700c85c,CUST-01678,sample_followup,2024-03-19,0,0
8d841424,CUST-01678,reactivation,2024-05-24,0,0
5dd672bf,CUST-01679,welcome,2025-01-22,1,1
86806a68,CUST-01679,sample_followup,2025-02-03,1,0
3582ec55,CUST-01679,reactivation,2025-04-18,0,0
cfa37977,CUST-01680,welcome,2024-12-07,0,0
9b7cf310,CUST-01680,sample_followup,2024-12-20,1,0
e99b7d85,CUST-01680,post_purchase,2025-02-14,1,0
d293afdb,CUST-01681,welcome,2025-03-16,1,1
4c271337,CUST-01681,trade_engagement,2025-04-26,1,0
81f86ebc,CUST-01682,welcome,2025-05-30,0,0
41b8912a,CUST-01682,sample_followup,2025-06-05,1,1
402e6383,CUST-01682,trade_engagement,2025-08-17,0,0
99bcb72d,CUST-01683,welcome,2025-03-30,1,0
bb763ec4,CUST-01683,sample_followup,2025-04-16,1,0
47147fb1,CUST-01683,trade_engagement,2025-05-19,0,0
7dcd9e88,CUST-01684,welcome,2024-09-04,1,0
51f4cf43,CUST-01684,post_purchase,2024-09-30,1,0
1ff01866,CUST-01685,welcome,2024-04-05,1,0
cbef1d67,CUST-01685,sample_followup,2024-04-09,1,0
2321d506,CUST-01685,post_purchase,2024-05-28,1,0
1f1776b5,CUST-01686,welcome,2025-05-05,1,0
ddb610fd,CUST-01686,sample_followup,2025-05-11,1,1
bf3551ef,CUST-01686,post_purchase,2025-05-22,0,1
8ec90071,CUST-01687,welcome,2024-11-07,1,0
52e62ddb,CUST-01688,welcome,2024-03-29,0,0
9adc51c8,CUST-01689,welcome,2025-04-10,0,0
1bed0ff7,CUST-01689,sample_followup,2025-04-15,0,1
357b2985,CUST-01689,post_purchase,2025-05-23,1,0
63e6fa5d,CUST-01690,welcome,2025-05-29,1,0
abd88173,CUST-01691,welcome,2024-02-02,1,0
d0216537,CUST-01691,sample_followup,2024-02-24,1,0
73209381,CUST-01691,post_purchase,2024-03-16,0,0
0aa6ef5c,CUST-01692,welcome,2024-10-13,0,0
1d46f8bf,CUST-01692,sample_followup,2024-10-15,1,0
35c017da,CUST-01692,post_purchase,2024-10-27,1,0
0e796330,CUST-01693,welcome,2024-12-21,1,0
f333f828,CUST-01693,sample_followup,2025-01-01,0,0
0f230afe,CUST-01693,reactivation,2025-03-24,0,0
fd3d6fb4,CUST-01694,welcome,2024-05-19,1,0
f2aae788,CUST-01694,sample_followup,2024-05-29,0,0
ada3e73a,CUST-01694,reactivation,2024-07-02,0,0
5a28cda2,CUST-01695,welcome,2025-05-19,1,0
ea732698,CUST-01695,sample_followup,2025-05-29,0,0
329d7dbd,CUST-01695,reactivation,2025-07-14,0,0
2acae56d,CUST-01696,welcome,2025-07-16,1,1
fc40dc11,CUST-01697,welcome,2024-02-19,0,0
4bff1aa6,CUST-01697,sample_followup,2024-03-01,0,0
74653de6,CUST-01697,post_purchase,2024-04-30,0,0
68f2de68,CUST-01698,welcome,2025-05-28,1,0
4b44444d,CUST-01698,sample_followup,2025-06-02,1,1
7cdf87e9,CUST-01698,trade_engagement,2025-07-14,1,0
ee23ac3a,CUST-01699,welcome,2025-01-16,1,0
892c949a,CUST-01699,sample_followup,2025-01-18,1,0
8072d39c,CUST-01699,post_purchase,2025-03-21,0,0
58f19b98,CUST-01700,welcome,2025-01-25,0,0
01c95dad,CUST-01700,sample_followup,2025-01-27,1,0
84a24931,CUST-01700,project_nurture,2025-02-25,0,1
eb3a1c78,CUST-01700,post_purchase,2025-02-13,1,0
2f5caeb2,CUST-01701,welcome,2024-09-08,0,0
c57f4a7f,CUST-01701,sample_followup,2024-09-23,0,0
6f211f7d,CUST-01701,reactivation,2024-11-28,0,0
25e132b5,CUST-01702,welcome,2025-07-01,1,0
be0a23b9,CUST-01702,sample_followup,2025-07-07,0,0
2a4274af,CUST-01702,post_purchase,2025-07-22,0,0
38b20a61,CUST-01703,welcome,2025-01-15,1,0
ba1879f8,CUST-01704,welcome,2024-02-01,1,0
71efcc8a,CUST-01704,sample_followup,2024-02-21,0,0
359d0ec3,CUST-01704,post_purchase,2024-04-20,1,0
a74ad628,CUST-01705,welcome,2024-10-08,1,0
ec56d607,CUST-01705,sample_followup,2024-10-17,0,0
a9c7ad32,CUST-01705,post_purchase,2024-12-12,0,0
641e59ef,CUST-01706,welcome,2025-07-30,1,1
ec60e34c,CUST-01706,sample_followup,2025-08-15,0,0
d636a3b9,CUST-01707,welcome,2025-08-11,1,0
3074725a,CUST-01707,sample_followup,2025-08-20,1,0
7e961761,CUST-01708,welcome,2024-02-29,0,0
5d7644e3,CUST-01709,welcome,2025-06-28,1,0
b3024aa7,CUST-01709,sample_followup,2025-07-14,0,0
f2702481,CUST-01709,reactivation,2025-08-29,0,0
f3c830f6,CUST-01710,welcome,2025-04-13,0,0
2dffa75a,CUST-01711,welcome,2025-03-26,1,1
19772d6d,CUST-01711,trade_engagement,2025-05-27,0,0
efde02e1,CUST-01712,welcome,2024-02-02,1,1
2e043e2a,CUST-01712,sample_followup,2024-02-06,0,0
4f66047d,CUST-01712,trade_engagement,2024-04-07,0,0
03bd5f8c,CUST-01713,welcome,2024-12-13,0,0
c4be8d4a,CUST-01713,sample_followup,2024-12-28,0,0
bbfc8cb0,CUST-01713,reactivation,2025-02-06,0,0
cf57d181,CUST-01714,welcome,2024-07-18,1,0
e185ff97,CUST-01714,sample_followup,2024-07-31,1,0
c8a9ce15,CUST-01714,post_purchase,2024-08-21,1,0
66833056,CUST-01715,welcome,2024-12-18,0,0
9da45766,CUST-01715,sample_followup,2024-12-29,0,1
020d61cb,CUST-01715,reactivation,2025-02-17,1,0
2892ae76,CUST-01716,welcome,2024-08-22,1,1
9ddb8309,CUST-01716,sample_followup,2024-08-29,0,0
ec99054c,CUST-01716,trade_engagement,2024-11-08,1,0
ad4f0c65,CUST-01717,welcome,2024-03-02,0,0
0adf30af,CUST-01717,post_purchase,2024-04-19,1,0
32da6aa0,CUST-01718,welcome,2024-05-15,0,0
f90f40f1,CUST-01718,sample_followup,2024-05-31,1,0
2737de5a,CUST-01718,post_purchase,2024-06-19,1,1
1695e416,CUST-01719,welcome,2024-10-14,1,0
a40d13e8,CUST-01719,sample_followup,2024-10-27,0,0
f1a122fd,CUST-01719,reactivation,2025-01-22,0,0
cad678ab,CUST-01720,welcome,2024-12-10,1,0
08eed713,CUST-01720,sample_followup,2024-12-15,1,0
fee54394,CUST-01720,post_purchase,2025-02-06,0,0
8c8f9d2e,CUST-01721,welcome,2024-09-23,1,0
b4d31ebf,CUST-01722,welcome,2025-01-22,0,0
5a3b129b,CUST-01723,welcome,2025-01-04,1,0
d0886a30,CUST-01723,sample_followup,2025-01-09,1,1
fa548f15,CUST-01723,post_purchase,2025-02-21,1,0
c84c13b3,CUST-01724,welcome,2024-12-31,0,0
d54237e8,CUST-01724,sample_followup,2025-01-02,0,0
02f2b30f,CUST-01724,reactivation,2025-02-22,0,0
d003429e,CUST-01725,welcome,2025-08-17,0,0
643e23a2,CUST-01726,welcome,2025-02-03,1,0
bd74f8cc,CUST-01726,sample_followup,2025-02-19,1,0
27251a2a,CUST-01726,post_purchase,2025-03-19,1,1
5b9b2d09,CUST-01727,welcome,2025-05-18,1,0
57f9d118,CUST-01727,sample_followup,2025-05-24,1,0
dd1f271f,CUST-01727,post_purchase,2025-07-06,0,0
a66ec8f5,CUST-01728,welcome,2025-05-26,1,0
8df6437a,CUST-01728,sample_followup,2025-06-11,0,0
d08b035f,CUST-01728,project_nurture,2025-07-11,0,0
a4f62abe,CUST-01728,trade_engagement,2025-07-20,0,0
642a34b1,CUST-01729,welcome,2025-01-26,1,0
29a5933d,CUST-01730,welcome,2024-11-29,1,0
d4072b2f,CUST-01730,sample_followup,2024-12-09,0,0
2a02437c,CUST-01730,project_nurture,2025-01-10,0,0
572d537a,CUST-01730,post_purchase,2025-01-13,0,0
df6d596b,CUST-01731,welcome,2024-06-13,0,0
65de99dd,CUST-01731,post_purchase,2024-08-08,1,0
6d9b198a,CUST-01732,welcome,2024-09-30,0,0
c519fef6,CUST-01732,sample_followup,2024-10-06,1,1
40fe2d9c,CUST-01732,reactivation,2024-11-25,0,0
0d1bd3a4,CUST-01733,welcome,2025-04-06,0,0
081897ec,CUST-01733,sample_followup,2025-04-12,0,0
a92b21b2,CUST-01733,trade_engagement,2025-05-28,0,0
317705d3,CUST-01734,welcome,2024-03-05,1,1
2159713e,CUST-01734,sample_followup,2024-03-11,1,0
6f1e7fb0,CUST-01734,post_purchase,2024-05-03,1,0
2c8a6db1,CUST-01735,welcome,2025-06-23,1,0
9ec1f97c,CUST-01735,sample_followup,2025-06-26,1,0
d5bd8b6c,CUST-01735,post_purchase,2025-08-18,0,0
da040d9e,CUST-01736,welcome,2025-06-05,1,0
7f59ca81,CUST-01736,sample_followup,2025-06-18,0,0
034adaf8,CUST-01736,post_purchase,2025-07-01,0,0
fcba578c,CUST-01737,welcome,2025-04-09,1,0
9279c595,CUST-01737,sample_followup,2025-04-18,0,0
b9f68237,CUST-01737,reactivation,2025-05-28,0,0
43c44c17,CUST-01738,welcome,2025-07-05,0,0
8f92b321,CUST-01739,welcome,2024-04-24,0,0
53c8c4a4,CUST-01739,post_purchase,2024-05-17,0,0
56ea87d8,CUST-01740,welcome,2025-08-28,0,1
1bbc13fb,CUST-01741,welcome,2024-11-17,0,0
ef1105be,CUST-01741,sample_followup,2024-12-02,0,0
a0227a5d,CUST-01741,reactivation,2025-02-13,0,0
5fc41790,CUST-01742,welcome,2024-10-05,1,0
1b982efa,CUST-01743,welcome,2024-02-08,1,1
c2b9a841,CUST-01743,post_purchase,2024-02-22,1,0
377fa191,CUST-01744,welcome,2024-06-13,1,0
fd5ab296,CUST-01744,sample_followup,2024-06-26,0,0
932e2419,CUST-01744,post_purchase,2024-08-11,0,0
2899d55a,CUST-01745,welcome,2025-07-25,0,0
381a205b,CUST-01745,sample_followup,2025-07-31,1,0
28c2a307,CUST-01745,post_purchase,2025-08-17,0,0
bac2b5f9,CUST-01746,welcome,2024-07-04,0,0
560d1384,CUST-01746,reactivation,2024-08-22,0,0
e7eb9528,CUST-01747,welcome,2024-03-02,0,0
c180b600,CUST-01747,sample_followup,2024-03-19,0,0
af87d54d,CUST-01747,reactivation,2024-05-17,1,0
e7aa072c,CUST-01748,welcome,2025-08-02,0,1
40e84489,CUST-01748,sample_followup,2025-08-23,1,0
984571fe,CUST-01749,welcome,2024-03-31,0,0
02676af9,CUST-01749,post_purchase,2024-05-26,0,0
93450b8c,CUST-01750,welcome,2024-06-14,1,0
cf26c3b5,CUST-01751,welcome,2024-06-03,1,0
7fe96426,CUST-01751,sample_followup,2024-06-16,0,0
dd7b9fb3,CUST-01751,post_purchase,2024-07-25,0,0
9e3a743c,CUST-01752,welcome,2024-03-03,1,0
9dc023b0,CUST-01753,welcome,2025-01-14,1,0
9e98e355,CUST-01753,trade_engagement,2025-03-02,1,0
8195a598,CUST-01754,welcome,2025-02-28,1,0
9a139b98,CUST-01754,sample_followup,2025-03-05,1,0
3676aa9d,CUST-01754,reactivation,2025-05-23,0,0
9d65c0e8,CUST-01755,welcome,2025-05-27,0,0
1c0a6329,CUST-01755,post_purchase,2025-07-27,0,0
4eeda40a,CUST-01756,welcome,2024-09-20,1,0
5db230e0,CUST-01756,sample_followup,2024-10-02,1,0
ec5a0981,CUST-01756,post_purchase,2024-11-11,1,0
b98f05f3,CUST-01757,welcome,2025-05-14,1,0
8ffcfeb2,CUST-01757,sample_followup,2025-05-27,0,0
38029ab1,CUST-01757,post_purchase,2025-07-20,0,0
6068b297,CUST-01758,welcome,2025-08-29,0,0
acfcb8e4,CUST-01758,sample_followup,2025-09-07,0,1
53eab586,CUST-01758,post_purchase,2025-09-25,1,0
a419ff6f,CUST-01759,welcome,2024-01-06,1,0
735aa03d,CUST-01759,sample_followup,2024-01-08,1,0
853c8607,CUST-01759,reactivation,2024-02-14,0,0
62f08dba,CUST-01760,welcome,2024-05-30,1,0
9b132df4,CUST-01760,reactivation,2024-08-26,0,0
be14090c,CUST-01761,welcome,2025-04-30,1,0
b66c2691,CUST-01761,sample_followup,2025-05-10,1,1
ba83205f,CUST-01761,post_purchase,2025-06-12,0,0
057c96b5,CUST-01762,welcome,2025-06-17,0,0
15e25019,CUST-01762,sample_followup,2025-06-27,0,0
9f2b1084,CUST-01763,welcome,2025-03-14,1,0
21fddbbc,CUST-01763,sample_followup,2025-03-27,0,0
d261bce0,CUST-01763,post_purchase,2025-05-12,1,0
14ae76a8,CUST-01764,welcome,2025-05-21,0,0
bd314e63,CUST-01764,sample_followup,2025-06-04,1,0
dadcac23,CUST-01764,project_nurture,2025-06-16,1,0
753d2566,CUST-01764,trade_engagement,2025-07-16,0,0
dd74314a,CUST-01765,welcome,2024-03-10,1,0
772d99b3,CUST-01766,welcome,2024-12-23,1,0
199f7cf8,CUST-01767,welcome,2024-01-09,0,0
aa665834,CUST-01767,sample_followup,2024-01-25,0,0
cea7ed71,CUST-01767,post_purchase,2024-02-16,0,0
6bf43d38,CUST-01768,welcome,2024-03-01,1,0
ee8ae635,CUST-01768,post_purchase,2024-04-20,0,1
b299c2ff,CUST-01769,welcome,2025-08-05,1,0
4df38d8d,CUST-01770,welcome,2024-05-23,1,0
b8911fa1,CUST-01770,post_purchase,2024-06-10,1,0
c609b828,CUST-01771,welcome,2024-03-27,0,0
624c976d,CUST-01772,welcome,2024-01-09,1,0
092d6fcf,CUST-01772,sample_followup,2024-01-18,1,1
3465b19a,CUST-01772,post_purchase,2024-03-10,1,0
da6c33c9,CUST-01773,welcome,2024-12-17,1,0
19826c7f,CUST-01773,sample_followup,2024-12-27,1,0
a7925721,CUST-01773,post_purchase,2025-02-13,1,0
8c914b08,CUST-01774,welcome,2025-06-07,1,0
6d49b699,CUST-01775,welcome,2025-08-02,0,1
8a079938,CUST-01775,sample_followup,2025-08-08,1,0
1a3fbf79,CUST-01775,post_purchase,2025-08-21,1,1
3ae73f55,CUST-01776,welcome,2024-10-07,1,0
440713e4,CUST-01776,sample_followup,2024-10-18,1,0
497cf178,CUST-01776,post_purchase,2024-12-16,1,0
95cd7ae8,CUST-01777,welcome,2024-05-04,0,0
1f32d8ee,CUST-01777,sample_followup,2024-05-19,1,0
eee2c703,CUST-01777,reactivation,2024-07-06,1,0
2e87afba,CUST-01778,welcome,2024-02-10,1,0
6780d5d4,CUST-01778,sample_followup,2024-02-26,1,0
ce05608c,CUST-01778,post_purchase,2024-03-28,1,0
75f264d7,CUST-01779,welcome,2024-06-02,0,0
d00524b9,CUST-01779,sample_followup,2024-06-21,0,0
656005f8,CUST-01779,post_purchase,2024-07-29,0,0
07bd1939,CUST-01780,welcome,2024-01-18,0,0
e199f71a,CUST-01780,sample_followup,2024-02-02,0,0
3b937586,CUST-01780,post_purchase,2024-02-28,1,0
31e993ce,CUST-01781,welcome,2024-09-03,0,0
5c4a84f3,CUST-01781,trade_engagement,2024-12-04,0,0
554a8dce,CUST-01782,welcome,2024-07-19,0,1
93137f1e,CUST-01782,sample_followup,2024-07-31,0,0
2056857d,CUST-01782,trade_engagement,2024-09-22,1,0
a64cad63,CUST-01783,welcome,2024-10-10,1,0
f3e4c5df,CUST-01783,sample_followup,2024-10-20,0,1
266483bb,CUST-01783,reactivation,2024-12-02,0,0
f12cf37a,CUST-01784,welcome,2024-03-24,0,0
74e44095,CUST-01784,sample_followup,2024-04-06,1,0
25229078,CUST-01784,post_purchase,2024-06-02,1,0
a7998ce5,CUST-01785,welcome,2024-07-29,0,0
44c9a07d,CUST-01786,welcome,2024-03-04,1,0
f446d365,CUST-01786,reactivation,2024-05-16,1,0
a77035b6,CUST-01787,welcome,2025-04-22,1,1
b40f8d27,CUST-01787,sample_followup,2025-05-02,0,0
76e19e69,CUST-01787,post_purchase,2025-07-02,1,0
4a6b6293,CUST-01788,welcome,2024-01-15,1,0
e5e37f20,CUST-01788,sample_followup,2024-01-31,0,0
ee7cb806,CUST-01788,post_purchase,2024-03-11,0,0
579637ed,CUST-01789,welcome,2024-04-21,0,1
39090028,CUST-01789,sample_followup,2024-05-01,0,0
ccb1ab54,CUST-01789,reactivation,2024-07-22,0,0
dda8d43b,CUST-01790,welcome,2024-03-03,0,0
2b78f8a7,CUST-01790,reactivation,2024-05-24,0,0
f6a14418,CUST-01791,welcome,2025-06-02,0,0
9fe5b185,CUST-01791,sample_followup,2025-06-05,0,0
34092902,CUST-01791,reactivation,2025-07-06,0,0
435d82a7,CUST-01792,welcome,2024-11-26,1,0
c6881250,CUST-01792,sample_followup,2024-12-13,0,0
6931c5be,CUST-01792,post_purchase,2025-01-11,1,0
6e6de205,CUST-01793,welcome,2024-01-18,1,0
0d2f60bc,CUST-01794,welcome,2024-08-24,0,0
b89d6927,CUST-01794,sample_followup,2024-09-04,1,0
eb574df3,CUST-01794,reactivation,2024-11-24,0,0
4c5b3871,CUST-01795,welcome,2025-02-07,1,0
a62f84cf,CUST-01795,sample_followup,2025-02-12,1,0
628c7ac2,CUST-01795,reactivation,2025-04-13,1,0
f9a52c59,CUST-01796,welcome,2024-10-28,1,0
fd9b38c7,CUST-01796,sample_followup,2024-11-13,0,0
65fa7465,CUST-01796,trade_engagement,2025-01-22,0,0
23ce9e5f,CUST-01797,welcome,2025-05-13,0,0
e0c9ea33,CUST-01797,sample_followup,2025-05-20,0,0
eae18ef1,CUST-01797,reactivation,2025-07-12,0,0
bb3feeb7,CUST-01798,welcome,2025-05-19,0,0
c3332328,CUST-01798,sample_followup,2025-05-29,0,0
60c395d9,CUST-01798,reactivation,2025-07-20,0,0
9dd30ce2,CUST-01799,welcome,2024-02-25,1,0
28d32e63,CUST-01799,sample_followup,2024-03-06,1,0
21c36bb5,CUST-01799,post_purchase,2024-04-10,1,0
2678ba2d,CUST-01800,welcome,2025-05-09,0,0
f947cbb5,CUST-01800,sample_followup,2025-05-16,0,0
a7e86fba,CUST-01800,post_purchase,2025-06-10,1,0
c1ab74d6,CUST-01801,welcome,2024-12-24,1,0
db9ed71d,CUST-01801,sample_followup,2025-01-08,1,0
02b3dc25,CUST-01801,reactivation,2025-03-19,1,0
57b0c3dc,CUST-01802,welcome,2025-06-26,0,1
a8651fb3,CUST-01802,sample_followup,2025-07-02,1,0
1caff3b4,CUST-01803,welcome,2024-09-04,0,0
69258ced,CUST-01803,sample_followup,2024-09-20,1,0
f4ccf131,CUST-01803,trade_engagement,2024-12-13,0,0
7865aa9f,CUST-01804,welcome,2024-09-14,1,0
b142874c,CUST-01804,sample_followup,2024-09-22,1,1
01455387,CUST-01804,reactivation,2024-10-31,0,0
7852e97a,CUST-01805,welcome,2025-01-09,1,1
e695a1de,CUST-01805,sample_followup,2025-01-15,1,0
ec062102,CUST-01805,project_nurture,2025-02-16,0,0
9cd437b0,CUST-01805,post_purchase,2025-02-20,0,0
64677f34,CUST-01806,welcome,2024-09-13,1,0
28a2d601,CUST-01806,sample_followup,2024-09-19,0,0
72798b22,CUST-01806,trade_engagement,2024-10-23,1,0
07555f11,CUST-01807,welcome,2025-07-27,0,0
a9e6839e,CUST-01807,sample_followup,2025-08-17,0,0
a3431a0f,CUST-01808,welcome,2024-10-10,0,0
445e6f17,CUST-01808,post_purchase,2024-12-12,1,0
a876d7d8,CUST-01809,welcome,2024-12-05,1,0
589f818a,CUST-01809,sample_followup,2024-12-18,1,0
6e15e602,CUST-01809,reactivation,2025-03-02,0,0
7447a5f0,CUST-01810,welcome,2024-12-18,0,1
f2731c76,CUST-01811,welcome,2025-05-23,1,1
8d505c1f,CUST-01811,sample_followup,2025-06-09,0,0
f7ee4937,CUST-01811,trade_engagement,2025-08-05,0,0
610df5bb,CUST-01812,welcome,2025-05-30,0,0
4a7ab51c,CUST-01812,sample_followup,2025-06-03,0,0
07778427,CUST-01812,reactivation,2025-08-01,1,0
a292b631,CUST-01813,welcome,2025-01-09,1,0
f5d8e51e,CUST-01813,sample_followup,2025-01-12,1,0
809c2ccd,CUST-01813,post_purchase,2025-02-11,1,0
99f9470f,CUST-01814,welcome,2024-07-12,0,0
18fc4510,CUST-01814,sample_followup,2024-07-17,0,0
4d733c8f,CUST-01814,reactivation,2024-10-09,0,0
66e29d60,CUST-01815,welcome,2025-05-13,0,0
a50b2708,CUST-01815,sample_followup,2025-05-21,0,0
7c437eb7,CUST-01815,post_purchase,2025-06-15,1,0
603c59b9,CUST-01816,welcome,2024-09-14,1,0
1c012dc9,CUST-01816,post_purchase,2024-10-26,0,1
9f43e365,CUST-01817,welcome,2024-01-19,0,1
ca8263e5,CUST-01817,sample_followup,2024-01-21,1,0
cb066e23,CUST-01817,post_purchase,2024-02-22,1,0
184e78de,CUST-01818,welcome,2024-01-10,1,1
609c88a6,CUST-01818,sample_followup,2024-01-28,0,0
01099d09,CUST-01818,post_purchase,2024-03-24,0,0
694b9c16,CUST-01819,welcome,2024-06-04,0,0
0143df7d,CUST-01820,welcome,2025-02-27,1,0
7b60dfb0,CUST-01820,sample_followup,2025-03-04,0,0
8e67e8b8,CUST-01820,post_purchase,2025-05-02,0,0
c0a6480c,CUST-01821,welcome,2025-05-07,1,0
89fc2684,CUST-01821,sample_followup,2025-05-13,0,0
2c0345bd,CUST-01821,post_purchase,2025-06-08,0,0
69be4304,CUST-01822,welcome,2024-07-25,1,0
8270864d,CUST-01822,sample_followup,2024-08-10,0,0
8f97c346,CUST-01822,reactivation,2024-10-22,0,0
5300d049,CUST-01823,welcome,2025-04-13,1,0
fbbb5c8c,CUST-01824,welcome,2024-06-13,1,0
da4f5334,CUST-01824,sample_followup,2024-06-25,0,0
706bb165,CUST-01824,post_purchase,2024-08-19,1,0
5d56d988,CUST-01825,welcome,2025-08-05,0,0
acbe4661,CUST-01825,sample_followup,2025-08-15,0,0
bc035ba0,CUST-01826,welcome,2025-07-10,1,0
8c20262f,CUST-01827,welcome,2025-01-12,1,0
ed110a92,CUST-01827,sample_followup,2025-02-03,0,0
f849e4ce,CUST-01827,reactivation,2025-03-14,0,1
604fbd41,CUST-01828,welcome,2024-03-31,1,0
17a4a175,CUST-01828,sample_followup,2024-04-11,0,0
a0451d14,CUST-01828,post_purchase,2024-04-28,0,0
70d35a84,CUST-01829,welcome,2025-08-15,1,0
8d09175b,CUST-01830,welcome,2025-01-20,0,0
359f8c57,CUST-01830,sample_followup,2025-02-12,0,0
3b462fd6,CUST-01830,post_purchase,2025-03-19,1,0
81bf888d,CUST-01831,welcome,2024-01-07,1,0
84dc680e,CUST-01831,sample_followup,2024-01-16,0,0
5253cea2,CUST-01831,reactivation,2024-03-17,1,0
ab6b47a9,CUST-01832,welcome,2024-05-20,0,1
91a71b1c,CUST-01832,reactivation,2024-07-31,0,0
4df05b7e,CUST-01833,welcome,2024-10-28,0,0
f5a50b46,CUST-01833,reactivation,2025-01-21,0,0
a2e1953f,CUST-01834,welcome,2024-09-21,1,0
2840507c,CUST-01834,sample_followup,2024-10-05,1,0
2ed3ef92,CUST-01834,reactivation,2024-11-18,1,0
9516e3d6,CUST-01835,welcome,2025-01-23,1,0
7aefa948,CUST-01835,sample_followup,2025-02-15,0,0
70c39b28,CUST-01835,post_purchase,2025-02-28,0,0
934eb6fd,CUST-01836,welcome,2024-07-05,0,0
fb0c96bc,CUST-01836,sample_followup,2024-07-11,0,0
f79a50b0,CUST-01836,reactivation,2024-08-31,0,1
1a70a7af,CUST-01837,welcome,2025-06-21,0,0
fbc1a2bb,CUST-01837,post_purchase,2025-07-15,1,0
4f93bd61,CUST-01838,welcome,2025-06-07,0,0
b54bbf48,CUST-01839,welcome,2025-01-27,1,0
9e67cbed,CUST-01839,sample_followup,2025-02-02,0,1
378e05e7,CUST-01839,post_purchase,2025-02-14,1,0
bbfb0d02,CUST-01840,welcome,2024-08-22,0,0
3504adf1,CUST-01840,sample_followup,2024-09-04,0,0
e73d05ff,CUST-01840,post_purchase,2024-10-07,1,0
75a354ae,CUST-01841,welcome,2024-11-28,1,0
78e1656e,CUST-01841,sample_followup,2024-12-08,1,0
5b355e69,CUST-01841,post_purchase,2024-12-28,1,0
f81e031f,CUST-01842,welcome,2024-11-27,0,0
3872eb12,CUST-01842,sample_followup,2024-12-01,0,0
91cde863,CUST-01842,reactivation,2025-02-16,1,0
d2d3d6fa,CUST-01843,welcome,2024-10-21,1,0
0df7d25f,CUST-01844,welcome,2025-06-01,0,0
c0513b7e,CUST-01845,welcome,2024-12-19,1,0
0b9aa610,CUST-01845,reactivation,2025-02-07,0,0
a6bc15e9,CUST-01846,welcome,2024-12-12,0,0
153e52a1,CUST-01846,sample_followup,2025-01-03,0,0
65056df0,CUST-01846,reactivation,2025-03-29,1,0
c8bb3aae,CUST-01847,welcome,2025-02-04,0,0
e621fa9c,CUST-01848,welcome,2024-08-09,1,0
f601ab00,CUST-01849,welcome,2024-04-09,1,0
472725c3,CUST-01849,sample_followup,2024-04-24,0,0
631b32bd,CUST-01849,post_purchase,2024-06-20,1,0
e134c997,CUST-01850,welcome,2024-10-09,0,0
2e3961d3,CUST-01850,sample_followup,2024-10-18,1,1
6f808201,CUST-01850,post_purchase,2024-11-10,1,0
87c41f82,CUST-01851,welcome,2025-04-03,1,0
6892c5bb,CUST-01851,sample_followup,2025-04-09,1,0
5b3f21b3,CUST-01851,project_nurture,2025-04-23,0,0
fd587940,CUST-01851,post_purchase,2025-05-12,1,0
6e5fa199,CUST-01852,welcome,2024-08-04,0,0
33d64145,CUST-01852,sample_followup,2024-08-27,1,1
2a29c47e,CUST-01852,project_nurture,2024-09-14,0,0
0967862f,CUST-01852,post_purchase,2024-09-30,1,1
d393c875,CUST-01853,welcome,2025-06-12,1,1
bde1ebf9,CUST-01854,welcome,2024-04-08,0,0
8b95e65d,CUST-01855,welcome,2024-03-16,1,0
dc3ee9ef,CUST-01855,post_purchase,2024-05-02,0,0
d3466e51,CUST-01856,welcome,2024-03-03,1,0
2b6192ad,CUST-01856,sample_followup,2024-03-24,1,0
077d806e,CUST-01856,post_purchase,2024-05-24,0,0
ceee5f38,CUST-01857,welcome,2024-10-22,1,0
78220e57,CUST-01857,sample_followup,2024-10-25,0,0
d88592a8,CUST-01857,reactivation,2024-12-27,1,0
f7febfbf,CUST-01858,welcome,2025-04-17,1,0
f2f7c34e,CUST-01858,sample_followup,2025-04-23,0,0
a9a05e6d,CUST-01858,reactivation,2025-07-12,0,0
afc39933,CUST-01859,welcome,2024-08-16,1,0
9ea2ca53,CUST-01859,sample_followup,2024-08-20,0,0
80f911e9,CUST-01859,post_purchase,2024-10-16,1,0
9b88c563,CUST-01860,welcome,2024-07-05,1,0
2a0a6eea,CUST-01860,sample_followup,2024-07-10,0,0
e6e6a0a8,CUST-01860,trade_engagement,2024-09-20,1,0
85ba924f,CUST-01861,welcome,2024-10-30,0,0
dbbb6e58,CUST-01861,sample_followup,2024-11-08,0,0
ea4d3f45,CUST-01861,post_purchase,2024-12-30,0,0
e90ac848,CUST-01862,welcome,2025-06-22,0,0
9073a9f7,CUST-01862,sample_followup,2025-07-07,1,0
b115812d,CUST-01862,post_purchase,2025-09-05,0,0
5e732ac2,CUST-01863,welcome,2024-01-30,1,0
5d4a83d3,CUST-01863,sample_followup,2024-02-06,0,0
6069ca84,CUST-01863,reactivation,2024-04-03,1,0
1d9166e6,CUST-01864,welcome,2024-07-25,0,0
f7c2364e,CUST-01865,welcome,2025-03-30,1,0
1bca6729,CUST-01865,sample_followup,2025-04-04,1,1
44bac34b,CUST-01865,post_purchase,2025-05-15,0,1
b70059b8,CUST-01866,welcome,2024-08-10,1,1
46bf45ce,CUST-01867,welcome,2025-03-17,0,0
0358dc71,CUST-01867,sample_followup,2025-03-31,0,0
fc502fb3,CUST-01867,post_purchase,2025-04-30,0,1
6ac0a0ac,CUST-01868,welcome,2024-01-13,1,0
9fd3cf0b,CUST-01868,sample_followup,2024-01-24,1,0
71781211,CUST-01868,post_purchase,2024-02-17,1,0
49730441,CUST-01869,welcome,2024-12-03,0,0
99901797,CUST-01869,sample_followup,2024-12-23,1,0
28af9738,CUST-01869,post_purchase,2025-02-22,1,0
fe216964,CUST-01870,welcome,2024-12-18,1,0
b737bfc1,CUST-01870,sample_followup,2025-01-10,0,0
43e4ce3d,CUST-01870,project_nurture,2025-01-20,0,0
3092e471,CUST-01870,post_purchase,2025-01-25,0,0
6d743468,CUST-01871,welcome,2025-08-14,1,0
9397a7cb,CUST-01871,sample_followup,2025-08-25,1,0
38fb701d,CUST-01871,post_purchase,2025-09-10,1,0
021f7b61,CUST-01872,welcome,2024-05-01,0,0
14cdc28a,CUST-01872,sample_followup,2024-05-23,1,0
69067203,CUST-01872,trade_engagement,2024-08-14,0,0
bf6c4ad0,CUST-01873,welcome,2024-10-12,1,0
cab7301a,CUST-01873,post_purchase,2024-12-14,0,0
06c4fc94,CUST-01874,welcome,2024-01-06,0,0
03340a1e,CUST-01874,sample_followup,2024-01-15,0,1
16b0357c,CUST-01874,reactivation,2024-02-21,0,0
19d22b93,CUST-01875,welcome,2025-05-31,1,0
bd47a719,CUST-01875,sample_followup,2025-06-16,0,0
57c3bc8e,CUST-01875,reactivation,2025-08-23,0,0
1f3261d9,CUST-01876,welcome,2024-11-26,1,0
b8a436e8,CUST-01877,welcome,2025-05-11,0,0
9eca76e6,CUST-01878,welcome,2024-05-04,1,0
5524f7f0,CUST-01879,welcome,2024-06-11,1,1
7e9caf47,CUST-01879,sample_followup,2024-06-25,0,0
401beeb2,CUST-01879,post_purchase,2024-07-11,1,0
eaec2b7a,CUST-01880,welcome,2024-10-30,0,0
e4e26658,CUST-01880,sample_followup,2024-11-12,0,0
c6c2a3fe,CUST-01880,post_purchase,2024-12-01,1,0
cdf3cf8b,CUST-01881,welcome,2024-08-26,0,0
b71d5ee5,CUST-01881,sample_followup,2024-08-29,1,0
b65cdacc,CUST-01881,post_purchase,2024-10-18,1,1
c732d704,CUST-01882,welcome,2025-02-07,0,0
75a4e52c,CUST-01882,sample_followup,2025-02-20,0,0
d7559539,CUST-01882,post_purchase,2025-03-21,1,0
0c2fb43d,CUST-01883,welcome,2024-12-09,0,0
11146ac4,CUST-01883,sample_followup,2024-12-27,0,0
ad3f97f5,CUST-01883,post_purchase,2025-02-09,1,0
a9c5db72,CUST-01884,welcome,2024-12-23,0,0
82b86d75,CUST-01884,sample_followup,2025-01-06,0,0
29bde823,CUST-01884,post_purchase,2025-02-27,1,0
c9a240ac,CUST-01885,welcome,2025-02-13,1,0
20442b53,CUST-01885,sample_followup,2025-02-17,0,0
7b3a58b3,CUST-01885,post_purchase,2025-03-21,1,0
c9943972,CUST-01886,welcome,2024-09-15,1,0
85d2acad,CUST-01886,sample_followup,2024-09-23,1,1
74590069,CUST-01886,post_purchase,2024-11-15,0,0
392afca8,CUST-01887,welcome,2024-04-08,1,0
767bfa41,CUST-01887,sample_followup,2024-04-27,1,0
5349e70a,CUST-01887,reactivation,2024-06-09,0,0
7998a69c,CUST-01888,welcome,2024-05-03,0,1
d9dac857,CUST-01888,sample_followup,2024-05-18,0,1
49678795,CUST-01888,trade_engagement,2024-07-18,1,1
853d04ff,CUST-01889,welcome,2024-01-27,0,0
08780e13,CUST-01889,sample_followup,2024-02-05,0,0
b44c876c,CUST-01889,post_purchase,2024-04-05,0,0
c234d1d8,CUST-01890,welcome,2025-08-06,0,1
9a9abe50,CUST-01891,welcome,2024-09-22,0,0
7503865b,CUST-01892,welcome,2024-09-27,0,0
18cb715b,CUST-01892,sample_followup,2024-10-03,0,0
2e77d0b7,CUST-01892,post_purchase,2024-11-26,0,0
59318144,CUST-01893,welcome,2024-01-25,0,0
8a4043f7,CUST-01893,sample_followup,2024-02-08,0,0
192e4cc0,CUST-01893,reactivation,2024-03-15,0,0
fb097f0e,CUST-01894,welcome,2024-05-14,0,0
1cbfeb47,CUST-01895,welcome,2024-07-10,0,0
dd12b232,CUST-01896,welcome,2025-06-01,1,0
72c7335d,CUST-01896,sample_followup,2025-06-10,1,0
6e847990,CUST-01896,post_purchase,2025-07-21,1,0
06893fac,CUST-01897,welcome,2024-07-02,0,0
38a51322,CUST-01897,sample_followup,2024-07-11,0,1
b4688e3c,CUST-01897,reactivation,2024-08-14,0,0
5db12279,CUST-01898,welcome,2024-12-19,0,0
0d541c5a,CUST-01898,sample_followup,2024-12-25,1,0
376eddd4,CUST-01898,reactivation,2025-01-22,0,0
008c3547,CUST-01899,welcome,2024-05-17,1,0
f77cebc0,CUST-01899,sample_followup,2024-05-22,1,0
863c08ca,CUST-01899,post_purchase,2024-06-15,0,0
08383f3c,CUST-01900,welcome,2024-02-22,0,0
b81f896b,CUST-01900,sample_followup,2024-02-25,0,1
f7d36622,CUST-01900,post_purchase,2024-04-09,1,0
845153a0,CUST-01901,welcome,2025-04-03,0,0
0401bc73,CUST-01901,sample_followup,2025-04-15,1,0
3b6da1db,CUST-01901,trade_engagement,2025-05-23,0,0
e3bb5f7b,CUST-01902,welcome,2024-06-18,0,0
df033776,CUST-01902,sample_followup,2024-06-21,0,0
dceb869f,CUST-01902,reactivation,2024-08-18,0,0
3bc8f625,CUST-01903,welcome,2024-01-18,0,0
61cf59a2,CUST-01903,sample_followup,2024-02-10,0,0
a4711755,CUST-01903,post_purchase,2024-03-14,0,0
29550561,CUST-01904,welcome,2024-06-03,1,0
c3158343,CUST-01904,sample_followup,2024-06-14,0,0
711bdf9c,CUST-01904,reactivation,2024-07-15,0,0
34b77f3f,CUST-01905,welcome,2025-03-01,1,0
71129021,CUST-01905,sample_followup,2025-03-21,0,1
8a2cc20a,CUST-01905,post_purchase,2025-04-27,1,0
2b128d3d,CUST-01906,welcome,2024-07-21,0,0
95af4f2f,CUST-01906,sample_followup,2024-08-11,0,0
434519e3,CUST-01906,reactivation,2024-10-17,1,0
618dc74a,CUST-01907,welcome,2024-05-07,1,0
ba8c2a8c,CUST-01907,sample_followup,2024-05-10,1,1
9613fd2c,CUST-01907,reactivation,2024-06-12,0,0
b62f6c94,CUST-01908,welcome,2025-02-12,1,0
8ec2165f,CUST-01908,sample_followup,2025-02-19,1,0
5b6a093e,CUST-01908,trade_engagement,2025-05-03,0,0
ae95bd06,CUST-01909,welcome,2024-05-12,0,0
8ba8e6e1,CUST-01909,sample_followup,2024-06-01,1,0
fa08e806,CUST-01909,post_purchase,2024-06-25,1,0
fa60c6e8,CUST-01910,welcome,2024-05-14,0,0
f582e3ce,CUST-01910,sample_followup,2024-05-28,0,0
a72070df,CUST-01910,post_purchase,2024-07-19,1,0
5322810e,CUST-01911,welcome,2025-05-25,0,0
7da80923,CUST-01911,sample_followup,2025-06-09,0,0
7164d2cd,CUST-01911,project_nurture,2025-07-17,0,0
722b8145,CUST-01911,post_purchase,2025-07-08,0,0
a4f0e9e3,CUST-01912,welcome,2025-05-27,0,0
3468387f,CUST-01913,welcome,2024-04-01,0,0
ccc224a0,CUST-01913,sample_followup,2024-04-21,1,0
c7b31f0e,CUST-01913,post_purchase,2024-05-19,0,1
36e74fe2,CUST-01914,welcome,2025-02-15,1,0
b23169af,CUST-01914,sample_followup,2025-03-10,1,1
e522007a,CUST-01914,trade_engagement,2025-05-27,0,0
a760be8e,CUST-01915,welcome,2025-05-29,0,0
6ce42f19,CUST-01916,welcome,2025-05-10,0,0
1aa54d43,CUST-01916,sample_followup,2025-05-13,1,0
0393055d,CUST-01916,reactivation,2025-07-09,1,0
362e03f2,CUST-01917,welcome,2024-04-09,0,0
dbd7e913,CUST-01917,sample_followup,2024-04-15,0,0
ac50be12,CUST-01917,post_purchase,2024-06-15,1,0
c8df2974,CUST-01918,welcome,2025-05-09,0,0
35e32ce8,CUST-01918,sample_followup,2025-05-23,1,0
26c3d7a0,CUST-01918,reactivation,2025-07-12,0,0
8f02bb57,CUST-01919,welcome,2025-01-06,1,1
2dc41379,CUST-01919,sample_followup,2025-01-08,1,0
fca3b7fb,CUST-01919,reactivation,2025-03-14,0,0
2b4d8173,CUST-01920,welcome,2025-03-26,0,0
c7bd332a,CUST-01920,sample_followup,2025-04-10,0,0
f9118033,CUST-01920,post_purchase,2025-06-05,1,0
7b78681c,CUST-01921,welcome,2025-07-18,1,0
8410b3c3,CUST-01922,welcome,2025-07-10,1,1
f783ce9a,CUST-01922,sample_followup,2025-08-02,0,0
ef78ab7f,CUST-01922,post_purchase,2025-09-07,1,0
794f1d40,CUST-01923,welcome,2024-10-30,1,0
1eea3bcf,CUST-01923,sample_followup,2024-11-19,0,0
9c8e9d75,CUST-01923,reactivation,2024-12-25,1,0
271e37f3,CUST-01924,welcome,2024-06-24,1,0
5404d125,CUST-01924,sample_followup,2024-07-16,1,0
1fd73dae,CUST-01924,post_purchase,2024-07-25,1,0
cfc7ac88,CUST-01925,welcome,2025-03-14,1,0
d70ce3b0,CUST-01925,sample_followup,2025-04-03,0,0
b450c0c7,CUST-01925,post_purchase,2025-05-30,1,0
ce9ba8b3,CUST-01926,welcome,2024-11-03,1,0
6cad51bd,CUST-01926,sample_followup,2024-11-08,0,0
e63f6e85,CUST-01926,post_purchase,2024-12-11,1,0
6b18d19a,CUST-01927,welcome,2024-08-31,1,0
fbe2edab,CUST-01927,sample_followup,2024-09-04,1,0
af73a586,CUST-01927,reactivation,2024-10-22,0,0
3b855f84,CUST-01928,welcome,2024-08-15,1,0
f636c128,CUST-01928,sample_followup,2024-08-17,1,0
c9cd4885,CUST-01928,post_purchase,2024-09-13,1,0
a52ebbe8,CUST-01929,welcome,2024-08-28,1,0
f1d07e07,CUST-01930,welcome,2025-08-23,0,0
14c26344,CUST-01930,sample_followup,2025-09-06,0,0
2ee5ceb0,CUST-01930,post_purchase,2025-10-15,1,0
ed01a77f,CUST-01931,welcome,2025-04-26,1,0
44bbb458,CUST-01931,sample_followup,2025-04-28,0,0
9580a3e8,CUST-01931,reactivation,2025-07-23,0,1
1734b812,CUST-01932,welcome,2024-10-27,0,0
7cd021e8,CUST-01933,welcome,2024-03-25,1,0
5d0aad67,CUST-01933,sample_followup,2024-04-05,1,0
f4e9c9e4,CUST-01933,project_nurture,2024-04-27,0,1
d3bd2b53,CUST-01933,post_purchase,2024-04-27,0,0
dfb378d8,CUST-01934,welcome,2025-07-21,0,0
f783cf95,CUST-01935,welcome,2025-01-09,0,0
6ab95813,CUST-01936,welcome,2024-01-26,1,0
4c305d2b,CUST-01936,sample_followup,2024-02-01,1,0
c2fd25f3,CUST-01936,reactivation,2024-03-10,0,0
5835d2d6,CUST-01937,welcome,2025-08-06,0,0
c600bf3a,CUST-01937,sample_followup,2025-08-09,0,0
9ef53cbd,CUST-01938,welcome,2025-05-29,0,0
afd36a8c,CUST-01938,sample_followup,2025-06-07,1,0
c37d0402,CUST-01938,post_purchase,2025-07-09,1,0
8ff91416,CUST-01939,welcome,2024-01-05,1,0
853ea5f1,CUST-01939,sample_followup,2024-01-24,0,0
b4a94f43,CUST-01939,trade_engagement,2024-03-24,0,0
1d329a8d,CUST-01940,welcome,2025-01-04,1,0
d5569e03,CUST-01940,sample_followup,2025-01-19,0,0
a40fff54,CUST-01940,post_purchase,2025-02-22,0,0
69fd1e94,CUST-01941,welcome,2024-10-19,1,0
d54b819c,CUST-01941,sample_followup,2024-11-10,0,0
32d9d682,CUST-01941,trade_engagement,2025-01-15,0,0
859d8b12,CUST-01942,welcome,2024-11-12,1,0
ad31d58a,CUST-01943,welcome,2025-02-08,0,0
e7f61301,CUST-01943,sample_followup,2025-02-13,1,0
81ea9a89,CUST-01943,project_nurture,2025-03-18,1,0
f64c359f,CUST-01943,post_purchase,2025-03-11,0,0
98e4d4a7,CUST-01944,welcome,2024-09-24,0,0
699c3056,CUST-01944,sample_followup,2024-10-09,0,0
167a0203,CUST-01944,project_nurture,2024-11-10,0,0
21e4fbb7,CUST-01944,post_purchase,2024-11-15,0,0
1e6dfb83,CUST-01945,welcome,2024-01-20,0,0
ff971cd9,CUST-01945,sample_followup,2024-01-30,1,0
15373bc0,CUST-01945,trade_engagement,2024-03-06,0,0
202b7fed,CUST-01946,welcome,2025-08-31,0,0
d6e84120,CUST-01946,sample_followup,2025-09-17,0,0
2d328586,CUST-01946,post_purchase,2025-10-31,0,0
edfffe53,CUST-01947,welcome,2024-12-11,0,0
f78fbe53,CUST-01948,welcome,2024-03-31,1,0
408972bf,CUST-01948,sample_followup,2024-04-23,0,0
87073087,CUST-01948,trade_engagement,2024-07-05,0,0
cd3e714b,CUST-01949,welcome,2024-04-28,0,0
cded5c1f,CUST-01949,post_purchase,2024-06-16,0,0
d369c41a,CUST-01950,welcome,2024-06-27,0,0
c7870778,CUST-01950,sample_followup,2024-07-07,1,0
d0d43d20,CUST-01950,post_purchase,2024-07-28,1,0
2562b7e6,CUST-01951,welcome,2024-08-01,0,0
c485f0fb,CUST-01951,sample_followup,2024-08-14,0,0
f0fca6cb,CUST-01951,reactivation,2024-11-04,0,1
8ba7b745,CUST-01952,welcome,2024-03-05,0,0
3d176f1d,CUST-01952,sample_followup,2024-03-14,1,1
6930cf16,CUST-01952,reactivation,2024-04-23,0,0
4cbd1eb3,CUST-01953,welcome,2025-02-21,1,0
67251011,CUST-01954,welcome,2024-12-10,0,0
ad03c267,CUST-01954,sample_followup,2024-12-26,0,0
0487d73f,CUST-01954,post_purchase,2025-02-09,0,0
29aa2d64,CUST-01955,welcome,2025-02-17,0,0
db01ad54,CUST-01955,sample_followup,2025-03-03,1,0
d9422e01,CUST-01955,reactivation,2025-04-01,1,0
7d6409fe,CUST-01956,welcome,2024-07-31,1,0
34bea35f,CUST-01956,sample_followup,2024-08-08,0,0
582c5134,CUST-01956,post_purchase,2024-08-18,1,0
6f9eac8e,CUST-01957,welcome,2025-06-26,1,0
b50515bd,CUST-01957,sample_followup,2025-07-13,0,0
5cf9cc89,CUST-01958,welcome,2025-01-22,1,1
07249ec4,CUST-01959,welcome,2024-05-27,0,0
f1cd0794,CUST-01960,welcome,2024-04-12,0,1
bdc6d6ec,CUST-01960,sample_followup,2024-05-03,0,0
275965c0,CUST-01960,trade_engagement,2024-06-03,1,0
b02f69da,CUST-01961,welcome,2025-03-09,1,0
4c025a55,CUST-01961,sample_followup,2025-03-23,0,0
135f0f6b,CUST-01961,post_purchase,2025-04-15,1,0
0e812b6b,CUST-01962,welcome,2024-07-19,1,0
d0d09f8e,CUST-01962,sample_followup,2024-07-22,1,0
fb96cfd7,CUST-01962,trade_engagement,2024-10-09,0,0
df61b4ce,CUST-01963,welcome,2025-06-27,1,0
a14fa698,CUST-01963,post_purchase,2025-08-27,1,0
c09900ec,CUST-01964,welcome,2024-10-31,0,0
2bdb3dc8,CUST-01964,sample_followup,2024-11-13,1,1
c67ce633,CUST-01964,reactivation,2025-01-02,0,0
a85d058d,CUST-01965,welcome,2025-08-11,1,0
5b770e93,CUST-01966,welcome,2025-01-10,1,1
151f0590,CUST-01967,welcome,2024-07-12,0,1
4bdb92b7,CUST-01967,sample_followup,2024-07-15,1,0
5ff99957,CUST-01967,post_purchase,2024-08-19,1,1
0ce03ad2,CUST-01968,welcome,2025-03-22,1,0
3e0e93e1,CUST-01968,sample_followup,2025-04-06,1,0
5855996f,CUST-01968,post_purchase,2025-05-20,1,1
d24447f2,CUST-01969,welcome,2024-09-14,0,0
a12c0208,CUST-01969,post_purchase,2024-11-17,1,0
e78f879b,CUST-01970,welcome,2024-08-20,0,0
81294fe0,CUST-01970,sample_followup,2024-08-23,0,0
072b5bb5,CUST-01970,reactivation,2024-10-13,0,0
394cab88,CUST-01971,welcome,2025-03-10,0,0
aaf71861,CUST-01971,sample_followup,2025-03-14,1,1
f3baf3f1,CUST-01971,reactivation,2025-04-22,1,0
04578e99,CUST-01972,welcome,2025-05-21,0,0
b9268ad4,CUST-01973,welcome,2025-07-22,1,1
1ea45e0e,CUST-01973,sample_followup,2025-08-05,1,0
be8f5188,CUST-01974,welcome,2024-03-18,1,0
e7402980,CUST-01974,sample_followup,2024-04-01,1,0
491e6eee,CUST-01974,post_purchase,2024-05-27,1,0
e5c867fe,CUST-01975,welcome,2024-04-02,1,1
a81f2f31,CUST-01975,sample_followup,2024-04-06,0,0
3193b3c2,CUST-01975,post_purchase,2024-04-30,0,0
88eae217,CUST-01976,welcome,2025-02-13,0,0
aa7dcbfa,CUST-01976,sample_followup,2025-02-28,1,0
1d272788,CUST-01976,reactivation,2025-03-31,0,0
c91dc12e,CUST-01977,welcome,2024-10-26,0,1
961804a0,CUST-01977,sample_followup,2024-11-10,1,1
4ab39c85,CUST-01977,project_nurture,2024-12-05,0,0
02dc77ef,CUST-01977,post_purchase,2024-11-25,0,0
42899c90,CUST-01978,welcome,2025-05-23,0,0
47e0eb54,CUST-01979,welcome,2024-02-05,0,0
3e5ef50b,CUST-01980,welcome,2025-03-12,1,0
0193e1a3,CUST-01980,sample_followup,2025-04-03,0,0
d18ce890,CUST-01980,post_purchase,2025-05-29,1,0
9213a15c,CUST-01981,welcome,2024-10-18,1,0
244c6294,CUST-01981,sample_followup,2024-10-28,1,0
5a40ffe7,CUST-01981,post_purchase,2024-11-29,0,1
652e85ec,CUST-01982,welcome,2024-09-18,0,1
dcc64ef5,CUST-01982,sample_followup,2024-10-08,0,0
7e77bf5e,CUST-01982,trade_engagement,2024-11-24,0,0
ca663a75,CUST-01983,welcome,2025-05-10,1,0
e1fe673a,CUST-01983,sample_followup,2025-05-24,0,0
0d2040c7,CUST-01983,post_purchase,2025-06-06,1,0
ee025c8f,CUST-01984,welcome,2024-01-28,0,1
ee5a971d,CUST-01984,sample_followup,2024-02-02,0,0
ec3eb9e4,CUST-01984,reactivation,2024-04-07,1,0
4d5f2cee,CUST-01985,welcome,2024-08-03,1,0
7da9eccc,CUST-01986,welcome,2025-03-16,1,0
094cc34f,CUST-01986,sample_followup,2025-04-02,1,0
592d2b5d,CUST-01986,trade_engagement,2025-05-10,0,0
81fdd1f7,CUST-01987,welcome,2024-01-14,0,0
8cf46d96,CUST-01987,sample_followup,2024-01-18,0,0
1eedf3cf,CUST-01987,trade_engagement,2024-03-21,1,0
fa861374,CUST-01988,welcome,2024-01-04,0,0
88fbc453,CUST-01988,post_purchase,2024-01-28,1,0
6f1bf07d,CUST-01989,welcome,2024-09-03,0,0
0f331443,CUST-01989,sample_followup,2024-09-09,0,0
0cd97e8f,CUST-01989,reactivation,2024-10-23,0,0
20d9c448,CUST-01990,welcome,2024-04-17,1,1
9aef3984,CUST-01990,sample_followup,2024-04-29,0,0
5629966f,CUST-01990,trade_engagement,2024-06-14,1,0
cb04963d,CUST-01991,welcome,2025-06-24,1,0
8f0819fe,CUST-01991,sample_followup,2025-07-08,1,0
e554c44e,CUST-01992,welcome,2024-04-20,0,0
dd83f5a3,CUST-01992,sample_followup,2024-04-29,1,0
8d4c17bb,CUST-01992,reactivation,2024-07-16,1,0
e90312c7,CUST-01993,welcome,2024-03-04,1,0
ff13e4fd,CUST-01993,post_purchase,2024-04-04,1,0
b81640e6,CUST-01994,welcome,2024-04-14,0,0
f5dd7db6,CUST-01994,post_purchase,2024-05-29,0,0
6e557982,CUST-01995,welcome,2025-03-13,0,0
bc0bfa97,CUST-01995,sample_followup,2025-03-15,1,0
a575052d,CUST-01995,reactivation,2025-05-23,0,0
d6e5784e,CUST-01996,welcome,2025-08-10,0,0
abffc28d,CUST-01996,sample_followup,2025-08-24,0,0
d90c28ee,CUST-01997,welcome,2025-08-09,0,0
ed5afa1c,CUST-01997,sample_followup,2025-08-12,1,1
2f78e19a,CUST-01997,post_purchase,2025-09-09,0,0
286d6be8,CUST-01998,welcome,2024-12-03,1,0
980a65b1,CUST-01999,welcome,2025-04-07,1,0
69660d5f,CUST-01999,sample_followup,2025-04-28,0,0
6ef3b024,CUST-01999,post_purchase,2025-06-10,0,0
e1314124,CUST-02000,welcome,2024-09-27,0,0
f023cdd8,CUST-02001,welcome,2024-11-19,1,1
095b0863,CUST-02001,sample_followup,2024-12-12,1,0
89037456,CUST-02001,post_purchase,2025-02-05,0,0
e4c44eb5,CUST-02002,welcome,2024-03-22,0,1
4446b690,CUST-02002,sample_followup,2024-03-26,0,0
7ef78f25,CUST-02002,post_purchase,2024-04-20,1,0
a6793fe3,CUST-02003,welcome,2025-06-26,0,0
7ba44b4a,CUST-02003,sample_followup,2025-07-15,0,0
c120f228,CUST-02003,post_purchase,2025-08-21,0,0
8d09e1d5,CUST-02004,welcome,2025-06-04,0,0
dbee7a4c,CUST-02004,sample_followup,2025-06-17,1,0
b9275416,CUST-02004,post_purchase,2025-06-27,0,0
3a853d41,CUST-02005,welcome,2025-02-01,1,1
7754e813,CUST-02005,sample_followup,2025-02-08,1,0
723eb6a1,CUST-02005,post_purchase,2025-03-12,1,0
56084588,CUST-02006,welcome,2024-09-15,1,0
8a95caef,CUST-02007,welcome,2024-05-11,0,0
91de6712,CUST-02007,sample_followup,2024-05-23,1,0
8416b2bd,CUST-02007,project_nurture,2024-06-30,0,0
244f383b,CUST-02007,post_purchase,2024-06-01,1,0
e6f041b2,CUST-02008,welcome,2025-08-17,0,0
54e6e360,CUST-02008,sample_followup,2025-09-03,0,0
b7a89760,CUST-02008,post_purchase,2025-11-02,1,0
86d0428c,CUST-02009,welcome,2025-04-11,0,0
19190ddf,CUST-02009,sample_followup,2025-04-26,0,0
3f71b93a,CUST-02009,post_purchase,2025-05-12,1,0
9743e5fa,CUST-02010,welcome,2025-03-22,1,0
0d90b334,CUST-02011,welcome,2025-03-23,0,0
23b60f69,CUST-02011,sample_followup,2025-04-03,0,0
be02f375,CUST-02011,reactivation,2025-05-07,0,0
ddefb470,CUST-02012,welcome,2024-02-27,0,0
f765b1a3,CUST-02013,welcome,2025-07-06,1,0
74bfa4fa,CUST-02013,reactivation,2025-08-30,0,0
f4d89784,CUST-02014,welcome,2025-02-24,1,0
eeeae984,CUST-02014,post_purchase,2025-04-12,0,0
a693d10d,CUST-02015,welcome,2024-05-27,1,0
96b0a455,CUST-02015,reactivation,2024-08-27,1,0
ad7d5c72,CUST-02016,welcome,2024-01-25,1,0
60571ea7,CUST-02016,sample_followup,2024-02-13,0,0
9b9585fb,CUST-02016,post_purchase,2024-04-06,0,0
2b4f0e3e,CUST-02017,welcome,2025-04-24,1,0
6d2c4569,CUST-02017,sample_followup,2025-04-29,1,0
979f7272,CUST-02017,post_purchase,2025-06-30,1,0
477bc9e2,CUST-02018,welcome,2025-06-27,1,0
6ac01bef,CUST-02018,sample_followup,2025-07-12,1,0
eb3125e1,CUST-02018,post_purchase,2025-08-01,1,0
ff0248ad,CUST-02019,welcome,2024-12-27,0,0
65159281,CUST-02019,sample_followup,2024-12-31,1,0
6aaabcbc,CUST-02019,post_purchase,2025-02-05,1,0
79c7bb5b,CUST-02020,welcome,2024-03-02,0,0
a58c9223,CUST-02020,sample_followup,2024-03-08,0,0
f505c755,CUST-02020,trade_engagement,2024-04-14,0,0
2a695e6a,CUST-02021,welcome,2024-09-05,1,0
8c458a59,CUST-02021,sample_followup,2024-09-10,0,0
679bee5e,CUST-02021,reactivation,2024-11-01,1,1
c19d8c27,CUST-02022,welcome,2024-06-11,0,0
812cb88c,CUST-02022,sample_followup,2024-06-27,1,0
bcb79347,CUST-02022,trade_engagement,2024-08-08,0,0
d1dfc2cd,CUST-02023,welcome,2025-09-01,0,0
c35e1041,CUST-02023,sample_followup,2025-09-18,1,0
760a95c3,CUST-02023,post_purchase,2025-11-16,0,0
8182205b,CUST-02024,welcome,2025-06-11,1,0
c4654c3a,CUST-02024,sample_followup,2025-06-23,1,0
ca952bbc,CUST-02024,reactivation,2025-07-31,0,0
3be3a81d,CUST-02025,welcome,2025-02-10,1,0
c91d9e7a,CUST-02025,trade_engagement,2025-04-13,0,0
5df079de,CUST-02026,welcome,2024-04-04,0,0
96ecdcc3,CUST-02026,sample_followup,2024-04-07,0,1
469d5cb0,CUST-02026,trade_engagement,2024-06-27,0,0
970e7e4b,CUST-02027,welcome,2025-05-08,1,0
f40b30ae,CUST-02027,sample_followup,2025-05-23,1,0
e2af9129,CUST-02027,reactivation,2025-08-16,0,0
c199b266,CUST-02028,welcome,2024-01-02,1,0
20bbbe55,CUST-02028,post_purchase,2024-02-23,0,0
e17ba766,CUST-02029,welcome,2024-03-27,1,1
95490dce,CUST-02029,sample_followup,2024-03-31,1,0
0d247777,CUST-02029,trade_engagement,2024-06-18,0,0
e9bae426,CUST-02030,welcome,2024-07-15,1,0
00695694,CUST-02031,welcome,2024-12-25,1,0
b0d5178a,CUST-02031,sample_followup,2025-01-04,0,0
d28cf1b5,CUST-02031,reactivation,2025-03-20,0,0
8cce2e30,CUST-02032,welcome,2024-06-13,0,0
a391669a,CUST-02032,sample_followup,2024-07-02,0,0
38ce0e10,CUST-02032,trade_engagement,2024-08-29,1,0
a30bd19e,CUST-02033,welcome,2024-11-30,1,0
2f96f31f,CUST-02034,welcome,2025-02-19,0,1
1d95f751,CUST-02034,sample_followup,2025-03-14,0,0
e156fb10,CUST-02034,trade_engagement,2025-05-19,0,0
e0f82bfa,CUST-02035,welcome,2025-02-25,1,0
08d4db8f,CUST-02035,sample_followup,2025-03-07,1,0
1c4266db,CUST-02035,post_purchase,2025-04-21,0,0
212c2acb,CUST-02036,welcome,2024-02-19,0,0
f560d1e9,CUST-02036,sample_followup,2024-03-04,1,0
3357008c,CUST-02036,reactivation,2024-03-31,1,0
910cf252,CUST-02037,welcome,2025-06-04,1,0
75db537b,CUST-02037,sample_followup,2025-06-07,1,0
adcc2909,CUST-02037,reactivation,2025-07-15,0,0
21f86fad,CUST-02038,welcome,2024-07-30,1,0
93ec8f67,CUST-02038,sample_followup,2024-08-12,0,0
7c0fb8a2,CUST-02038,reactivation,2024-09-11,0,0
4ada86da,CUST-02039,welcome,2024-02-17,0,0
8e3a29a9,CUST-02040,welcome,2025-07-07,0,1
87253f79,CUST-02040,sample_followup,2025-07-18,1,0
85511ebe,CUST-02040,project_nurture,2025-08-23,0,0
9a3fffd5,CUST-02040,post_purchase,2025-09-12,1,1
2f7e1db5,CUST-02041,welcome,2024-04-19,1,1
f0e28dec,CUST-02041,sample_followup,2024-05-09,0,0
5e64e5f2,CUST-02041,post_purchase,2024-07-04,1,0
1b92b7dd,CUST-02042,welcome,2024-03-04,1,1
53a8b9ce,CUST-02042,post_purchase,2024-04-23,1,0
c22b47a6,CUST-02043,welcome,2025-07-03,1,1
f9132671,CUST-02043,sample_followup,2025-07-14,0,0
917efb88,CUST-02043,post_purchase,2025-09-06,1,1
cceb9b15,CUST-02044,welcome,2025-05-24,0,0
dc89a9d5,CUST-02045,welcome,2024-02-23,1,0
a7807c8d,CUST-02045,sample_followup,2024-02-28,1,0
9afcaf5d,CUST-02045,post_purchase,2024-04-26,0,0
234da508,CUST-02046,welcome,2025-07-10,1,0
50a0ba87,CUST-02046,sample_followup,2025-07-28,0,0
8086a7a5,CUST-02046,post_purchase,2025-08-06,0,0
754d7cf2,CUST-02047,welcome,2024-06-10,1,0
5bcf8e1f,CUST-02048,welcome,2024-05-04,1,0
33552008,CUST-02048,sample_followup,2024-05-06,0,1
e54f7cc5,CUST-02048,post_purchase,2024-06-07,0,0
5bbf180e,CUST-02049,welcome,2025-01-27,1,0
108a1194,CUST-02049,sample_followup,2025-01-30,0,0
c4834ec3,CUST-02049,post_purchase,2025-02-11,1,1
414ee593,CUST-02050,welcome,2024-03-30,0,0
e5121743,CUST-02050,sample_followup,2024-04-10,1,0
d69596f8,CUST-02050,post_purchase,2024-05-31,0,0
b71c8886,CUST-02051,welcome,2024-05-01,1,1
5a16b37c,CUST-02051,post_purchase,2024-06-09,1,0
f4fec3d1,CUST-02052,welcome,2024-01-10,0,0
20aa393d,CUST-02052,sample_followup,2024-01-30,1,0
479c69af,CUST-02052,post_purchase,2024-02-24,1,0
0f220a5c,CUST-02053,welcome,2024-02-12,0,0
051e58bb,CUST-02053,sample_followup,2024-02-27,1,0
61a020f7,CUST-02053,reactivation,2024-04-25,1,0
bb789e46,CUST-02054,welcome,2024-05-31,0,1
eb0210d8,CUST-02055,welcome,2025-04-23,1,1
f0fc0378,CUST-02056,welcome,2024-07-12,0,0
5ee362cc,CUST-02057,welcome,2025-01-23,0,1
55162379,CUST-02057,sample_followup,2025-01-26,0,0
fd6c9c6b,CUST-02057,post_purchase,2025-03-08,1,1
518e7d9c,CUST-02058,welcome,2024-08-11,0,0
c025769d,CUST-02058,sample_followup,2024-08-21,0,0
cf306f5f,CUST-02058,project_nurture,2024-09-24,0,0
490db333,CUST-02058,post_purchase,2024-09-11,1,0
e435a153,CUST-02059,welcome,2024-04-13,0,0
1a27a678,CUST-02060,welcome,2025-08-15,0,0
3a188ddd,CUST-02060,sample_followup,2025-08-23,0,0
adb06846,CUST-02060,post_purchase,2025-10-24,1,0
b7b876d2,CUST-02061,welcome,2024-03-24,0,0
fc045cca,CUST-02061,sample_followup,2024-03-31,0,0
3c685370,CUST-02061,post_purchase,2024-04-17,0,0
d548ce30,CUST-02062,welcome,2025-04-06,0,0
a1f2559c,CUST-02062,sample_followup,2025-04-24,0,0
2a5a0578,CUST-02062,post_purchase,2025-05-28,0,0
3115dbcd,CUST-02063,welcome,2025-05-13,1,1
a6f70ec5,CUST-02064,welcome,2025-03-09,0,1
e984cfcb,CUST-02064,sample_followup,2025-03-24,0,1
2bfec7c5,CUST-02064,post_purchase,2025-05-21,1,0
bae2b06d,CUST-02065,welcome,2024-07-27,0,0
da2f3936,CUST-02066,welcome,2024-03-30,1,0
19e20da7,CUST-02066,sample_followup,2024-04-03,1,0
68bd94b3,CUST-02066,post_purchase,2024-05-05,1,0
b4b3f18c,CUST-02067,welcome,2025-03-21,0,0
b19e3991,CUST-02067,sample_followup,2025-03-29,0,0
cb53d35a,CUST-02067,post_purchase,2025-04-10,0,0
fbedec11,CUST-02068,welcome,2024-06-10,0,1
aabd934c,CUST-02068,sample_followup,2024-06-28,0,0
f68eb59c,CUST-02068,post_purchase,2024-08-02,0,0
40258086,CUST-02069,welcome,2025-02-18,1,0
5fba72de,CUST-02069,sample_followup,2025-02-21,1,0
e0b30910,CUST-02069,post_purchase,2025-04-21,0,0
c66088df,CUST-02070,welcome,2024-12-31,1,0
a66faf99,CUST-02070,sample_followup,2025-01-04,1,0
2be1a4a9,CUST-02070,reactivation,2025-02-12,0,0
38905f71,CUST-02071,welcome,2025-05-26,0,1
6b8ddb64,CUST-02072,welcome,2025-06-27,0,0
da90bc56,CUST-02072,post_purchase,2025-08-19,0,0
392cf5c3,CUST-02073,welcome,2025-04-13,1,0
927606ad,CUST-02073,reactivation,2025-07-11,0,0
757f0b9d,CUST-02074,welcome,2024-10-08,0,0
8fb7ffa7,CUST-02074,sample_followup,2024-10-11,0,0
7d97e93a,CUST-02074,post_purchase,2024-10-22,1,0
ac84499c,CUST-02075,welcome,2024-05-12,1,0
0833264a,CUST-02075,sample_followup,2024-05-19,0,1
f56d41c9,CUST-02075,post_purchase,2024-07-03,0,0
c63359f0,CUST-02076,welcome,2024-05-31,1,0
de8c7965,CUST-02076,sample_followup,2024-06-02,0,0
afa00771,CUST-02076,post_purchase,2024-07-02,1,0
da1c9670,CUST-02077,welcome,2024-01-23,1,1
2806b27b,CUST-02077,sample_followup,2024-01-27,0,0
44df48b3,CUST-02077,trade_engagement,2024-03-31,1,0
343b0485,CUST-02078,welcome,2024-03-01,0,0
f3e09a3a,CUST-02079,welcome,2024-07-03,0,0
d28685a2,CUST-02079,sample_followup,2024-07-05,0,1
6c82571e,CUST-02079,post_purchase,2024-08-15,0,0
9e4a5d68,CUST-02080,welcome,2024-07-15,0,0
2185e54b,CUST-02081,welcome,2025-08-24,0,0
01852406,CUST-02081,sample_followup,2025-09-11,1,0
f1ce6b6b,CUST-02081,post_purchase,2025-11-10,1,0
40eb04b8,CUST-02082,welcome,2025-07-11,1,0
9e9f169b,CUST-02082,sample_followup,2025-08-02,0,0
a3cda549,CUST-02082,post_purchase,2025-10-02,0,0
7c8a01f4,CUST-02083,welcome,2024-01-22,1,0
bc37c3c6,CUST-02084,welcome,2025-04-21,0,0
4ab4cb93,CUST-02084,sample_followup,2025-05-06,1,0
ae8ccb37,CUST-02084,reactivation,2025-06-26,0,0
6191d834,CUST-02085,welcome,2025-08-13,1,0
d2fc1891,CUST-02085,post_purchase,2025-09-25,1,1
6431b0cb,CUST-02086,welcome,2024-07-31,1,0
04b540b9,CUST-02087,welcome,2024-10-02,0,0
f2719895,CUST-02088,welcome,2024-09-27,0,0
c98e52d5,CUST-02089,welcome,2025-04-07,1,0
75d413e3,CUST-02089,sample_followup,2025-04-12,1,0
7ebc25c7,CUST-02089,reactivation,2025-05-14,0,0
39afd87e,CUST-02090,welcome,2024-12-30,0,0
0a34c041,CUST-02090,sample_followup,2025-01-14,0,0
97618a80,CUST-02090,reactivation,2025-03-28,0,0
9416b8bd,CUST-02091,welcome,2024-03-25,1,0
e92949fa,CUST-02091,sample_followup,2024-04-09,0,0
2e30d17a,CUST-02091,reactivation,2024-07-01,1,0
899b6017,CUST-02092,welcome,2024-11-05,1,0
3bf5a5f6,CUST-02092,sample_followup,2024-11-17,0,0
ee580010,CUST-02092,post_purchase,2025-01-09,0,0
68d6a913,CUST-02093,welcome,2025-04-19,1,0
4776a41b,CUST-02093,sample_followup,2025-05-10,0,0
15c670c1,CUST-02093,post_purchase,2025-05-22,1,0
258b0af6,CUST-02094,welcome,2024-08-14,1,1
ed053594,CUST-02094,sample_followup,2024-08-27,0,0
4fcf996b,CUST-02094,post_purchase,2024-10-11,1,0
784bbc91,CUST-02095,welcome,2025-03-07,0,0
3f31089b,CUST-02095,sample_followup,2025-03-14,0,0
ebd79a69,CUST-02095,reactivation,2025-04-19,0,0
e7cbed4f,CUST-02096,welcome,2025-06-28,1,0
37d2defb,CUST-02096,sample_followup,2025-07-07,0,0
09cd7ef6,CUST-02096,post_purchase,2025-08-05,0,0
060fd029,CUST-02097,welcome,2025-04-09,1,0
6d3dee5d,CUST-02097,sample_followup,2025-04-11,1,0
61f1a2d3,CUST-02097,trade_engagement,2025-07-07,0,0
61950360,CUST-02098,welcome,2024-09-03,0,0
499f6116,CUST-02098,sample_followup,2024-09-08,0,0
cb955206,CUST-02098,post_purchase,2024-10-01,0,1
e0912886,CUST-02099,welcome,2024-10-10,0,0
b17aeac6,CUST-02099,sample_followup,2024-10-14,1,0
446b81c2,CUST-02099,reactivation,2024-12-11,0,0
a930fe17,CUST-02100,welcome,2024-03-16,0,1
b29ca4c5,CUST-02101,welcome,2025-06-20,1,1
8f71cf33,CUST-02101,sample_followup,2025-07-04,1,0
f3f36eba,CUST-02101,reactivation,2025-08-17,1,1
7a016b25,CUST-02102,welcome,2025-07-25,0,0
16c82b13,CUST-02102,sample_followup,2025-08-17,0,0
7f059937,CUST-02102,post_purchase,2025-09-09,1,0
cee911de,CUST-02103,welcome,2025-03-22,0,0
3856b35e,CUST-02103,sample_followup,2025-03-27,1,0
c3d0bfcd,CUST-02103,reactivation,2025-05-06,1,0
f87ec5d0,CUST-02104,welcome,2024-01-12,1,0
2b15e8c1,CUST-02104,sample_followup,2024-01-18,0,0
169f39ab,CUST-02104,post_purchase,2024-02-16,1,0
4f7e2f83,CUST-02105,welcome,2025-07-06,1,1
3cc3be63,CUST-02105,sample_followup,2025-07-20,1,1
ccaa3ef4,CUST-02105,reactivation,2025-08-22,1,0
de5643eb,CUST-02106,welcome,2024-09-12,1,0
3d75dd51,CUST-02106,sample_followup,2024-09-24,0,0
c09ce398,CUST-02106,project_nurture,2024-10-10,1,0
5d796e16,CUST-02106,post_purchase,2024-11-08,1,0
37cbc41e,CUST-02107,welcome,2024-07-22,0,0
8de33f33,CUST-02107,sample_followup,2024-07-29,1,0
d28275c7,CUST-02107,post_purchase,2024-08-31,1,0
9984de17,CUST-02108,welcome,2024-06-11,0,0
76ebb69a,CUST-02108,sample_followup,2024-06-30,0,0
dee764a1,CUST-02108,post_purchase,2024-08-04,0,1
71ff84b3,CUST-02109,welcome,2024-01-27,0,0
1eb54d5e,CUST-02109,sample_followup,2024-02-08,0,0
3238b4a0,CUST-02109,post_purchase,2024-04-04,0,0
18f5198f,CUST-02110,welcome,2024-12-07,0,0
4c2bf073,CUST-02110,sample_followup,2024-12-22,0,0
3cffa07c,CUST-02110,reactivation,2025-02-15,0,0
8e58019e,CUST-02111,welcome,2025-02-03,1,0
b1aa9cea,CUST-02111,post_purchase,2025-03-20,1,0
f6bd7280,CUST-02112,welcome,2025-04-04,1,0
a256cc36,CUST-02112,sample_followup,2025-04-26,0,0
c3d2acfe,CUST-02112,reactivation,2025-06-04,0,0
3e1f401d,CUST-02113,welcome,2025-08-20,1,0
74d00d94,CUST-02114,welcome,2025-03-08,0,0
c87eb52c,CUST-02114,sample_followup,2025-03-15,0,0
fb91e238,CUST-02114,post_purchase,2025-04-01,1,0
4a441689,CUST-02115,welcome,2025-07-16,1,1
b1bc9458,CUST-02115,sample_followup,2025-07-28,1,0
3d1dfa89,CUST-02115,post_purchase,2025-09-24,1,0
9e361791,CUST-02116,welcome,2024-10-06,0,0
7edd323e,CUST-02116,reactivation,2024-12-16,0,0
3e35069c,CUST-02117,welcome,2024-03-19,1,0
7e280fbd,CUST-02118,welcome,2025-01-20,1,1
529dd17a,CUST-02118,sample_followup,2025-02-07,0,0
b766ebb2,CUST-02118,reactivation,2025-04-19,0,0
23448b71,CUST-02119,welcome,2025-03-28,1,0
fe1d07bc,CUST-02119,sample_followup,2025-04-12,1,0
48b9c728,CUST-02119,reactivation,2025-05-29,0,0
0c74d633,CUST-02120,welcome,2024-06-20,1,0
49d26d1a,CUST-02120,sample_followup,2024-07-02,1,0
d1d8d8c2,CUST-02120,trade_engagement,2024-08-27,0,0
72c421e8,CUST-02121,welcome,2025-02-11,1,1
a5ce6da3,CUST-02121,trade_engagement,2025-03-26,0,0
a1e389c0,CUST-02122,welcome,2024-10-11,0,0
acf70224,CUST-02122,sample_followup,2024-10-21,1,0
23781303,CUST-02122,reactivation,2024-12-23,0,1
94a14b6c,CUST-02123,welcome,2024-12-26,1,0
5841424c,CUST-02123,sample_followup,2025-01-07,1,0
261c7b19,CUST-02123,post_purchase,2025-01-23,0,0
ca3cfc0d,CUST-02124,welcome,2024-05-09,1,0
58df2eed,CUST-02125,welcome,2024-11-13,0,0
d87022dc,CUST-02125,sample_followup,2024-12-03,1,0
107c94ed,CUST-02125,reactivation,2025-02-28,0,0
ade5d831,CUST-02126,welcome,2024-11-24,0,0
af407cad,CUST-02127,welcome,2025-03-17,1,1
530ed407,CUST-02127,sample_followup,2025-04-06,0,0
3e560c8e,CUST-02127,reactivation,2025-06-04,0,0
db59fd49,CUST-02128,welcome,2024-10-22,1,1
d806c6a3,CUST-02128,sample_followup,2024-11-09,0,1
479cb411,CUST-02128,post_purchase,2024-12-19,1,0
09cef106,CUST-02129,welcome,2025-04-18,0,0
d5a5cf32,CUST-02130,welcome,2024-07-20,0,0
98f926bb,CUST-02131,welcome,2024-05-26,0,0
9ae5a127,CUST-02131,sample_followup,2024-06-12,0,1
445c1d0f,CUST-02131,project_nurture,2024-07-13,0,0
5bee8816,CUST-02131,post_purchase,2024-07-28,1,1
33c20200,CUST-02132,welcome,2024-01-20,0,0
ef5a251d,CUST-02132,sample_followup,2024-02-05,1,0
dfa0ae33,CUST-02132,project_nurture,2024-03-10,0,0
466433c9,CUST-02132,trade_engagement,2024-03-19,0,0
f6ebf604,CUST-02133,welcome,2024-11-01,1,0
13755a56,CUST-02133,sample_followup,2024-11-06,1,0
0b52e2e1,CUST-02133,reactivation,2024-12-08,1,0
e3fd5ef3,CUST-02134,welcome,2024-07-11,1,1
abef2b79,CUST-02134,post_purchase,2024-08-06,0,0
10216f27,CUST-02135,welcome,2024-07-29,1,0
cc11485d,CUST-02135,sample_followup,2024-08-07,0,0
0948ff03,CUST-02135,post_purchase,2024-08-19,1,0
612a4853,CUST-02136,welcome,2025-07-23,1,0
d7241498,CUST-02136,post_purchase,2025-08-22,0,1
53e4f899,CUST-02137,welcome,2024-05-28,0,0
592bbe38,CUST-02138,welcome,2024-07-10,0,0
9781bef4,CUST-02139,welcome,2024-12-24,1,1
f537d06c,CUST-02139,sample_followup,2024-12-26,0,0
1cd839de,CUST-02139,project_nurture,2025-01-27,0,0
1b1b75dc,CUST-02139,post_purchase,2025-02-10,0,0
a932b671,CUST-02140,welcome,2024-04-14,0,0
ce135821,CUST-02140,sample_followup,2024-04-24,0,0
41a1e318,CUST-02140,post_purchase,2024-05-22,0,0
08593a6c,CUST-02141,welcome,2025-05-23,1,0
a0058f86,CUST-02141,sample_followup,2025-06-02,1,0
cf9a13c3,CUST-02141,post_purchase,2025-07-21,0,1
38b13b57,CUST-02142,welcome,2024-09-29,1,0
f11c0340,CUST-02142,post_purchase,2024-11-15,1,0
3bfc98dc,CUST-02143,welcome,2025-08-21,1,0
e4138516,CUST-02143,sample_followup,2025-09-13,0,0
3a9b9d69,CUST-02143,post_purchase,2025-09-26,1,1
9b53e1fc,CUST-02144,welcome,2024-10-21,1,0
75daadfc,CUST-02144,sample_followup,2024-10-30,1,0
80407ec2,CUST-02144,post_purchase,2024-11-30,0,0
92e158fb,CUST-02145,welcome,2024-12-01,0,1
f4e15cec,CUST-02145,sample_followup,2024-12-22,1,0
52b718d6,CUST-02145,trade_engagement,2025-02-19,0,0
2d68d04d,CUST-02146,welcome,2024-01-12,0,0
d16a9887,CUST-02146,sample_followup,2024-02-02,0,0
60907690,CUST-02146,post_purchase,2024-03-15,1,0
2b95e3ea,CUST-02147,welcome,2024-07-26,1,0
79331263,CUST-02148,welcome,2024-12-14,0,0
51daa19d,CUST-02148,sample_followup,2024-12-19,1,0
a3a40644,CUST-02148,post_purchase,2025-01-09,1,1
0212f9e4,CUST-02149,welcome,2024-06-15,1,1
28779970,CUST-02149,sample_followup,2024-07-05,1,0
d191e1ce,CUST-02149,post_purchase,2024-08-14,0,0
6661d6dd,CUST-02150,welcome,2025-02-18,0,1
573373bb,CUST-02150,sample_followup,2025-02-22,1,1
e4c65d2f,CUST-02150,post_purchase,2025-04-06,1,0
9fe3cbdf,CUST-02151,welcome,2024-08-17,0,0
abe43542,CUST-02152,welcome,2024-09-13,1,0
c5eb9a50,CUST-02152,sample_followup,2024-09-26,0,0
0dff2595,CUST-02152,post_purchase,2024-11-01,0,0
73f91c4d,CUST-02153,welcome,2024-10-14,1,0
7eadae5a,CUST-02153,sample_followup,2024-10-16,1,1
28a4212c,CUST-02153,reactivation,2024-11-14,0,0
960c749c,CUST-02154,welcome,2025-04-03,1,0
9db7fe6b,CUST-02154,sample_followup,2025-04-07,0,0
f0074d63,CUST-02154,reactivation,2025-05-05,0,0
72db50e4,CUST-02155,welcome,2024-12-06,0,0
5cab1784,CUST-02156,welcome,2024-09-15,0,0
f70a70c5,CUST-02156,sample_followup,2024-10-01,1,0
f39f265a,CUST-02156,post_purchase,2024-11-10,1,0
61b1f0f3,CUST-02157,welcome,2024-10-26,0,0
762730be,CUST-02157,sample_followup,2024-11-07,1,0
5028f709,CUST-02157,post_purchase,2024-12-16,0,0
ca4b57bc,CUST-02158,welcome,2024-04-22,1,0
022cf305,CUST-02158,sample_followup,2024-05-10,0,0
be604d62,CUST-02158,post_purchase,2024-05-29,0,0
58690f80,CUST-02159,welcome,2024-04-15,0,0
4957a900,CUST-02160,welcome,2024-08-29,0,0
b7bec72d,CUST-02160,trade_engagement,2024-10-25,0,0
7e39cc9c,CUST-02161,welcome,2024-06-02,0,0
30880de6,CUST-02161,sample_followup,2024-06-14,1,0
61f15600,CUST-02161,post_purchase,2024-07-26,1,0
7cb3ec74,CUST-02162,welcome,2024-03-10,1,1
6dcbd423,CUST-02162,sample_followup,2024-03-23,0,0
a0959fe0,CUST-02162,post_purchase,2024-05-19,0,0
fc64228d,CUST-02163,welcome,2024-07-04,0,0
68edeaf8,CUST-02163,sample_followup,2024-07-24,0,0
1eea03cf,CUST-02163,reactivation,2024-08-27,0,0
073fe484,CUST-02164,welcome,2024-04-21,0,0
45370f68,CUST-02164,sample_followup,2024-04-26,0,0
d7e05fc3,CUST-02164,reactivation,2024-07-17,0,0
c8cbe31a,CUST-02165,welcome,2024-08-02,1,0
3a7bf974,CUST-02165,sample_followup,2024-08-09,1,0
75cfd8e1,CUST-02165,reactivation,2024-11-02,1,0
07956fa1,CUST-02166,welcome,2025-07-25,1,0
2afa9cf9,CUST-02166,sample_followup,2025-08-12,0,1
17ce3b66,CUST-02166,post_purchase,2025-10-10,1,0
353b7924,CUST-02167,welcome,2025-08-17,1,0
f3920986,CUST-02167,sample_followup,2025-08-21,1,0
a0ae079b,CUST-02168,welcome,2024-11-10,0,0
f581682e,CUST-02168,sample_followup,2024-11-28,1,0
e02e787e,CUST-02168,project_nurture,2024-12-14,0,0
52fdbb4f,CUST-02168,post_purchase,2025-01-10,0,0
3f93e6ef,CUST-02169,welcome,2024-03-22,1,1
bdfa46ae,CUST-02170,welcome,2024-09-24,1,0
c953c06d,CUST-02170,sample_followup,2024-09-28,0,0
a3e053f4,CUST-02170,post_purchase,2024-11-06,1,0
34950e41,CUST-02171,welcome,2025-07-27,0,0
c9ca0f19,CUST-02171,sample_followup,2025-08-04,0,0
d08377e7,CUST-02171,post_purchase,2025-08-14,0,0
cbd78593,CUST-02172,welcome,2025-04-08,1,0
630bc94b,CUST-02173,welcome,2025-05-09,1,0
269865e4,CUST-02173,sample_followup,2025-05-13,0,0
01b93353,CUST-02173,post_purchase,2025-07-11,1,0
e06205d7,CUST-02174,welcome,2025-06-13,1,0
cb9e85fa,CUST-02174,sample_followup,2025-06-29,0,0
eeeaea12,CUST-02174,reactivation,2025-08-31,0,0
775c1142,CUST-02175,welcome,2025-01-25,1,1
1143c8fc,CUST-02175,sample_followup,2025-02-01,1,1
51c58f43,CUST-02175,post_purchase,2025-02-11,1,0
2bdd4c95,CUST-02176,welcome,2024-02-10,1,0
268e034d,CUST-02176,reactivation,2024-03-21,0,0
6dc70c71,CUST-02177,welcome,2024-05-29,0,0
5e26e10a,CUST-02177,reactivation,2024-08-27,1,0
c1ccc2a7,CUST-02178,welcome,2024-11-15,1,0
7ddd85ee,CUST-02178,sample_followup,2024-11-30,0,0
b028d2a8,CUST-02178,reactivation,2025-02-10,0,0
eed4a053,CUST-02179,welcome,2024-08-07,0,0
c9e29b5f,CUST-02179,sample_followup,2024-08-14,1,0
83b92f53,CUST-02179,post_purchase,2024-09-15,1,0
7b0f08af,CUST-02180,welcome,2025-04-11,1,0
96954da8,CUST-02181,welcome,2024-04-28,0,0
ee15bfe7,CUST-02181,sample_followup,2024-05-05,0,0
f54f4b1b,CUST-02181,reactivation,2024-07-22,0,1
07bd6043,CUST-02182,welcome,2024-09-12,0,0
e8deac8c,CUST-02182,sample_followup,2024-09-19,1,0
6726138e,CUST-02182,reactivation,2024-12-11,0,0
70ece4da,CUST-02183,welcome,2024-11-19,1,0
4b533bc5,CUST-02183,sample_followup,2024-11-23,0,0
192cf355,CUST-02183,post_purchase,2025-01-11,1,1
b15fe9e7,CUST-02184,welcome,2025-07-15,0,0
dc9c49d0,CUST-02184,sample_followup,2025-08-04,0,1
9f28044b,CUST-02184,post_purchase,2025-09-03,1,1
0c9fd4b3,CUST-02185,welcome,2024-07-10,1,0
9f52674d,CUST-02186,welcome,2024-06-01,1,0
5a3a18f0,CUST-02186,sample_followup,2024-06-10,0,0
91ffafaa,CUST-02186,post_purchase,2024-06-20,1,0
55ca984e,CUST-02187,welcome,2024-07-11,0,0
07b17ebe,CUST-02187,sample_followup,2024-07-22,1,0
2f254b12,CUST-02187,reactivation,2024-10-09,0,0
ba8e1409,CUST-02188,welcome,2024-10-27,1,0
93100c55,CUST-02189,welcome,2024-06-10,0,0
95b89c00,CUST-02189,post_purchase,2024-07-28,0,1
521aba66,CUST-02190,welcome,2025-02-14,1,0
36852945,CUST-02190,sample_followup,2025-02-24,0,1
d3d4f2c4,CUST-02190,trade_engagement,2025-05-11,0,0
3765ab81,CUST-02191,welcome,2025-05-11,0,1
e7a2a3e1,CUST-02191,sample_followup,2025-05-21,0,0
3f65d2bc,CUST-02191,reactivation,2025-07-03,0,0
da95f65f,CUST-02192,welcome,2025-02-06,1,1
d9ef974f,CUST-02192,sample_followup,2025-02-13,1,0
d215ebce,CUST-02192,reactivation,2025-04-15,0,0
69cf5e6c,CUST-02193,welcome,2024-07-17,0,0
d9df4c54,CUST-02193,post_purchase,2024-08-28,1,0
2b53238d,CUST-02194,welcome,2024-10-31,1,0
8d677886,CUST-02194,sample_followup,2024-11-07,0,1
c9f7ec5a,CUST-02194,post_purchase,2024-12-27,1,0
dca51fe1,CUST-02195,welcome,2025-05-31,0,0
d190797c,CUST-02196,welcome,2024-10-05,0,0
e8111502,CUST-02196,sample_followup,2024-10-11,1,0
56e75eef,CUST-02196,post_purchase,2024-11-26,0,0
115a47d1,CUST-02197,welcome,2025-08-21,0,0
cd31041a,CUST-02197,sample_followup,2025-08-29,0,0
f271c798,CUST-02197,post_purchase,2025-09-20,0,0
0beb2d18,CUST-02198,welcome,2025-04-25,1,0
dbb9e4cf,CUST-02199,welcome,2025-06-26,0,0
166b8ce9,CUST-02199,sample_followup,2025-07-04,0,1
9dbb2ee8,CUST-02199,post_purchase,2025-08-06,1,1
965186c2,CUST-02200,welcome,2024-01-15,1,0
a986e945,CUST-02200,sample_followup,2024-01-22,0,1
42d673ab,CUST-02200,reactivation,2024-04-07,0,0
29f93a3f,CUST-02201,welcome,2024-04-20,0,1
a7a98746,CUST-02202,welcome,2024-08-27,0,0
b8485ede,CUST-02202,sample_followup,2024-08-31,0,1
43474e27,CUST-02202,post_purchase,2024-10-20,0,0
39ed0078,CUST-02203,welcome,2025-08-06,1,0
3f9c327e,CUST-02203,sample_followup,2025-08-26,0,0
c6a53a5d,CUST-02204,welcome,2025-01-31,0,0
3c5bcaa6,CUST-02204,post_purchase,2025-03-26,1,0
d21d5535,CUST-02205,welcome,2024-04-10,1,0
c830730b,CUST-02205,sample_followup,2024-04-30,1,1
f88b5233,CUST-02205,trade_engagement,2024-06-18,0,0
7e4c087c,CUST-02206,welcome,2025-06-02,0,0
3e3299dc,CUST-02207,welcome,2025-06-06,1,1
53e6fea2,CUST-02207,post_purchase,2025-07-23,0,0
00d184e6,CUST-02208,welcome,2025-02-22,0,0
168daec6,CUST-02208,sample_followup,2025-03-03,0,0
ce27a64e,CUST-02208,post_purchase,2025-04-08,1,0
943a9c5b,CUST-02209,welcome,2024-05-24,0,1
5f5c3468,CUST-02210,welcome,2024-06-22,1,0
20bc59a8,CUST-02210,sample_followup,2024-07-08,0,0
59e0badb,CUST-02210,post_purchase,2024-08-19,0,0
afb1f994,CUST-02211,welcome,2024-09-20,0,0
3b3aa274,CUST-02211,sample_followup,2024-09-27,1,0
3bb01652,CUST-02211,reactivation,2024-12-23,0,0
3ca01aa9,CUST-02212,welcome,2024-03-15,0,0
63fd71a2,CUST-02212,sample_followup,2024-03-29,0,1
f7687230,CUST-02212,post_purchase,2024-04-28,1,0
ce2179ff,CUST-02213,welcome,2024-09-13,1,0
14f95949,CUST-02213,sample_followup,2024-09-26,0,0
6cb14c7e,CUST-02213,post_purchase,2024-10-29,1,0
eb7e440c,CUST-02214,welcome,2025-02-22,0,0
d0ef9f7f,CUST-02214,sample_followup,2025-03-09,0,0
946cc382,CUST-02214,reactivation,2025-05-15,1,0
ea2f040c,CUST-02215,welcome,2024-11-17,1,1
80f9b475,CUST-02215,sample_followup,2024-11-22,1,0
d7a61a9e,CUST-02215,trade_engagement,2025-02-10,0,0
b773e2e1,CUST-02216,welcome,2024-09-16,1,0
57f52018,CUST-02217,welcome,2024-02-16,0,0
0bf02c30,CUST-02217,sample_followup,2024-02-22,0,0
7e419325,CUST-02217,post_purchase,2024-04-06,1,0
8dfde0cd,CUST-02218,welcome,2025-02-28,1,0
fe5a270e,CUST-02218,sample_followup,2025-03-18,0,1
5e6b199b,CUST-02218,reactivation,2025-05-13,0,0
af9220d4,CUST-02219,welcome,2025-05-06,0,1
e4fba36f,CUST-02219,sample_followup,2025-05-22,1,0
67ce0cb8,CUST-02219,post_purchase,2025-06-10,0,0
6999a604,CUST-02220,welcome,2024-03-12,0,0
cccf814a,CUST-02220,reactivation,2024-04-18,0,0
55ba088f,CUST-02221,welcome,2024-06-08,1,0
7cfefc2f,CUST-02221,trade_engagement,2024-08-26,0,0
2ebb2c14,CUST-02222,welcome,2024-05-25,0,0
4ed9926a,CUST-02223,welcome,2024-08-09,1,0
68e79a17,CUST-02223,sample_followup,2024-08-15,0,0
8bc1110f,CUST-02223,post_purchase,2024-10-05,0,0
e9b3b73b,CUST-02224,welcome,2025-04-21,0,0
b4312bb7,CUST-02224,sample_followup,2025-04-25,0,0
a1dcd8eb,CUST-02224,post_purchase,2025-05-21,1,0
f24241d6,CUST-02225,welcome,2025-06-14,1,0
f4415c39,CUST-02226,welcome,2024-12-31,0,0
a3d67d09,CUST-02226,reactivation,2025-03-23,1,0
9791f4bb,CUST-02227,welcome,2025-01-18,0,0
3b2ed3c2,CUST-02227,sample_followup,2025-01-23,0,0
822a6f6c,CUST-02227,reactivation,2025-03-08,0,0
0db2af51,CUST-02228,welcome,2025-05-11,1,0
239f5f8b,CUST-02228,sample_followup,2025-05-18,1,0
97699323,CUST-02228,post_purchase,2025-06-26,0,0
8fd137b0,CUST-02229,welcome,2024-02-26,0,0
bbfa99c6,CUST-02229,sample_followup,2024-03-20,1,0
43b46110,CUST-02229,post_purchase,2024-04-27,1,1
b6ab3b1e,CUST-02230,welcome,2024-07-19,1,0
451e97ab,CUST-02230,sample_followup,2024-08-03,0,0
f81864c0,CUST-02230,reactivation,2024-09-22,0,0
9a5c143d,CUST-02231,welcome,2024-11-28,0,0
8a342902,CUST-02232,welcome,2024-11-14,1,0
5625f407,CUST-02232,sample_followup,2024-11-24,0,0
3760a308,CUST-02232,reactivation,2024-12-29,0,0
e7d58f5a,CUST-02233,welcome,2025-04-12,1,0
d997da4a,CUST-02233,sample_followup,2025-04-15,0,0
3b60f217,CUST-02233,project_nurture,2025-05-14,1,0
5c4ff906,CUST-02233,post_purchase,2025-05-17,1,0
7fd48589,CUST-02234,welcome,2024-06-05,1,0
6685be3b,CUST-02234,sample_followup,2024-06-23,0,0
eea066a4,CUST-02234,post_purchase,2024-08-23,0,0
7bc22201,CUST-02235,welcome,2025-03-26,1,0
7a8fdaee,CUST-02236,welcome,2025-02-04,1,1
d3f32c29,CUST-02236,sample_followup,2025-02-22,0,0
ebd3c047,CUST-02236,post_purchase,2025-03-06,1,0
f02ee08b,CUST-02237,welcome,2025-08-01,1,0
7957237f,CUST-02238,welcome,2025-06-29,1,0
ac96b932,CUST-02239,welcome,2025-06-15,0,0
b8a30971,CUST-02239,sample_followup,2025-06-29,0,0
ca9ebaf0,CUST-02239,reactivation,2025-08-07,1,0
6ee09108,CUST-02240,welcome,2024-07-05,1,1
9256a4bc,CUST-02240,sample_followup,2024-07-21,0,0
616d2d97,CUST-02240,post_purchase,2024-08-07,1,0
5c197728,CUST-02241,welcome,2024-03-18,0,0
2886647a,CUST-02241,post_purchase,2024-05-09,1,0
eea965a5,CUST-02242,welcome,2025-07-15,1,0
e9aa2a01,CUST-02242,sample_followup,2025-08-07,0,0
781392a7,CUST-02242,post_purchase,2025-08-28,1,0
9d42d28d,CUST-02243,welcome,2024-02-23,1,0
74cd127e,CUST-02243,sample_followup,2024-03-02,0,0
ed0fba81,CUST-02243,post_purchase,2024-04-05,0,0
ee244622,CUST-02244,welcome,2024-02-07,0,0
2780749b,CUST-02244,sample_followup,2024-02-18,0,1
e20e3adc,CUST-02244,reactivation,2024-05-11,1,0
89d9dd22,CUST-02245,welcome,2025-02-03,1,0
43a4ece4,CUST-02245,sample_followup,2025-02-11,1,0
c247edeb,CUST-02245,post_purchase,2025-04-01,0,1
e2e0ad28,CUST-02246,welcome,2024-11-19,1,0
4457af9c,CUST-02247,welcome,2024-11-27,1,0
df4e7506,CUST-02247,sample_followup,2024-12-05,1,1
e8ce4338,CUST-02247,post_purchase,2024-12-18,0,0
d98aa180,CUST-02248,welcome,2024-09-05,0,1
5e5f0ca8,CUST-02248,post_purchase,2024-10-11,1,0
8826b027,CUST-02249,welcome,2024-05-15,0,0
f698c907,CUST-02249,sample_followup,2024-05-24,1,0
43d1b662,CUST-02249,project_nurture,2024-07-02,0,0
bd0bf72a,CUST-02249,post_purchase,2024-06-18,1,0
a485c898,CUST-02250,welcome,2024-11-27,0,0
bd77e453,CUST-02250,sample_followup,2024-12-07,1,0
d4c78d3d,CUST-02250,reactivation,2025-02-27,0,0
7c6dd62e,CUST-02251,welcome,2025-01-20,1,0
6214e054,CUST-02251,sample_followup,2025-01-26,1,0
c5f41fb4,CUST-02251,reactivation,2025-03-21,0,0
dc54c2a6,CUST-02252,welcome,2024-07-22,1,0
815c04f5,CUST-02252,sample_followup,2024-08-07,1,0
0f871b06,CUST-02252,reactivation,2024-09-12,1,0
92868a4f,CUST-02253,welcome,2024-06-14,0,1
e4637e98,CUST-02253,post_purchase,2024-07-05,0,0
ebc32508,CUST-02254,welcome,2024-10-12,1,0
dff5c488,CUST-02254,sample_followup,2024-10-15,0,0
934a4d67,CUST-02254,trade_engagement,2024-12-25,0,1
9e72427b,CUST-02255,welcome,2024-07-13,1,0
afc04260,CUST-02255,sample_followup,2024-07-22,0,0
85323cb2,CUST-02255,reactivation,2024-10-07,0,0
95739215,CUST-02256,welcome,2024-12-15,1,0
e5507a89,CUST-02257,welcome,2024-07-06,0,1
464a6e0b,CUST-02258,welcome,2024-10-19,1,0
7e050c78,CUST-02258,sample_followup,2024-11-01,0,1
1b45fc22,CUST-02258,post_purchase,2024-11-18,1,0
d6d10260,CUST-02259,welcome,2025-01-13,1,0
3d2378f6,CUST-02260,welcome,2024-03-15,1,0
6004aed8,CUST-02260,sample_followup,2024-03-18,1,0
3df566d1,CUST-02260,post_purchase,2024-04-23,0,0
e44c3609,CUST-02261,welcome,2024-08-19,1,0
29505fa1,CUST-02262,welcome,2024-08-01,1,0
e346650a,CUST-02263,welcome,2025-01-09,0,0
42d46449,CUST-02263,sample_followup,2025-01-23,0,0
8b2b13fa,CUST-02263,post_purchase,2025-03-01,1,0
5a26938e,CUST-02264,welcome,2024-02-01,1,0
929f2390,CUST-02264,sample_followup,2024-02-03,1,0
be2159c9,CUST-02264,project_nurture,2024-02-28,0,0
c4aee390,CUST-02264,post_purchase,2024-02-13,1,1
a03b8158,CUST-02265,welcome,2024-03-15,1,0
928adbce,CUST-02265,sample_followup,2024-03-22,1,1
8da1df9f,CUST-02265,reactivation,2024-04-22,1,0
ea36c312,CUST-02266,welcome,2025-01-09,1,0
858fff22,CUST-02266,sample_followup,2025-01-14,1,0
ec4a3866,CUST-02266,project_nurture,2025-01-23,0,0
8ec9e27c,CUST-02266,post_purchase,2025-02-21,1,0
1cc0d70c,CUST-02267,welcome,2025-04-28,1,1
f52b90cc,CUST-02267,post_purchase,2025-05-25,1,0
285357a1,CUST-02268,welcome,2024-03-18,1,1
703a8b1c,CUST-02268,sample_followup,2024-03-25,0,0
b096dbb3,CUST-02268,reactivation,2024-06-07,0,0
1345152f,CUST-02269,welcome,2024-08-24,1,0
d965d52d,CUST-02269,sample_followup,2024-09-02,0,0
b48c6c1d,CUST-02269,reactivation,2024-11-17,1,0
7a0edc90,CUST-02270,welcome,2024-06-18,0,0
27edbfdd,CUST-02271,welcome,2024-11-10,0,0
59cfc819,CUST-02271,sample_followup,2024-11-18,0,0
6f6c1d73,CUST-02271,post_purchase,2024-12-27,1,0
859371af,CUST-02272,welcome,2024-03-27,1,0
2a2a24f9,CUST-02272,sample_followup,2024-04-02,0,0
f7de3ddf,CUST-02272,reactivation,2024-06-10,0,0
7c0b035d,CUST-02273,welcome,2025-06-07,0,0
7b6aedeb,CUST-02274,welcome,2024-04-10,0,0
b45b2050,CUST-02274,sample_followup,2024-04-24,1,1
5786b575,CUST-02274,reactivation,2024-06-27,0,0
2b4c971c,CUST-02275,welcome,2025-02-15,0,0
37c844a4,CUST-02275,sample_followup,2025-02-19,0,1
b88ce07c,CUST-02275,post_purchase,2025-04-11,1,0
db6ad2d3,CUST-02276,welcome,2024-12-21,0,0
65c08d11,CUST-02276,sample_followup,2025-01-03,0,0
9f7a61cf,CUST-02276,reactivation,2025-02-02,0,1
6af7d1c4,CUST-02277,welcome,2024-02-20,1,0
357b73a9,CUST-02277,sample_followup,2024-02-24,0,0
9cc53155,CUST-02277,post_purchase,2024-03-08,1,0
52ff9c6b,CUST-02278,welcome,2025-02-13,1,0
808bdcaf,CUST-02278,sample_followup,2025-03-04,1,0
62d04975,CUST-02278,post_purchase,2025-05-05,1,0
53801b74,CUST-02279,welcome,2024-12-07,1,0
22737ce7,CUST-02279,trade_engagement,2025-03-07,0,0
b57c9bf2,CUST-02280,welcome,2025-07-06,0,0
41e527ac,CUST-02280,sample_followup,2025-07-15,0,0
e2b85d81,CUST-02280,post_purchase,2025-08-06,0,0
ba1b70e0,CUST-02281,welcome,2024-07-26,1,0
c1456b4f,CUST-02281,sample_followup,2024-07-30,1,0
896c7155,CUST-02281,project_nurture,2024-08-16,0,0
80e2566c,CUST-02281,post_purchase,2024-09-15,1,0
bccdb986,CUST-02282,welcome,2025-02-15,1,0
2c77d2c5,CUST-02282,sample_followup,2025-03-07,0,0
f13c4323,CUST-02282,trade_engagement,2025-05-14,1,0
d1c3fa0d,CUST-02283,welcome,2025-03-31,0,0
fdad2641,CUST-02283,trade_engagement,2025-06-15,0,0
60fa2741,CUST-02284,welcome,2024-05-26,1,0
d835d641,CUST-02284,sample_followup,2024-06-16,0,0
828563bd,CUST-02284,post_purchase,2024-07-12,0,0
e38995f6,CUST-02285,welcome,2024-11-08,0,0
5e9319fd,CUST-02286,welcome,2024-03-05,0,0
b6b137f3,CUST-02286,sample_followup,2024-03-19,0,0
4e7e8385,CUST-02286,post_purchase,2024-04-15,0,0
8f7cf2a8,CUST-02287,welcome,2024-06-13,1,1
7939f6c7,CUST-02287,sample_followup,2024-06-16,1,0
8d817de7,CUST-02287,post_purchase,2024-08-03,1,0
ce76578d,CUST-02288,welcome,2025-08-14,0,0
726944ec,CUST-02288,sample_followup,2025-08-25,1,0
b0e28de0,CUST-02289,welcome,2024-09-17,0,1
60790fbc,CUST-02289,sample_followup,2024-09-26,1,0
3d8f9abc,CUST-02289,reactivation,2024-11-03,0,0
60d12697,CUST-02290,welcome,2024-07-26,0,0
f9a69751,CUST-02291,welcome,2024-01-25,0,0
f552bb9b,CUST-02291,sample_followup,2024-02-04,1,0
7b2c0d1b,CUST-02291,post_purchase,2024-03-01,1,0
477d7e30,CUST-02292,welcome,2024-05-29,1,0
4616c509,CUST-02292,post_purchase,2024-07-24,1,0
d35896a1,CUST-02293,welcome,2025-01-28,1,0
a82ee60d,CUST-02293,sample_followup,2025-02-07,1,0
eb0f23c4,CUST-02293,post_purchase,2025-03-15,0,0
ff2be830,CUST-02294,welcome,2024-06-10,0,1
cc30e2b5,CUST-02295,welcome,2024-03-03,1,1
4d2a1630,CUST-02296,welcome,2024-03-03,1,0
fe2dbd76,CUST-02297,welcome,2025-03-13,1,0
e0dcc39c,CUST-02297,sample_followup,2025-03-20,1,0
83ee07c8,CUST-02297,trade_engagement,2025-05-20,0,0
fa55f1ef,CUST-02298,welcome,2025-03-18,1,0
e9cb4128,CUST-02298,sample_followup,2025-03-28,1,0
94bd9b7b,CUST-02298,trade_engagement,2025-05-30,0,0
e720c085,CUST-02299,welcome,2025-02-13,0,0
7cc05a40,CUST-02299,sample_followup,2025-02-20,0,0
766e58e3,CUST-02299,reactivation,2025-04-27,0,0
82ef54eb,CUST-02300,welcome,2025-07-30,0,0
ca990f1c,CUST-02301,welcome,2024-12-28,0,0
29bca6b1,CUST-02301,sample_followup,2025-01-07,1,0
5149cae5,CUST-02301,post_purchase,2025-02-24,0,0
4916f453,CUST-02302,welcome,2025-07-26,1,0
7b3ef170,CUST-02302,post_purchase,2025-08-16,1,0
14f0ec4d,CUST-02303,welcome,2024-05-06,1,0
71e9bd23,CUST-02303,sample_followup,2024-05-24,0,1
7096f92b,CUST-02303,reactivation,2024-07-26,0,0
6f386a5f,CUST-02304,welcome,2024-05-04,0,0
3f97575b,CUST-02305,welcome,2025-02-07,1,0
e861ff66,CUST-02306,welcome,2025-07-20,1,0
531630d5,CUST-02307,welcome,2024-05-25,1,0
908474c9,CUST-02307,sample_followup,2024-05-28,0,0
2b7ad01f,CUST-02307,post_purchase,2024-07-04,1,0
efafcb38,CUST-02308,welcome,2024-12-21,0,0
98e03664,CUST-02308,sample_followup,2025-01-11,0,1
a0cca65d,CUST-02308,trade_engagement,2025-03-17,1,0
13bb3590,CUST-02309,welcome,2025-02-05,1,0
ab83f84c,CUST-02309,reactivation,2025-03-26,0,0
ea59971e,CUST-02310,welcome,2024-04-01,1,0
18b1bc9a,CUST-02310,sample_followup,2024-04-13,0,0
673d24bf,CUST-02310,reactivation,2024-06-09,1,0
601c8439,CUST-02311,welcome,2025-03-15,1,1
0866f2b0,CUST-02312,welcome,2024-07-17,1,0
31f491a9,CUST-02312,sample_followup,2024-08-01,1,0
1ef63df0,CUST-02312,reactivation,2024-10-13,0,0
f61b7c23,CUST-02313,welcome,2025-02-18,0,0
d1c02be6,CUST-02313,post_purchase,2025-03-09,1,0
a4c00b43,CUST-02314,welcome,2024-09-30,0,0
13b00c98,CUST-02314,sample_followup,2024-10-05,0,0
bc6c191e,CUST-02314,post_purchase,2024-10-21,1,1
9fbb3262,CUST-02315,welcome,2024-02-12,0,0
402e8ef4,CUST-02315,sample_followup,2024-02-23,0,1
33fe565c,CUST-02315,reactivation,2024-05-06,0,0
22a9fa7b,CUST-02316,welcome,2024-11-14,0,0
4fa5137e,CUST-02316,sample_followup,2024-11-18,0,0
21b87a1c,CUST-02316,post_purchase,2024-12-12,1,0
c124523d,CUST-02317,welcome,2024-05-14,0,0
605c522a,CUST-02318,welcome,2024-03-10,0,0
a579c8d2,CUST-02318,sample_followup,2024-03-23,1,0
e8105864,CUST-02318,post_purchase,2024-05-07,1,0
f1fca940,CUST-02319,welcome,2024-08-04,0,0
6c63f329,CUST-02319,sample_followup,2024-08-10,1,0
db404c14,CUST-02319,post_purchase,2024-08-31,1,0
60775538,CUST-02320,welcome,2025-07-29,0,0
7c431cec,CUST-02321,welcome,2025-02-26,1,0
d95d337a,CUST-02321,sample_followup,2025-03-03,1,0
21b81142,CUST-02321,reactivation,2025-04-27,0,0
fc5672f0,CUST-02322,welcome,2025-08-03,0,0
0253f807,CUST-02323,welcome,2025-01-04,0,0
6fc334f5,CUST-02323,sample_followup,2025-01-07,0,0
273de0b3,CUST-02323,post_purchase,2025-03-07,1,0
76fa6cac,CUST-02324,welcome,2025-05-11,0,0
33e76de2,CUST-02324,sample_followup,2025-05-17,1,0
f2e61588,CUST-02324,reactivation,2025-07-19,0,0
b184a262,CUST-02325,welcome,2025-04-13,1,0
1d562db4,CUST-02326,welcome,2024-01-16,1,0
e43aee6e,CUST-02326,sample_followup,2024-01-19,1,0
c896e2e9,CUST-02326,post_purchase,2024-03-10,1,0
77c36ddb,CUST-02327,welcome,2024-12-01,1,0
d0ac929f,CUST-02327,reactivation,2025-02-17,0,0
da7afb1c,CUST-02328,welcome,2024-03-04,1,0
3fa3da26,CUST-02329,welcome,2024-11-12,0,1
a191e581,CUST-02329,sample_followup,2024-11-18,1,1
6d7345dc,CUST-02329,reactivation,2025-01-20,0,0
5c6f4ef9,CUST-02330,welcome,2024-01-03,1,0
a7153e65,CUST-02330,sample_followup,2024-01-11,0,0
734911ff,CUST-02330,post_purchase,2024-02-03,0,0
90fe1fa3,CUST-02331,welcome,2025-06-02,1,0
3c5eb27b,CUST-02331,sample_followup,2025-06-24,1,0
9c041941,CUST-02331,post_purchase,2025-08-13,1,1
86175851,CUST-02332,welcome,2025-05-18,1,1
b314c942,CUST-02332,sample_followup,2025-05-31,0,0
7142de47,CUST-02332,reactivation,2025-08-22,1,0
b68b0078,CUST-02333,welcome,2025-01-01,1,0
1ca0107a,CUST-02333,sample_followup,2025-01-08,1,0
c4b4dcd3,CUST-02333,reactivation,2025-03-12,0,0
59b97fb8,CUST-02334,welcome,2024-03-19,0,0
bce1c6cf,CUST-02334,sample_followup,2024-04-01,0,0
27e0f7a9,CUST-02334,post_purchase,2024-05-28,0,0
a6d06523,CUST-02335,welcome,2024-01-18,1,0
eb5a476e,CUST-02335,sample_followup,2024-01-31,0,0
8c5350ef,CUST-02335,post_purchase,2024-03-19,0,0
d97a60c1,CUST-02336,welcome,2025-04-30,0,0
3184559d,CUST-02336,sample_followup,2025-05-15,1,0
ce4e432a,CUST-02336,post_purchase,2025-06-11,1,0
f85d26c8,CUST-02337,welcome,2025-03-30,1,0
f10f0d85,CUST-02338,welcome,2024-05-28,0,0
ec9c3f18,CUST-02338,sample_followup,2024-06-17,1,0
4d59d7f0,CUST-02338,post_purchase,2024-07-31,1,1
dff45254,CUST-02339,welcome,2025-04-28,1,0
306b1358,CUST-02339,sample_followup,2025-05-16,0,0
1a3ed631,CUST-02339,post_purchase,2025-06-25,1,0
c1989d3a,CUST-02340,welcome,2025-06-13,1,0
4dea1fad,CUST-02340,sample_followup,2025-06-24,0,0
525a2fe1,CUST-02340,reactivation,2025-08-18,1,0
5031adae,CUST-02341,welcome,2024-01-28,0,0
c499d7cb,CUST-02341,sample_followup,2024-02-04,1,0
109055ef,CUST-02341,post_purchase,2024-03-16,1,0
ad4cdf7e,CUST-02342,welcome,2024-02-24,0,0
55d48b61,CUST-02342,sample_followup,2024-02-28,1,0
7d8f2b31,CUST-02342,post_purchase,2024-04-29,0,0
e85188e0,CUST-02343,welcome,2024-04-15,1,0
451bba2c,CUST-02343,sample_followup,2024-04-30,1,0
c72ded5b,CUST-02343,post_purchase,2024-06-06,0,0
8485b246,CUST-02344,welcome,2024-02-27,0,1
824a1d68,CUST-02344,sample_followup,2024-03-05,1,0
9405bc68,CUST-02344,post_purchase,2024-04-23,1,0
9db1f6fb,CUST-02345,welcome,2024-06-16,1,0
1ef82cdf,CUST-02345,sample_followup,2024-07-08,1,0
8f220ec6,CUST-02345,post_purchase,2024-08-14,0,0
77ad1017,CUST-02346,welcome,2024-06-10,1,0
d896833a,CUST-02346,sample_followup,2024-06-25,0,0
a3b5672c,CUST-02346,post_purchase,2024-07-19,0,0
3c5e1c91,CUST-02347,welcome,2025-01-19,1,0
dcc42774,CUST-02347,sample_followup,2025-01-31,0,0
b461b998,CUST-02347,post_purchase,2025-02-25,1,0
151ac666,CUST-02348,welcome,2024-02-05,1,0
93694181,CUST-02348,sample_followup,2024-02-21,1,0
fe660213,CUST-02348,reactivation,2024-05-14,0,1
cbd40b6d,CUST-02349,welcome,2024-03-24,0,0
a723ad34,CUST-02349,sample_followup,2024-04-04,1,0
aeea0cad,CUST-02349,post_purchase,2024-04-23,1,0
0ea19930,CUST-02350,welcome,2025-07-08,1,0
7da051a6,CUST-02351,welcome,2025-06-13,1,0
10a6f250,CUST-02352,welcome,2024-06-01,1,0
d4529143,CUST-02352,sample_followup,2024-06-10,1,0
4f5b3acd,CUST-02352,post_purchase,2024-07-05,0,0
a4664264,CUST-02353,welcome,2024-11-29,1,0
3b0e4ff4,CUST-02353,sample_followup,2024-12-10,1,0
632c5b18,CUST-02353,reactivation,2025-01-08,0,0
69b37d48,CUST-02354,welcome,2025-03-14,0,0
d2337b60,CUST-02354,post_purchase,2025-05-06,1,0
68184d49,CUST-02355,welcome,2024-07-11,1,0
9c1531a0,CUST-02355,sample_followup,2024-07-24,1,0
1ab70942,CUST-02355,post_purchase,2024-08-27,0,0
5b558320,CUST-02356,welcome,2024-12-11,1,0
1d90f278,CUST-02356,sample_followup,2024-12-25,1,0
caa18dff,CUST-02356,reactivation,2025-02-05,0,0
b2e6a2bb,CUST-02357,welcome,2025-05-05,0,0
ef982704,CUST-02358,welcome,2025-06-17,1,0
75029099,CUST-02358,sample_followup,2025-06-25,0,0
a070f95c,CUST-02358,trade_engagement,2025-08-02,0,0
04c36fd3,CUST-02359,welcome,2024-01-26,1,0
273930b6,CUST-02359,sample_followup,2024-02-05,1,0
fb7331ea,CUST-02359,reactivation,2024-03-20,0,1
dcbb01d9,CUST-02360,welcome,2024-08-16,0,0
93e179e1,CUST-02360,sample_followup,2024-08-23,0,0
fa367192,CUST-02360,post_purchase,2024-10-17,1,0
1d7d94f8,CUST-02361,welcome,2024-09-10,0,0
d6a4b55f,CUST-02361,sample_followup,2024-09-15,1,0
65bc470d,CUST-02361,reactivation,2024-10-18,0,0
53877073,CUST-02362,welcome,2024-01-28,0,0
0eb33096,CUST-02362,sample_followup,2024-02-07,1,0
dc5626a9,CUST-02362,post_purchase,2024-03-18,0,0
8cb8f480,CUST-02363,welcome,2024-04-09,0,0
4de6d063,CUST-02363,sample_followup,2024-04-22,1,0
97e3b46a,CUST-02363,reactivation,2024-07-07,0,0
c2ac83b0,CUST-02364,welcome,2024-10-31,1,0
0d483540,CUST-02365,welcome,2024-11-28,0,0
2ee3f109,CUST-02365,sample_followup,2024-12-02,0,0
ef466438,CUST-02365,post_purchase,2025-01-25,0,0
40023964,CUST-02366,welcome,2025-06-05,0,0
c6e9b0fd,CUST-02366,sample_followup,2025-06-26,1,0
f231c48c,CUST-02366,trade_engagement,2025-08-17,1,0
720c07ed,CUST-02367,welcome,2024-11-10,1,1
ff615bf8,CUST-02367,sample_followup,2024-11-17,0,0
0b071eb6,CUST-02367,reactivation,2024-12-23,0,0
2ff3cc61,CUST-02368,welcome,2024-10-07,1,0
54f59d12,CUST-02368,sample_followup,2024-10-27,1,0
8fea2e30,CUST-02368,reactivation,2025-01-05,0,0
82a15db7,CUST-02369,welcome,2025-04-10,0,0
25f055e7,CUST-02369,sample_followup,2025-04-24,1,0
068b7353,CUST-02369,reactivation,2025-06-10,1,0
260d7cbb,CUST-02370,welcome,2024-10-29,1,0
6d4636d3,CUST-02370,sample_followup,2024-11-12,0,0
334ac15d,CUST-02370,post_purchase,2024-12-13,1,0
01893200,CUST-02371,welcome,2025-02-25,0,1
56f44e26,CUST-02371,sample_followup,2025-03-19,0,0
6c965359,CUST-02371,reactivation,2025-04-26,0,0
7dee363e,CUST-02372,welcome,2025-07-25,1,0
f57559e4,CUST-02373,welcome,2024-07-20,0,0
1615a74e,CUST-02373,sample_followup,2024-07-26,0,0
6641b617,CUST-02373,post_purchase,2024-08-31,1,0
7e25d245,CUST-02374,welcome,2024-08-31,0,0
8181f8be,CUST-02375,welcome,2024-06-28,1,0
ad8d6021,CUST-02376,welcome,2024-04-02,1,0
0c62b579,CUST-02376,sample_followup,2024-04-15,1,0
fed42eb0,CUST-02376,reactivation,2024-06-12,0,1
2a278fae,CUST-02377,welcome,2024-05-28,1,1
8587978a,CUST-02377,sample_followup,2024-06-02,0,0
6595453b,CUST-02377,post_purchase,2024-07-19,0,0
bfb48bae,CUST-02378,welcome,2024-05-13,0,0
9dec6d00,CUST-02378,post_purchase,2024-06-14,1,0
61a4e29c,CUST-02379,welcome,2024-11-13,0,0
2e8234be,CUST-02380,welcome,2025-06-09,0,0
23ee5dd2,CUST-02380,sample_followup,2025-06-24,1,0
6e067b1c,CUST-02380,project_nurture,2025-07-06,0,0
5a7345a1,CUST-02380,trade_engagement,2025-08-30,0,0
5550efad,CUST-02381,welcome,2024-10-03,0,0
2d5ce877,CUST-02382,welcome,2024-03-04,1,0
127ef2ee,CUST-02382,sample_followup,2024-03-20,1,0
a3286424,CUST-02382,reactivation,2024-04-21,0,0
1392d7dd,CUST-02383,welcome,2024-03-14,0,1
2d95fec9,CUST-02383,post_purchase,2024-04-03,1,1
913c708f,CUST-02384,welcome,2024-01-22,1,0
ee21afe2,CUST-02384,sample_followup,2024-02-07,0,0
e082c87b,CUST-02384,post_purchase,2024-03-29,1,0
28b65a63,CUST-02385,welcome,2024-10-17,1,0
5b5c0ef1,CUST-02385,sample_followup,2024-10-27,0,0
217eed0f,CUST-02385,trade_engagement,2024-11-28,0,0
3896cf8e,CUST-02386,welcome,2024-12-31,1,0
a8f5ef85,CUST-02386,post_purchase,2025-02-16,0,0
9999d73d,CUST-02387,welcome,2025-05-22,1,0
bf0d8a1a,CUST-02387,sample_followup,2025-05-28,0,0
57632579,CUST-02387,reactivation,2025-08-19,0,0
2bf7b369,CUST-02388,welcome,2024-08-01,0,0
b525efe6,CUST-02388,sample_followup,2024-08-10,0,0
b9b17e20,CUST-02388,post_purchase,2024-09-25,0,0
4058d14d,CUST-02389,welcome,2024-07-19,1,0
22911f76,CUST-02390,welcome,2025-07-15,1,1
d23bf174,CUST-02390,sample_followup,2025-07-22,1,0
3ce6ebfb,CUST-02391,welcome,2024-01-29,1,0
013ea5d3,CUST-02391,sample_followup,2024-02-12,0,0
86667a7e,CUST-02391,post_purchase,2024-04-14,1,0
36592076,CUST-02392,welcome,2024-03-13,1,0
137a2e72,CUST-02392,sample_followup,2024-03-22,0,0
39ff1a24,CUST-02392,post_purchase,2024-04-14,0,1
5e32b712,CUST-02393,welcome,2024-11-25,1,0
5e93f13e,CUST-02393,post_purchase,2024-12-30,1,0
fa74553c,CUST-02394,welcome,2025-05-08,0,0
454f90b9,CUST-02394,sample_followup,2025-05-31,0,0
7fc921da,CUST-02394,trade_engagement,2025-08-11,1,0
8b73b071,CUST-02395,welcome,2024-12-06,0,0
13c9d29c,CUST-02396,welcome,2024-11-07,0,1
f72beca2,CUST-02396,sample_followup,2024-11-23,0,0
8dc43b86,CUST-02396,post_purchase,2024-12-08,1,0
2eda515b,CUST-02397,welcome,2024-09-04,1,1
d013d67e,CUST-02397,sample_followup,2024-09-09,0,1
47724552,CUST-02397,post_purchase,2024-10-26,1,0
1dea1b72,CUST-02398,welcome,2025-05-21,0,0
9f4e2719,CUST-02398,post_purchase,2025-06-07,1,0
0cbc051a,CUST-02399,welcome,2024-11-07,0,0
5849742d,CUST-02400,welcome,2024-06-25,0,0
5130f67d,CUST-02400,sample_followup,2024-07-06,0,0
1859364a,CUST-02400,reactivation,2024-08-29,0,0
59222f80,CUST-02401,welcome,2024-06-29,0,0
1f513501,CUST-02402,welcome,2024-01-06,1,0
111ff1ae,CUST-02402,sample_followup,2024-01-26,0,0
9f1179fb,CUST-02402,post_purchase,2024-02-24,1,0
3a9fb87b,CUST-02403,welcome,2025-01-01,0,0
8ce14972,CUST-02404,welcome,2024-07-07,1,0
d02e0737,CUST-02404,sample_followup,2024-07-29,1,0
12171744,CUST-02404,post_purchase,2024-09-25,1,0
c6d63a1e,CUST-02405,welcome,2024-05-18,0,0
82e26d77,CUST-02405,sample_followup,2024-05-28,1,0
5dfdc08c,CUST-02405,post_purchase,2024-07-24,1,0
8095f337,CUST-02406,welcome,2025-05-28,1,0
0872aff5,CUST-02407,welcome,2025-04-30,0,1
328ac888,CUST-02407,sample_followup,2025-05-11,0,0
de4fce89,CUST-02407,post_purchase,2025-06-02,1,0
36b41e3d,CUST-02408,welcome,2024-04-15,0,1
686568fc,CUST-02408,sample_followup,2024-05-02,0,0
5918912f,CUST-02408,reactivation,2024-06-20,0,0
ca3d5f48,CUST-02409,welcome,2024-06-16,0,0
0e5e6c45,CUST-02409,sample_followup,2024-06-28,0,0
a9b435ae,CUST-02409,reactivation,2024-08-13,1,0
bf3cd179,CUST-02410,welcome,2024-07-29,1,1
863ece0f,CUST-02410,sample_followup,2024-08-18,0,1
328a28fd,CUST-02410,post_purchase,2024-10-08,1,0
fb31209d,CUST-02411,welcome,2024-07-29,0,0
7a14759a,CUST-02411,sample_followup,2024-08-05,0,1
9caa729d,CUST-02411,reactivation,2024-09-09,0,0
fa88cb2f,CUST-02412,welcome,2025-01-19,1,0
aacb140e,CUST-02412,sample_followup,2025-01-24,1,0
6f556c41,CUST-02412,project_nurture,2025-02-26,0,0
c5b7d8a6,CUST-02412,post_purchase,2025-03-23,1,0
f6c0c4be,CUST-02413,welcome,2024-07-25,0,0
be6694cd,CUST-02413,sample_followup,2024-07-27,0,1
ceeb0230,CUST-02413,trade_engagement,2024-08-28,1,0
f5af48cb,CUST-02414,welcome,2024-06-13,1,0
5e690823,CUST-02414,sample_followup,2024-06-24,0,0
4194d907,CUST-02414,trade_engagement,2024-08-29,0,0
fa41da38,CUST-02415,welcome,2024-06-26,0,0
3667573e,CUST-02415,sample_followup,2024-07-12,1,0
35fec7d4,CUST-02415,post_purchase,2024-09-08,0,0
d075f2d1,CUST-02416,welcome,2024-05-25,1,0
3880513c,CUST-02416,sample_followup,2024-06-01,1,1
e10b2e53,CUST-02416,reactivation,2024-08-08,0,0
9e3af748,CUST-02417,welcome,2024-09-02,1,0
f80c7926,CUST-02417,sample_followup,2024-09-14,1,0
4d424019,CUST-02417,project_nurture,2024-10-09,1,0
9a2c9e73,CUST-02417,post_purchase,2024-10-03,0,0
ed4a70bf,CUST-02418,welcome,2025-01-12,1,0
a79db8fa,CUST-02418,sample_followup,2025-01-15,1,1
c19dc2d4,CUST-02418,reactivation,2025-03-25,0,0
ea517686,CUST-02419,welcome,2024-08-07,1,0
f26d1617,CUST-02419,sample_followup,2024-08-29,1,0
d940242c,CUST-02419,post_purchase,2024-10-21,1,0
5dc0c906,CUST-02420,welcome,2025-08-21,1,0
1181ae2c,CUST-02420,sample_followup,2025-09-05,0,0
4297e7ac,CUST-02420,post_purchase,2025-09-28,1,0
22fb52dc,CUST-02421,welcome,2025-01-07,1,0
f66e540a,CUST-02421,sample_followup,2025-01-22,1,0
49314c7f,CUST-02421,post_purchase,2025-02-01,1,0
07dc3352,CUST-02422,welcome,2024-08-08,1,0
463da1dd,CUST-02422,sample_followup,2024-08-21,0,0
bbdf6ecf,CUST-02422,reactivation,2024-11-10,0,0
c0ed2173,CUST-02423,welcome,2025-05-02,1,1
b1bb813e,CUST-02423,sample_followup,2025-05-19,0,1
3b83cb14,CUST-02423,project_nurture,2025-06-26,0,0
c5088cbc,CUST-02423,post_purchase,2025-06-28,1,0
af49a253,CUST-02424,welcome,2025-07-14,1,1
bb913a5e,CUST-02425,welcome,2024-03-04,0,0
b4d5f901,CUST-02425,post_purchase,2024-03-22,0,0
95894f5e,CUST-02426,welcome,2025-08-26,1,0
7ce5e0d7,CUST-02427,welcome,2024-10-04,0,0
8df3da68,CUST-02427,sample_followup,2024-10-19,0,0
42f33f9d,CUST-02427,post_purchase,2024-11-21,1,0
9778544e,CUST-02428,welcome,2024-06-24,0,0
df102be1,CUST-02428,sample_followup,2024-06-30,0,0
daf4c6f9,CUST-02428,reactivation,2024-09-25,0,0
d0737666,CUST-02429,welcome,2024-11-07,0,0
66611245,CUST-02429,sample_followup,2024-11-10,1,0
4bfc4756,CUST-02429,trade_engagement,2025-01-10,1,0
291181e5,CUST-02430,welcome,2025-06-03,0,0
73142915,CUST-02430,sample_followup,2025-06-16,1,1
f46f9907,CUST-02430,post_purchase,2025-08-06,1,1
b49c6ccb,CUST-02431,welcome,2024-08-09,1,0
502791da,CUST-02431,sample_followup,2024-08-16,0,0
3786ec55,CUST-02431,post_purchase,2024-09-17,1,1
fa7e9d2e,CUST-02432,welcome,2024-07-18,1,1
767802d5,CUST-02433,welcome,2024-03-30,1,0
13b22730,CUST-02433,sample_followup,2024-04-10,0,0
51d11893,CUST-02433,reactivation,2024-05-16,0,0
5f17eefa,CUST-02434,welcome,2024-12-11,1,0
a003a1ba,CUST-02434,post_purchase,2025-01-15,0,0
d6c0e662,CUST-02435,welcome,2025-01-29,1,1
539ae6ce,CUST-02435,sample_followup,2025-02-13,0,0
f146d301,CUST-02435,reactivation,2025-03-22,0,0
e0e6166f,CUST-02436,welcome,2024-05-31,1,1
ffe91f94,CUST-02437,welcome,2024-10-25,1,1
b7eb130a,CUST-02437,reactivation,2025-01-23,0,0
4996e601,CUST-02438,welcome,2024-11-22,1,0
ec233c96,CUST-02438,sample_followup,2024-12-07,0,0
93f59c5a,CUST-02438,trade_engagement,2025-01-24,0,0
e5df210c,CUST-02439,welcome,2024-08-18,0,0
68e0ce80,CUST-02440,welcome,2024-06-15,0,0
ab66cdc3,CUST-02440,sample_followup,2024-07-02,1,0
8ffe105d,CUST-02440,reactivation,2024-08-31,0,0
204226d8,CUST-02441,welcome,2025-03-18,1,0
6b401c97,CUST-02441,sample_followup,2025-04-02,1,1
fefee8e1,CUST-02441,trade_engagement,2025-06-11,0,0
d92e12d6,CUST-02442,welcome,2025-07-31,1,0
954ce607,CUST-02442,sample_followup,2025-08-15,0,0
1f0346ff,CUST-02442,post_purchase,2025-09-13,0,0
75f13811,CUST-02443,welcome,2025-01-21,1,0
ef1763b5,CUST-02443,post_purchase,2025-03-03,0,0
87c35ca6,CUST-02444,welcome,2024-08-16,0,0
e87d0bae,CUST-02444,sample_followup,2024-09-01,0,0
54481a0b,CUST-02444,reactivation,2024-11-06,0,0
0ef56bf4,CUST-02445,welcome,2024-02-29,1,0
ee4081e1,CUST-02446,welcome,2024-06-23,0,0
48537722,CUST-02447,welcome,2025-04-19,1,0
c6c12b56,CUST-02447,sample_followup,2025-04-23,1,1
7c180042,CUST-02447,post_purchase,2025-05-17,1,1
b8987bc7,CUST-02448,welcome,2024-02-13,0,0
304246a8,CUST-02449,welcome,2025-08-26,1,0
10065cd0,CUST-02449,post_purchase,2025-09-13,1,0
6f113b06,CUST-02450,welcome,2024-06-03,1,1
a0cb11cd,CUST-02450,sample_followup,2024-06-15,0,0
404b0088,CUST-02450,post_purchase,2024-07-25,0,0
28e60ee3,CUST-02451,welcome,2024-06-10,0,0
05e644dc,CUST-02452,welcome,2025-06-22,0,1
f5aaf248,CUST-02452,sample_followup,2025-07-02,0,0
b989ac98,CUST-02453,welcome,2025-05-31,0,0
ed529b11,CUST-02453,sample_followup,2025-06-06,0,0
1ebc926b,CUST-02453,post_purchase,2025-07-12,1,0
86e52968,CUST-02454,welcome,2024-07-19,0,0
4d157e53,CUST-02454,sample_followup,2024-08-04,0,0
d07286a2,CUST-02454,post_purchase,2024-08-23,0,0
31c3fc87,CUST-02455,welcome,2024-02-13,0,0
75a96013,CUST-02455,sample_followup,2024-02-23,0,0
874ec011,CUST-02455,reactivation,2024-04-12,0,0
3ba83c7e,CUST-02456,welcome,2025-04-07,1,0
522f39d9,CUST-02456,reactivation,2025-05-21,1,0
c34d6322,CUST-02457,welcome,2025-01-22,0,0
81e8cd1c,CUST-02457,sample_followup,2025-01-29,0,0
47119990,CUST-02457,reactivation,2025-02-26,0,0
a528d4f6,CUST-02458,welcome,2025-01-29,0,0
4ce6ec73,CUST-02458,sample_followup,2025-02-17,0,0
40a4a476,CUST-02458,post_purchase,2025-03-19,1,0
e5a664d3,CUST-02459,welcome,2025-03-02,0,0
c7d11f34,CUST-02460,welcome,2024-07-26,1,0
83c28d1c,CUST-02460,sample_followup,2024-07-29,0,0
03ac9d13,CUST-02460,post_purchase,2024-09-09,0,0
c8157a70,CUST-02461,welcome,2025-01-02,1,1
4139135f,CUST-02461,sample_followup,2025-01-23,0,0
b5a1265a,CUST-02461,post_purchase,2025-03-20,1,0
c2a863f9,CUST-02462,welcome,2024-02-02,1,1
c01bf2c4,CUST-02462,sample_followup,2024-02-04,1,0
abec6622,CUST-02462,post_purchase,2024-02-25,1,0
3e6b0bf0,CUST-02463,welcome,2024-03-31,1,0
ee7b6a14,CUST-02464,welcome,2024-04-22,1,0
62f259d3,CUST-02464,sample_followup,2024-05-05,0,0
457da10f,CUST-02464,reactivation,2024-07-24,0,0
99fe8f3e,CUST-02465,welcome,2024-11-04,0,0
cd627dea,CUST-02465,sample_followup,2024-11-15,0,0
80e03f57,CUST-02465,post_purchase,2024-12-15,0,0
6d2096db,CUST-02466,welcome,2025-08-01,1,0
27556191,CUST-02466,sample_followup,2025-08-08,1,1
cb101784,CUST-02467,welcome,2025-04-30,1,0
8d7ed436,CUST-02467,sample_followup,2025-05-13,0,0
cb89dd01,CUST-02467,post_purchase,2025-07-08,0,0
6d577e43,CUST-02468,welcome,2024-01-10,0,0
c6e4b794,CUST-02468,sample_followup,2024-02-01,1,0
75080a73,CUST-02468,trade_engagement,2024-03-05,1,0
07b96511,CUST-02469,welcome,2025-05-17,0,1
fa21bd1e,CUST-02469,sample_followup,2025-05-26,1,0
10d1ac16,CUST-02469,reactivation,2025-08-14,0,0
f71a4ed1,CUST-02470,welcome,2025-08-17,0,0
b5188192,CUST-02470,sample_followup,2025-08-29,0,0
36b49abf,CUST-02471,welcome,2024-12-25,0,0
b4252d91,CUST-02471,sample_followup,2025-01-09,1,0
4731e98a,CUST-02471,post_purchase,2025-03-08,0,1
a1bcc4e8,CUST-02472,welcome,2025-07-26,1,1
9bf8dc56,CUST-02472,sample_followup,2025-07-29,0,0
70eb77c5,CUST-02472,post_purchase,2025-09-28,0,0
a1586fbf,CUST-02473,welcome,2025-02-10,1,0
23323c84,CUST-02473,sample_followup,2025-02-15,1,0
ff9b1ac3,CUST-02473,reactivation,2025-04-02,0,0
5639bb4d,CUST-02474,welcome,2025-06-15,0,0
5c83f595,CUST-02474,sample_followup,2025-06-22,0,0
45ebe39d,CUST-02474,reactivation,2025-07-28,0,0
345a4858,CUST-02475,welcome,2024-07-24,0,0
fd8d9fb0,CUST-02476,welcome,2025-04-21,1,0
d018f954,CUST-02476,sample_followup,2025-05-04,0,1
d670f859,CUST-02476,trade_engagement,2025-06-14,0,0
52420615,CUST-02477,welcome,2024-02-11,0,0
ebc33ec2,CUST-02477,sample_followup,2024-02-14,0,0
c1986ce2,CUST-02477,post_purchase,2024-02-25,0,0
86c61ee1,CUST-02478,welcome,2024-02-19,1,0
bff5f879,CUST-02478,sample_followup,2024-03-06,0,0
82f01b4f,CUST-02478,post_purchase,2024-05-07,1,0
f0537659,CUST-02479,welcome,2024-03-10,0,0
a1c74591,CUST-02479,sample_followup,2024-03-29,0,0
238cb349,CUST-02479,reactivation,2024-05-25,1,0
c85c5a97,CUST-02480,welcome,2025-07-27,0,1
69d578b5,CUST-02480,sample_followup,2025-08-14,0,0
13b56282,CUST-02480,post_purchase,2025-09-25,0,0
377537ee,CUST-02481,welcome,2024-06-22,0,0
a0863a68,CUST-02481,post_purchase,2024-07-16,0,0
6b300e45,CUST-02482,welcome,2024-07-06,1,0
22b9e9db,CUST-02482,sample_followup,2024-07-21,0,0
4e786fc8,CUST-02482,post_purchase,2024-08-29,1,0
d5c4e140,CUST-02483,welcome,2024-07-19,1,1
df6bf8e0,CUST-02484,welcome,2024-11-30,1,0
cca3463e,CUST-02484,sample_followup,2024-12-05,0,0
a726797f,CUST-02484,reactivation,2025-02-05,0,0
48e69602,CUST-02485,welcome,2024-11-30,1,0
eb0d0bd4,CUST-02485,sample_followup,2024-12-08,1,0
3124d43f,CUST-02485,post_purchase,2024-12-20,1,0
64804c2b,CUST-02486,welcome,2025-05-18,1,0
bc7315d7,CUST-02486,sample_followup,2025-06-03,0,0
fb7eaa3d,CUST-02486,post_purchase,2025-07-31,0,0
eae5bb8e,CUST-02487,welcome,2025-03-08,0,0
f1298f6b,CUST-02488,welcome,2025-03-28,1,0
548cd439,CUST-02489,welcome,2024-04-25,0,0
ef8286bd,CUST-02489,sample_followup,2024-05-16,1,0
97b6121b,CUST-02489,post_purchase,2024-07-07,1,0
1231e03e,CUST-02490,welcome,2025-03-23,0,0
097eaad0,CUST-02490,sample_followup,2025-04-14,0,0
5ba55104,CUST-02490,post_purchase,2025-05-25,1,0
8cbaf72f,CUST-02491,welcome,2024-03-30,1,1
4babdd25,CUST-02491,sample_followup,2024-04-13,0,0
ce3c71ce,CUST-02491,reactivation,2024-06-15,0,0
389fc9da,CUST-02492,welcome,2024-07-29,0,0
25feffac,CUST-02492,sample_followup,2024-08-21,0,0
03a0c9fd,CUST-02492,reactivation,2024-11-16,0,0
303d5dba,CUST-02493,welcome,2024-11-21,0,1
c860d805,CUST-02493,sample_followup,2024-11-26,1,0
b0547a2b,CUST-02493,reactivation,2025-01-22,0,0
2db69dfd,CUST-02494,welcome,2025-03-04,0,1
d1620685,CUST-02494,sample_followup,2025-03-19,0,1
6145c5d8,CUST-02494,post_purchase,2025-04-21,0,0
c319a68d,CUST-02495,welcome,2024-08-21,0,0
5a68c32d,CUST-02495,sample_followup,2024-09-03,0,0
33eb52de,CUST-02495,reactivation,2024-10-04,1,0
fe95c662,CUST-02496,welcome,2024-12-06,0,1
e880026b,CUST-02496,sample_followup,2024-12-12,0,0
e430d85c,CUST-02496,post_purchase,2024-12-25,1,1
c2524255,CUST-02497,welcome,2025-05-09,1,0
15de7ca0,CUST-02498,welcome,2024-07-01,1,0
e53f6f8c,CUST-02498,sample_followup,2024-07-13,0,0
81b0f22d,CUST-02498,reactivation,2024-09-09,0,0
456dcaec,CUST-02499,welcome,2024-03-03,0,0
b01a7c45,CUST-02499,post_purchase,2024-04-08,1,0
a6297141,CUST-02500,welcome,2025-03-23,1,0
3338485b,CUST-02500,sample_followup,2025-03-28,0,0
8f1c1558,CUST-02500,post_purchase,2025-04-18,0,0
acecc534,CUST-02501,welcome,2025-05-17,1,0
ad0d45b7,CUST-02502,welcome,2024-10-25,1,0
2590437e,CUST-02503,welcome,2024-12-15,0,0
6da8f812,CUST-02503,sample_followup,2024-12-25,0,0
3369b11f,CUST-02503,project_nurture,2025-01-20,0,0
a3c58474,CUST-02503,post_purchase,2025-02-13,1,0
33c9e7b1,CUST-02504,welcome,2024-12-02,0,0
ecc94487,CUST-02504,sample_followup,2024-12-17,1,0
d39f6a2e,CUST-02504,post_purchase,2025-01-24,1,0
8a977288,CUST-02505,welcome,2024-01-05,1,0
af892d7f,CUST-02505,sample_followup,2024-01-16,1,0
a5d001ff,CUST-02505,post_purchase,2024-02-22,0,1
37121f5c,CUST-02506,welcome,2024-02-21,0,0
a4172ed1,CUST-02506,sample_followup,2024-03-14,0,0
1459ded5,CUST-02506,post_purchase,2024-04-22,0,0
69c2bbc8,CUST-02507,welcome,2025-06-02,0,0
aca7eb1a,CUST-02507,sample_followup,2025-06-13,1,0
b20ca8d2,CUST-02507,post_purchase,2025-07-26,1,0
adb30277,CUST-02508,welcome,2024-08-30,1,1
40a40edb,CUST-02508,sample_followup,2024-09-17,0,0
c079f769,CUST-02508,post_purchase,2024-11-18,1,0
45653222,CUST-02509,welcome,2025-03-21,1,0
24eb5726,CUST-02509,sample_followup,2025-04-09,0,0
e78df46a,CUST-02509,post_purchase,2025-04-22,1,0
6799ceb5,CUST-02510,welcome,2025-08-06,1,0
8060ad63,CUST-02510,sample_followup,2025-08-20,1,0
cdb5ea3f,CUST-02510,project_nurture,2025-09-10,1,0
20393d28,CUST-02510,post_purchase,2025-10-06,0,0
072cb637,CUST-02511,welcome,2025-01-09,0,0
76ef1ff0,CUST-02512,welcome,2024-02-06,0,0
f45d5ee1,CUST-02512,sample_followup,2024-02-17,1,0
20b7e1a0,CUST-02512,post_purchase,2024-03-24,1,0
b5c2510c,CUST-02513,welcome,2024-01-18,0,0
9ddb0733,CUST-02514,welcome,2024-11-26,0,0
15fcbdb0,CUST-02514,sample_followup,2024-12-16,0,0
1d78c5bd,CUST-02514,post_purchase,2025-01-18,0,0
6e827720,CUST-02515,welcome,2024-05-20,0,0
eb444ed6,CUST-02516,welcome,2025-03-24,1,0
93dbdc14,CUST-02516,sample_followup,2025-04-05,1,0
3ef3b054,CUST-02516,reactivation,2025-05-11,0,0
80d6aa19,CUST-02517,welcome,2024-02-26,0,0
4e77bceb,CUST-02517,sample_followup,2024-03-10,1,0
065c265d,CUST-02517,reactivation,2024-05-31,0,0
8f1e15b3,CUST-02518,welcome,2024-08-06,1,0
d7bccb27,CUST-02519,welcome,2024-07-23,0,0
cd745029,CUST-02519,sample_followup,2024-08-05,0,0
309ad61a,CUST-02519,project_nurture,2024-09-03,0,0
4eea5a79,CUST-02519,post_purchase,2024-09-14,0,0
b56e31aa,CUST-02520,welcome,2025-06-28,0,0
22f87f9f,CUST-02520,sample_followup,2025-07-18,1,0
1a636532,CUST-02520,post_purchase,2025-09-14,1,0
7193451e,CUST-02521,welcome,2024-06-03,0,0
b4eafcdb,CUST-02521,sample_followup,2024-06-13,0,1
e68d5786,CUST-02521,post_purchase,2024-06-22,1,0
405d6a68,CUST-02522,welcome,2024-07-11,0,0
64d9b760,CUST-02522,sample_followup,2024-07-28,1,0
4fd08e9c,CUST-02522,post_purchase,2024-08-29,0,0
c0f80210,CUST-02523,welcome,2024-04-10,0,0
e18d7a0f,CUST-02523,sample_followup,2024-04-24,1,0
6f0d482f,CUST-02523,reactivation,2024-07-13,0,0
f0ee1b33,CUST-02524,welcome,2025-01-05,1,0
e9cbc30a,CUST-02524,sample_followup,2025-01-11,1,0
ba8c25a4,CUST-02524,post_purchase,2025-01-29,1,0
1b9a859c,CUST-02525,welcome,2024-05-08,0,0
7ebf396f,CUST-02525,sample_followup,2024-05-30,1,1
02f3b617,CUST-02525,post_purchase,2024-07-19,1,0
86cc2808,CUST-02526,welcome,2024-01-09,1,0
f8747bfb,CUST-02527,welcome,2024-07-20,1,0
479a3873,CUST-02527,sample_followup,2024-07-31,0,0
38431623,CUST-02527,post_purchase,2024-08-12,1,0
14d483ee,CUST-02528,welcome,2025-01-17,1,0
4f433524,CUST-02529,welcome,2024-02-21,0,0
13cd9a89,CUST-02530,welcome,2024-04-28,1,0
de652e32,CUST-02530,sample_followup,2024-05-03,1,1
884cc352,CUST-02530,trade_engagement,2024-06-08,0,0
510bd3a1,CUST-02531,welcome,2024-11-18,0,0
743a4607,CUST-02531,sample_followup,2024-12-03,0,0
ca5c17db,CUST-02531,post_purchase,2025-01-23,0,0
f1e78ace,CUST-02532,welcome,2024-07-08,0,0
eda99873,CUST-02532,sample_followup,2024-07-17,0,0
465c51df,CUST-02532,reactivation,2024-09-24,0,0
8ac35628,CUST-02533,welcome,2024-07-24,1,0
9c0a32d0,CUST-02533,post_purchase,2024-09-05,1,0
084e1f79,CUST-02534,welcome,2024-08-21,1,0
0af91de6,CUST-02535,welcome,2025-06-19,0,0
90c9342d,CUST-02535,sample_followup,2025-07-03,0,0
9afa4537,CUST-02535,reactivation,2025-08-18,0,1
dd9be65c,CUST-02536,welcome,2024-06-05,1,0
5e07481e,CUST-02536,sample_followup,2024-06-08,1,0
6abd2abc,CUST-02536,post_purchase,2024-07-08,1,0
d24fed94,CUST-02537,welcome,2025-06-11,1,0
02ac6c9d,CUST-02537,sample_followup,2025-06-27,0,0
7d565697,CUST-02537,reactivation,2025-07-31,0,0
1da19769,CUST-02538,welcome,2024-12-24,1,0
eb040c35,CUST-02538,trade_engagement,2025-03-03,1,0
387e63ab,CUST-02539,welcome,2024-01-09,1,1
599a3a90,CUST-02539,sample_followup,2024-01-22,0,0
37a315fe,CUST-02539,trade_engagement,2024-03-06,0,0
754671cd,CUST-02540,welcome,2024-07-13,0,0
0453fa36,CUST-02540,sample_followup,2024-07-28,1,0
98f257d7,CUST-02540,reactivation,2024-09-26,0,0
afc1b23f,CUST-02541,welcome,2025-04-25,1,0
ca197a65,CUST-02541,sample_followup,2025-05-04,1,1
5e839654,CUST-02541,post_purchase,2025-05-29,1,0
dd2363a8,CUST-02542,welcome,2025-01-22,0,0
a7ff260c,CUST-02542,sample_followup,2025-02-03,1,0
988c53a2,CUST-02542,reactivation,2025-03-23,0,0
48cc9a6f,CUST-02543,welcome,2024-05-25,0,0
625a2c6b,CUST-02543,reactivation,2024-08-23,1,0
6a296ee8,CUST-02544,welcome,2024-12-22,1,0
fa8262d5,CUST-02545,welcome,2025-04-24,1,0
d062965e,CUST-02545,sample_followup,2025-04-28,0,1
527ded07,CUST-02545,post_purchase,2025-05-10,0,0
108a86d6,CUST-02546,welcome,2024-07-07,1,0
e64eaae3,CUST-02546,sample_followup,2024-07-19,1,0
ed5cf39e,CUST-02546,project_nurture,2024-08-17,0,0
e147dbcf,CUST-02546,post_purchase,2024-09-04,1,0
6b18135f,CUST-02547,welcome,2025-03-23,1,0
2e6e868f,CUST-02547,sample_followup,2025-03-25,1,0
8749c21c,CUST-02547,reactivation,2025-05-22,0,0
1a78514a,CUST-02548,welcome,2024-07-02,0,0
1e892bdf,CUST-02548,sample_followup,2024-07-20,0,0
c7b83417,CUST-02548,trade_engagement,2024-09-29,1,0
6419fc26,CUST-02549,welcome,2024-07-16,1,0
07c6a7d5,CUST-02549,sample_followup,2024-07-30,0,1
7e54a9e1,CUST-02549,trade_engagement,2024-10-05,0,0
e195624f,CUST-02550,welcome,2024-09-19,1,1
d4f3d518,CUST-02550,post_purchase,2024-11-20,1,0
86a4dfd8,CUST-02551,welcome,2024-04-09,0,0
72ba9efe,CUST-02551,sample_followup,2024-04-15,1,0
9d808e7b,CUST-02551,project_nurture,2024-05-04,1,0
30e6fe13,CUST-02551,post_purchase,2024-04-26,0,0
92fed98c,CUST-02552,welcome,2024-03-22,1,0
a62058a9,CUST-02552,sample_followup,2024-03-29,0,0
31693a0b,CUST-02552,post_purchase,2024-04-09,1,0
a557b400,CUST-02553,welcome,2024-06-30,1,0
eefae626,CUST-02554,welcome,2024-06-15,1,0
1b3241ce,CUST-02554,sample_followup,2024-06-27,0,0
68eaceec,CUST-02554,reactivation,2024-08-31,0,1
7325c1c9,CUST-02555,welcome,2025-08-06,1,0
c3d8943c,CUST-02555,sample_followup,2025-08-19,1,0
40e7f788,CUST-02555,post_purchase,2025-09-21,0,1
33151a24,CUST-02556,welcome,2024-04-26,0,0
51b20cb2,CUST-02557,welcome,2025-04-30,0,0
afe6717c,CUST-02557,sample_followup,2025-05-19,0,0
27dbd193,CUST-02557,post_purchase,2025-06-01,0,0
8879bd52,CUST-02558,welcome,2025-02-17,1,1
645df25b,CUST-02558,sample_followup,2025-03-12,0,0
1eef349d,CUST-02558,reactivation,2025-05-07,0,0
142209d6,CUST-02559,welcome,2025-08-16,0,0
fb3dc8f2,CUST-02559,sample_followup,2025-08-26,1,0
83cceab9,CUST-02559,post_purchase,2025-09-14,1,0
b06f48e1,CUST-02560,welcome,2024-04-21,0,0
b05077be,CUST-02560,post_purchase,2024-05-09,0,0
f6d946e2,CUST-02561,welcome,2025-05-06,0,0
c7e3be86,CUST-02561,sample_followup,2025-05-13,0,0
a9838b02,CUST-02561,post_purchase,2025-07-05,1,0
9b18c491,CUST-02562,welcome,2024-01-28,1,0
b333effd,CUST-02562,sample_followup,2024-02-11,0,0
a7c29742,CUST-02562,trade_engagement,2024-04-05,0,0
b0596ad4,CUST-02563,welcome,2025-07-17,0,0
e85419e4,CUST-02563,sample_followup,2025-07-28,0,0
d1ec4719,CUST-02563,post_purchase,2025-08-06,1,0
b039fa45,CUST-02564,welcome,2024-12-16,1,0
c3e262f1,CUST-02564,sample_followup,2025-01-06,1,0
e0021ad0,CUST-02564,post_purchase,2025-02-14,1,0
32c14601,CUST-02565,welcome,2024-01-27,1,0
e9fb2a32,CUST-02565,sample_followup,2024-02-12,0,1
ad459f94,CUST-02565,post_purchase,2024-02-27,1,0
5ffe997f,CUST-02566,welcome,2024-05-25,0,1
3fa01ef1,CUST-02567,welcome,2024-11-15,0,0
c767ffaa,CUST-02567,sample_followup,2024-11-21,1,0
7697f1da,CUST-02567,post_purchase,2025-01-16,1,0
b42972d3,CUST-02568,welcome,2025-06-08,0,0
6e742bd4,CUST-02569,welcome,2025-04-13,1,0
454415b7,CUST-02569,sample_followup,2025-05-06,1,0
4f9d6c5a,CUST-02569,reactivation,2025-08-01,0,0
f2ef0d9f,CUST-02570,welcome,2024-11-12,1,0
5ed8d607,CUST-02570,sample_followup,2024-11-26,1,0
3eff0bbf,CUST-02570,reactivation,2025-01-28,1,0
5e965cd3,CUST-02571,welcome,2025-01-25,0,0
1cbb1b9e,CUST-02571,sample_followup,2025-02-10,0,0
6ddc55e2,CUST-02571,post_purchase,2025-03-15,0,0
1040d888,CUST-02572,welcome,2024-07-10,1,0
5bc62f5d,CUST-02572,sample_followup,2024-07-20,0,0
b8370117,CUST-02572,post_purchase,2024-08-06,1,0
1f2bef20,CUST-02573,welcome,2024-03-14,1,0
1a2ad7ef,CUST-02573,sample_followup,2024-03-18,0,0
f8458c61,CUST-02573,reactivation,2024-05-04,0,0
961e2269,CUST-02574,welcome,2024-07-08,1,0
502798f8,CUST-02574,sample_followup,2024-07-17,1,0
1e8fde90,CUST-02574,reactivation,2024-08-25,1,0
6460e28e,CUST-02575,welcome,2024-02-18,1,0
d28ae248,CUST-02575,sample_followup,2024-03-06,0,0
811b732e,CUST-02575,project_nurture,2024-03-16,1,0
e4c1d0b8,CUST-02575,trade_engagement,2024-05-13,1,0
0bc2fdc7,CUST-02576,welcome,2025-01-07,0,0
7612795e,CUST-02576,post_purchase,2025-01-27,0,0
7fe60061,CUST-02577,welcome,2024-09-04,1,0
cb9c8875,CUST-02578,welcome,2025-02-04,1,1
8cbdde62,CUST-02578,sample_followup,2025-02-10,0,0
15288c30,CUST-02578,reactivation,2025-03-30,1,0
3028badd,CUST-02579,welcome,2024-12-13,1,0
dc9e9298,CUST-02579,sample_followup,2025-01-05,0,0
8d8b9c28,CUST-02579,post_purchase,2025-02-20,1,0
112ea38d,CUST-02580,welcome,2024-10-06,1,0
2af72fca,CUST-02580,sample_followup,2024-10-10,0,0
9a418099,CUST-02580,reactivation,2024-11-07,0,0
31c613f7,CUST-02581,welcome,2024-10-14,0,0
55770822,CUST-02581,sample_followup,2024-10-27,1,0
bac1cbe9,CUST-02581,trade_engagement,2024-11-30,0,0
d71d2317,CUST-02582,welcome,2025-02-23,0,0
4cf1c2f4,CUST-02582,sample_followup,2025-03-17,1,0
56699239,CUST-02582,post_purchase,2025-03-26,1,0
7a1c334a,CUST-02583,welcome,2024-12-09,1,0
385ee2b5,CUST-02583,sample_followup,2024-12-22,0,0
090e641a,CUST-02583,post_purchase,2025-02-20,0,0
d2c6a2f3,CUST-02584,welcome,2024-07-14,0,1
84c30823,CUST-02584,sample_followup,2024-07-22,0,0
3b53f118,CUST-02584,post_purchase,2024-08-07,1,1
baa72968,CUST-02585,welcome,2025-08-30,0,0
61340d27,CUST-02586,welcome,2025-05-23,1,0
9ad34c16,CUST-02586,sample_followup,2025-05-30,0,0
11d23e40,CUST-02586,post_purchase,2025-06-12,0,0
c526bc53,CUST-02587,welcome,2024-04-01,0,0
3182ea34,CUST-02588,welcome,2024-04-07,1,0
431e37ac,CUST-02588,sample_followup,2024-04-13,1,0
5a672660,CUST-02588,post_purchase,2024-06-01,0,0
43cb40f8,CUST-02589,welcome,2024-01-23,1,1
d19b5a94,CUST-02589,sample_followup,2024-01-29,1,1
bf1a904e,CUST-02589,post_purchase,2024-02-07,1,0
39de0abe,CUST-02590,welcome,2024-05-19,1,0
9623da00,CUST-02590,post_purchase,2024-06-05,1,1
4281a669,CUST-02591,welcome,2025-05-26,0,0
c55c4ca8,CUST-02591,sample_followup,2025-06-07,1,0
94e0ab7a,CUST-02591,reactivation,2025-08-31,0,0
29bcaac6,CUST-02592,welcome,2024-07-18,1,0
2e589104,CUST-02592,sample_followup,2024-07-28,1,0
b79242fd,CUST-02592,post_purchase,2024-08-28,0,0
4ca8db6a,CUST-02593,welcome,2025-01-10,1,0
7c3a4788,CUST-02593,sample_followup,2025-01-20,0,0
a2da01c7,CUST-02593,post_purchase,2025-02-19,0,0
91619f3a,CUST-02594,welcome,2024-01-20,1,0
c5f5b0b8,CUST-02595,welcome,2024-07-06,1,0
8053dbdd,CUST-02596,welcome,2025-06-10,1,0
25c8f114,CUST-02597,welcome,2024-01-12,1,0
a4f48e9c,CUST-02597,sample_followup,2024-01-25,1,0
18f817f3,CUST-02597,post_purchase,2024-03-19,1,0
724a8ea1,CUST-02598,welcome,2025-08-04,0,0
2e0e81bf,CUST-02598,sample_followup,2025-08-17,0,1
c5bf9ba7,CUST-02599,welcome,2024-05-27,1,0
b36d29ee,CUST-02599,sample_followup,2024-06-17,0,0
9b91c4ac,CUST-02599,reactivation,2024-08-16,0,0
a39136f8,CUST-02600,welcome,2025-03-01,0,0
19bef68f,CUST-02600,sample_followup,2025-03-17,1,0
08a39bb6,CUST-02600,reactivation,2025-05-02,0,0
a1098681,CUST-02601,welcome,2025-01-02,1,0
33bb401d,CUST-02601,sample_followup,2025-01-12,0,0
53abd607,CUST-02601,reactivation,2025-03-28,0,1
f811fed6,CUST-02602,welcome,2025-04-29,1,0
fcce8339,CUST-02602,sample_followup,2025-05-18,0,0
b9e0d6e5,CUST-02602,reactivation,2025-07-18,0,0
5ad365f6,CUST-02603,welcome,2025-01-12,1,0
3993c4dd,CUST-02603,sample_followup,2025-01-22,1,0
78a8d725,CUST-02603,reactivation,2025-04-11,0,0
7024e7c0,CUST-02604,welcome,2024-06-28,0,0
25d278c7,CUST-02604,sample_followup,2024-07-07,0,0
313a056a,CUST-02604,reactivation,2024-08-14,1,0
073c3867,CUST-02605,welcome,2024-02-19,1,0
093c91e9,CUST-02605,sample_followup,2024-02-25,0,0
81b0d893,CUST-02605,post_purchase,2024-04-12,1,0
f1795479,CUST-02606,welcome,2025-04-29,1,0
094ca015,CUST-02606,sample_followup,2025-05-21,0,0
17c939f1,CUST-02606,reactivation,2025-08-13,0,0
81516a47,CUST-02607,welcome,2025-08-12,1,0
f8315dcd,CUST-02608,welcome,2024-02-29,1,0
85ecf42d,CUST-02609,welcome,2024-09-20,0,0
156010e1,CUST-02609,sample_followup,2024-10-03,0,0
370f9ed9,CUST-02609,post_purchase,2024-10-23,1,0
5d352a8e,CUST-02610,welcome,2024-11-25,1,0
d3586255,CUST-02611,welcome,2024-08-10,0,0
a59770d9,CUST-02611,sample_followup,2024-08-26,0,0
a8abf08c,CUST-02611,reactivation,2024-11-20,0,0
da147892,CUST-02612,welcome,2024-10-11,1,0
734413c5,CUST-02612,sample_followup,2024-10-30,1,0
d39c8bf2,CUST-02612,reactivation,2025-01-24,0,0
ea5a1730,CUST-02613,welcome,2025-03-26,1,0
3d195a1a,CUST-02613,sample_followup,2025-04-11,1,0
d51942fa,CUST-02613,reactivation,2025-06-16,0,0
77a58fbc,CUST-02614,welcome,2024-07-07,1,1
087bd93d,CUST-02614,sample_followup,2024-07-16,0,1
49865769,CUST-02614,post_purchase,2024-08-13,0,0
a0e40f7a,CUST-02615,welcome,2024-07-03,1,1
a7d7f277,CUST-02615,sample_followup,2024-07-21,1,0
c1c4f0d0,CUST-02615,reactivation,2024-08-28,0,0
d05b1067,CUST-02616,welcome,2024-11-29,1,0
9e0b5d40,CUST-02616,sample_followup,2024-12-14,1,0
e48e18f9,CUST-02616,reactivation,2025-02-01,1,0
333d39fb,CUST-02617,welcome,2024-08-28,0,0
d4c65916,CUST-02617,sample_followup,2024-09-05,0,0
5fc03dc8,CUST-02617,reactivation,2024-11-21,0,0
f0aa01a7,CUST-02618,welcome,2025-08-04,0,0
82ea0cf6,CUST-02618,post_purchase,2025-09-03,1,0
66e35d98,CUST-02619,welcome,2024-07-20,1,0
79e308e8,CUST-02619,sample_followup,2024-07-26,1,1
82206d9b,CUST-02619,post_purchase,2024-08-07,1,0
7a798885,CUST-02620,welcome,2024-09-10,0,0
f645246b,CUST-02620,sample_followup,2024-10-03,0,0
261cdb2c,CUST-02620,post_purchase,2024-11-05,0,0
2df0d1aa,CUST-02621,welcome,2025-02-04,1,0
7d289c26,CUST-02622,welcome,2025-05-01,1,0
47c22f3c,CUST-02623,welcome,2024-01-31,0,0
928a8c95,CUST-02623,sample_followup,2024-02-03,1,0
78cbd526,CUST-02623,post_purchase,2024-03-17,1,0
89057c88,CUST-02624,welcome,2024-06-26,0,1
cdb79df4,CUST-02624,sample_followup,2024-07-02,1,0
f70eec73,CUST-02624,reactivation,2024-09-08,0,0
a2ca0146,CUST-02625,welcome,2024-02-03,1,0
71078cbc,CUST-02625,sample_followup,2024-02-05,0,0
79ae3a9c,CUST-02625,post_purchase,2024-02-17,1,0
05df9de5,CUST-02626,welcome,2025-06-06,0,0
2ca3b2e1,CUST-02626,sample_followup,2025-06-21,0,0
4622350c,CUST-02627,welcome,2025-04-03,1,0
4e7a726a,CUST-02627,sample_followup,2025-04-24,0,0
45921249,CUST-02627,reactivation,2025-06-16,0,0
5427d4bf,CUST-02628,welcome,2024-03-23,0,0
cd5c6c18,CUST-02628,post_purchase,2024-04-16,1,1
1bfdaaac,CUST-02629,welcome,2025-04-07,0,0
d953289d,CUST-02630,welcome,2024-12-18,0,1
99b0dd4c,CUST-02630,trade_engagement,2025-02-12,0,0
3aef8aed,CUST-02631,welcome,2024-05-14,1,0
39925ca4,CUST-02631,sample_followup,2024-05-24,0,0
de701f1b,CUST-02631,reactivation,2024-06-20,1,0
22a1a10c,CUST-02632,welcome,2025-05-03,0,0
5baf3af6,CUST-02632,sample_followup,2025-05-15,1,0
0e794ac6,CUST-02632,post_purchase,2025-06-28,0,0
222e3be4,CUST-02633,welcome,2024-11-11,0,0
1767b047,CUST-02634,welcome,2025-02-19,0,0
2c0e1075,CUST-02634,sample_followup,2025-02-24,0,0
76e9c0cc,CUST-02634,reactivation,2025-04-22,1,1
e2a8c453,CUST-02635,welcome,2024-05-24,1,0
40283deb,CUST-02635,sample_followup,2024-06-01,0,1
6cc03eaa,CUST-02635,post_purchase,2024-07-07,1,0
94639b55,CUST-02636,welcome,2024-04-13,1,1
ee4a4014,CUST-02636,sample_followup,2024-05-01,0,0
6a449f65,CUST-02636,project_nurture,2024-05-17,0,0
7a5ee14e,CUST-02636,post_purchase,2024-05-29,1,0
080eee41,CUST-02637,welcome,2024-12-24,0,0
0a4f5322,CUST-02637,sample_followup,2024-12-31,0,0
3d2ad11e,CUST-02637,trade_engagement,2025-03-13,0,0
f9835b59,CUST-02638,welcome,2025-06-02,1,0
8ef9bbee,CUST-02638,sample_followup,2025-06-18,1,0
cf9e9d21,CUST-02638,project_nurture,2025-07-03,0,0
8e3fc7c8,CUST-02638,post_purchase,2025-08-08,1,0
03d2fea1,CUST-02639,welcome,2024-08-03,1,1
1553cfa3,CUST-02639,sample_followup,2024-08-22,0,0
1a188fcc,CUST-02639,post_purchase,2024-09-22,1,0
015942b2,CUST-02640,welcome,2024-11-05,1,0
fa51cc35,CUST-02640,sample_followup,2024-11-14,0,0
72164791,CUST-02640,post_purchase,2025-01-03,1,0
f90b9e5f,CUST-02641,welcome,2024-08-17,1,0
1b10354a,CUST-02641,sample_followup,2024-08-30,1,0
c9b059cb,CUST-02641,post_purchase,2024-10-10,1,1
210bd541,CUST-02642,welcome,2024-03-09,0,0
80174aa6,CUST-02642,sample_followup,2024-03-12,1,0
f0e42cf2,CUST-02642,project_nurture,2024-04-08,1,0
eacb9037,CUST-02642,post_purchase,2024-04-14,1,0
23979e45,CUST-02643,welcome,2024-01-02,1,0
b2c43025,CUST-02643,sample_followup,2024-01-18,1,0
9945215e,CUST-02643,post_purchase,2024-02-04,1,0
2bd2f520,CUST-02644,welcome,2025-08-23,0,0
071532f8,CUST-02644,sample_followup,2025-08-29,0,0
e08c357a,CUST-02644,post_purchase,2025-10-02,1,0
eae239ec,CUST-02645,welcome,2024-06-23,0,0
03b5f712,CUST-02645,sample_followup,2024-07-07,0,0
37870733,CUST-02645,post_purchase,2024-09-01,0,0
02d39f3e,CUST-02646,welcome,2025-07-14,0,0
df657a22,CUST-02647,welcome,2025-03-30,0,0
8cfcc533,CUST-02647,post_purchase,2025-05-22,1,1
fef34c4e,CUST-02648,welcome,2024-08-13,0,1
39a9e98c,CUST-02648,sample_followup,2024-08-23,0,1
e83e2a3f,CUST-02648,post_purchase,2024-09-16,0,0
dc7b55e9,CUST-02649,welcome,2024-09-11,0,0
764bcc09,CUST-02649,sample_followup,2024-09-27,0,0
683e3c34,CUST-02649,post_purchase,2024-10-24,1,0
aaf15f34,CUST-02650,welcome,2024-07-20,0,0
5525efcc,CUST-02651,welcome,2024-05-02,0,0
cf867015,CUST-02651,sample_followup,2024-05-20,0,0
e751b122,CUST-02651,reactivation,2024-07-20,0,0
46ae6d79,CUST-02652,welcome,2024-05-19,0,0
76048917,CUST-02653,welcome,2025-04-09,0,0
3e79246c,CUST-02653,reactivation,2025-06-07,0,0
25bed5de,CUST-02654,welcome,2025-04-21,0,0
fbcce70b,CUST-02654,sample_followup,2025-05-07,1,0
1ad8803d,CUST-02654,post_purchase,2025-07-01,1,0
06cbb322,CUST-02655,welcome,2024-06-29,0,0
89631a06,CUST-02655,sample_followup,2024-07-18,1,0
c29685bc,CUST-02655,reactivation,2024-08-23,1,0
347cb0c1,CUST-02656,welcome,2024-03-10,0,0
e578efd9,CUST-02657,welcome,2024-06-10,0,0
bd42996a,CUST-02657,sample_followup,2024-06-28,0,0
875404a3,CUST-02657,trade_engagement,2024-09-09,1,0
66ee50b8,CUST-02658,welcome,2025-03-04,1,0
67acf00b,CUST-02658,sample_followup,2025-03-16,1,0
d3d84e62,CUST-02658,post_purchase,2025-04-19,0,0
89863b2b,CUST-02659,welcome,2024-09-03,0,0
909a212f,CUST-02659,sample_followup,2024-09-08,0,0
7d300ad6,CUST-02659,post_purchase,2024-10-04,1,0
825b164c,CUST-02660,welcome,2025-03-11,0,0
6b05ac37,CUST-02660,sample_followup,2025-03-19,0,0
54b06803,CUST-02660,reactivation,2025-06-12,0,0
7d3f8894,CUST-02661,welcome,2024-06-03,1,0
06f30596,CUST-02662,welcome,2025-05-10,0,0
c1f24403,CUST-02662,reactivation,2025-08-07,0,0
0df210e2,CUST-02663,welcome,2024-11-05,1,1
bccdaa7e,CUST-02663,sample_followup,2024-11-19,0,0
279a065d,CUST-02663,post_purchase,2024-12-09,0,1
6289b287,CUST-02664,welcome,2024-01-22,0,0
98ed1c57,CUST-02664,sample_followup,2024-02-13,0,0
6a67f86e,CUST-02664,post_purchase,2024-03-10,1,0
6834c0b6,CUST-02665,welcome,2024-12-26,0,0
66d1da97,CUST-02665,sample_followup,2025-01-08,1,1
40f107f5,CUST-02665,post_purchase,2025-02-15,1,0
18a3790f,CUST-02666,welcome,2025-04-29,0,0
7f7ddebf,CUST-02666,sample_followup,2025-05-08,1,0
a8639add,CUST-02666,reactivation,2025-07-26,0,0
c4cc14c0,CUST-02667,welcome,2024-05-18,0,1
57b22a78,CUST-02667,post_purchase,2024-06-16,1,0
245402de,CUST-02668,welcome,2024-06-27,1,0
7ed1ee93,CUST-02668,sample_followup,2024-07-10,1,0
f28f6418,CUST-02668,post_purchase,2024-08-31,1,0
89d5a0a9,CUST-02669,welcome,2024-08-03,1,0
a7f37a04,CUST-02669,sample_followup,2024-08-19,1,0
ed24bf75,CUST-02669,post_purchase,2024-10-12,1,0
869aec2b,CUST-02670,welcome,2025-07-06,1,0
cca3abe5,CUST-02670,sample_followup,2025-07-11,0,0
747a176b,CUST-02671,welcome,2025-03-26,0,0
ff31f279,CUST-02671,sample_followup,2025-04-14,1,0
4a0bf4a6,CUST-02671,project_nurture,2025-04-27,0,0
86ca5e7a,CUST-02671,trade_engagement,2025-06-14,0,0
939752f3,CUST-02672,welcome,2024-10-17,1,1
0eefdf74,CUST-02672,sample_followup,2024-11-09,1,0
befb8e6f,CUST-02672,post_purchase,2024-12-03,1,0
1ff318ce,CUST-02673,welcome,2025-07-18,0,0
c8637280,CUST-02674,welcome,2025-03-15,1,0
7771f303,CUST-02674,sample_followup,2025-03-26,0,0
c5108969,CUST-02674,post_purchase,2025-04-22,1,0
2b83fee1,CUST-02675,welcome,2024-09-01,1,1
ae8724b7,CUST-02676,welcome,2025-05-30,1,0
bd7317ae,CUST-02676,sample_followup,2025-06-06,1,0
8b2a6e6b,CUST-02676,post_purchase,2025-06-24,0,0
ff248502,CUST-02677,welcome,2025-08-18,1,0
ae3c659b,CUST-02677,sample_followup,2025-09-02,0,0
24b77bbe,CUST-02678,welcome,2024-12-07,1,0
8bb73566,CUST-02678,sample_followup,2024-12-14,1,0
cb8be843,CUST-02678,post_purchase,2025-02-02,1,0
d5fa3d65,CUST-02679,welcome,2024-12-02,1,0
e3d4e846,CUST-02679,sample_followup,2024-12-22,0,1
ef1618cd,CUST-02679,reactivation,2025-01-23,0,0
6b874a9e,CUST-02680,welcome,2025-01-28,0,1
2ff4821a,CUST-02680,sample_followup,2025-02-17,1,0
32b93465,CUST-02680,trade_engagement,2025-03-24,0,0
52b7e9e7,CUST-02681,welcome,2024-04-19,1,0
b8f41ed2,CUST-02682,welcome,2025-03-13,0,0
9b1c4731,CUST-02682,sample_followup,2025-03-21,0,0
2d04fffe,CUST-02682,post_purchase,2025-04-30,1,0
3148e1b4,CUST-02683,welcome,2024-02-19,0,0
3ca5eb78,CUST-02683,sample_followup,2024-03-07,1,1
5bfebb3f,CUST-02683,post_purchase,2024-04-19,0,0
0735f01b,CUST-02684,welcome,2024-02-28,1,0
90c28066,CUST-02684,sample_followup,2024-03-07,1,0
6a399360,CUST-02684,post_purchase,2024-04-05,1,0
5e991cfb,CUST-02685,welcome,2024-08-17,1,0
5463731f,CUST-02686,welcome,2024-04-21,1,0
c573f16f,CUST-02686,sample_followup,2024-04-28,0,0
300b8243,CUST-02686,reactivation,2024-07-06,0,0
040fe82b,CUST-02687,welcome,2024-12-05,1,0
3b63ebb6,CUST-02687,post_purchase,2025-01-26,1,0
345b794a,CUST-02688,welcome,2024-10-07,1,0
26ca2012,CUST-02688,sample_followup,2024-10-28,1,0
77f24e7c,CUST-02688,post_purchase,2024-12-13,1,0
1fdd313a,CUST-02689,welcome,2024-12-22,0,0
f9e1e862,CUST-02689,sample_followup,2024-12-27,1,0
eec7a1c6,CUST-02689,post_purchase,2025-01-29,0,0
031a9f1e,CUST-02690,welcome,2024-08-09,0,0
8d80d199,CUST-02690,sample_followup,2024-08-25,1,0
e0a866ff,CUST-02690,reactivation,2024-10-06,0,0
e7a72690,CUST-02691,welcome,2025-02-25,1,0
4f08d425,CUST-02692,welcome,2024-09-02,1,0
7219e60e,CUST-02692,sample_followup,2024-09-17,1,0
aa073c67,CUST-02692,trade_engagement,2024-10-19,0,0
fd3fb36c,CUST-02693,welcome,2025-03-27,0,0
0d1c8750,CUST-02693,sample_followup,2025-04-06,1,0
02c6ae7f,CUST-02693,post_purchase,2025-05-27,0,0
a0d8dc19,CUST-02694,welcome,2025-07-13,0,0
abc03f29,CUST-02694,sample_followup,2025-07-29,1,0
1e5abc80,CUST-02695,welcome,2024-01-23,1,0
2fc303f3,CUST-02695,sample_followup,2024-02-01,1,0
d2258452,CUST-02695,reactivation,2024-04-28,0,0
9e849cb7,CUST-02696,welcome,2024-02-20,1,0
9fe86f3f,CUST-02696,sample_followup,2024-02-23,1,0
0456eb98,CUST-02696,post_purchase,2024-03-28,0,1
b5f11930,CUST-02697,welcome,2024-12-02,0,1
7bebb752,CUST-02697,sample_followup,2024-12-17,1,0
0b4e9c5f,CUST-02697,reactivation,2025-02-04,1,0
53ad2e1c,CUST-02698,welcome,2025-04-04,1,0
b4221285,CUST-02698,sample_followup,2025-04-17,0,0
feab6d15,CUST-02698,reactivation,2025-05-19,0,0
81f8e9fd,CUST-02699,welcome,2024-07-27,0,0
ad4d78d1,CUST-02699,sample_followup,2024-07-30,1,0
2074d781,CUST-02699,trade_engagement,2024-09-02,0,0
387f941d,CUST-02700,welcome,2024-11-28,0,0
c5b2ef3f,CUST-02700,sample_followup,2024-12-05,0,0
acceb3cb,CUST-02700,post_purchase,2025-01-05,0,0
b2aefa84,CUST-02701,welcome,2025-01-29,1,0
09745783,CUST-02701,sample_followup,2025-02-09,0,1
f292e453,CUST-02701,reactivation,2025-05-03,0,0
82f7627f,CUST-02702,welcome,2024-03-31,1,1
99a07fe2,CUST-02703,welcome,2024-03-21,0,0
933a4744,CUST-02703,sample_followup,2024-04-03,0,0
78e2e4cb,CUST-02703,reactivation,2024-05-24,1,0
959eb718,CUST-02704,welcome,2025-05-13,1,0
2772f5f7,CUST-02704,post_purchase,2025-06-21,0,0
b67d5d83,CUST-02705,welcome,2024-10-27,1,0
23492f8b,CUST-02705,sample_followup,2024-11-04,0,0
62928b02,CUST-02705,reactivation,2025-01-28,1,0
70d4d013,CUST-02706,welcome,2024-06-13,0,0
2a924ae3,CUST-02707,welcome,2025-08-16,1,1
7b7aea2e,CUST-02707,post_purchase,2025-10-15,0,0
773c2928,CUST-02708,welcome,2024-09-26,1,0
3fc0c1f7,CUST-02708,reactivation,2024-11-24,0,0
5ce3727b,CUST-02709,welcome,2025-01-02,1,0
662f3d3f,CUST-02709,sample_followup,2025-01-22,0,1
9919ca64,CUST-02709,post_purchase,2025-02-19,1,0
31f9f08e,CUST-02710,welcome,2025-03-23,1,0
1d47153d,CUST-02710,sample_followup,2025-03-27,1,0
f6670395,CUST-02710,post_purchase,2025-04-20,0,0
e4d64002,CUST-02711,welcome,2025-07-12,1,0
33b8ff24,CUST-02712,welcome,2024-11-06,0,0
120b55fe,CUST-02713,welcome,2024-07-01,0,0
2e240429,CUST-02713,sample_followup,2024-07-05,1,0
4301d0d2,CUST-02713,post_purchase,2024-09-02,1,0
be066dcb,CUST-02714,welcome,2024-05-31,0,0
f8115590,CUST-02714,sample_followup,2024-06-15,0,0
d8278e70,CUST-02714,post_purchase,2024-06-25,0,0
ebe0799a,CUST-02715,welcome,2024-08-06,0,0
db33921b,CUST-02715,sample_followup,2024-08-13,0,0
876dc09e,CUST-02715,reactivation,2024-10-25,0,0
a720c067,CUST-02716,welcome,2024-11-26,1,0
694ff3c7,CUST-02716,sample_followup,2024-12-02,0,0
6447670d,CUST-02716,reactivation,2025-01-08,1,0
7d625047,CUST-02717,welcome,2024-06-15,1,0
a9e47b3a,CUST-02717,sample_followup,2024-06-24,1,0
f4924b9a,CUST-02717,post_purchase,2024-08-13,1,0
7ec05945,CUST-02718,welcome,2024-05-24,0,0
b149588a,CUST-02718,sample_followup,2024-06-01,1,1
bcf855f2,CUST-02718,reactivation,2024-07-01,0,0
6c9bd18f,CUST-02719,welcome,2025-08-03,0,0
d9e5165a,CUST-02719,sample_followup,2025-08-07,1,0
e2291e8c,CUST-02719,post_purchase,2025-10-06,1,0
8c04ac38,CUST-02720,welcome,2024-01-20,1,0
149f633f,CUST-02720,sample_followup,2024-02-12,1,0
d04d3cf4,CUST-02720,reactivation,2024-04-25,1,0
9b94eb4e,CUST-02721,welcome,2024-02-24,0,0
4ac09665,CUST-02721,sample_followup,2024-03-15,0,0
67f949d2,CUST-02721,reactivation,2024-04-30,0,0
def029e4,CUST-02722,welcome,2024-07-07,0,0
90bd9135,CUST-02723,welcome,2024-11-24,1,1
9b85ff55,CUST-02724,welcome,2025-06-20,1,0
b0943cbe,CUST-02725,welcome,2025-06-29,0,1
11d84f89,CUST-02726,welcome,2025-06-27,1,0
df305014,CUST-02726,sample_followup,2025-07-07,1,0
50d8feae,CUST-02726,post_purchase,2025-08-25,0,0
8f2c92e0,CUST-02727,welcome,2024-07-07,0,0
ce41c673,CUST-02727,sample_followup,2024-07-23,0,0
4f44fa22,CUST-02727,post_purchase,2024-08-07,1,0
f52e02ef,CUST-02728,welcome,2024-11-12,1,1
846b756e,CUST-02729,welcome,2024-12-24,0,0
ea6999c0,CUST-02729,sample_followup,2025-01-06,1,1
d66cc9fe,CUST-02729,post_purchase,2025-01-15,0,0
c722496d,CUST-02730,welcome,2024-11-14,1,0
0befe4ab,CUST-02730,post_purchase,2024-12-27,0,0
4b139ec9,CUST-02731,welcome,2024-09-05,1,0
f59bf3d9,CUST-02732,welcome,2024-08-31,1,0
7bc27cfb,CUST-02732,sample_followup,2024-09-13,1,0
0ee57f16,CUST-02732,post_purchase,2024-10-27,0,0
10e47862,CUST-02733,welcome,2024-01-29,0,0
f1c8f1b9,CUST-02733,sample_followup,2024-02-02,1,1
3b6c8856,CUST-02733,post_purchase,2024-02-16,1,0
f5a0d696,CUST-02734,welcome,2024-10-08,1,0
7af57b3a,CUST-02734,sample_followup,2024-10-25,1,0
0caea08b,CUST-02734,project_nurture,2024-11-17,0,0
e7747708,CUST-02734,post_purchase,2024-12-19,1,0
126eb649,CUST-02735,welcome,2024-11-23,0,0
e6f41188,CUST-02735,sample_followup,2024-11-28,0,0
16af2302,CUST-02735,post_purchase,2024-12-08,0,0
4b572240,CUST-02736,welcome,2024-02-18,0,0
549a365d,CUST-02736,post_purchase,2024-03-08,1,0
5bc1cb1b,CUST-02737,welcome,2024-10-10,0,0
0260ac16,CUST-02737,sample_followup,2024-10-13,1,0
c1b27cc0,CUST-02737,post_purchase,2024-11-16,0,0
8df3c32f,CUST-02738,welcome,2025-06-14,1,0
e6d8a93a,CUST-02738,sample_followup,2025-06-25,0,0
9a3e8b3c,CUST-02738,project_nurture,2025-07-08,1,0
e41c7964,CUST-02738,post_purchase,2025-08-05,0,0
27aad895,CUST-02739,welcome,2024-06-28,1,0
6df5ff80,CUST-02740,welcome,2024-03-25,0,0
1ee9b922,CUST-02740,post_purchase,2024-05-18,1,0
17af4e74,CUST-02741,welcome,2025-08-21,1,0
25f6f8f4,CUST-02741,sample_followup,2025-09-12,0,0
235b2659,CUST-02742,welcome,2025-01-01,0,0
c2826d21,CUST-02743,welcome,2024-09-27,1,0
fa2759b0,CUST-02743,sample_followup,2024-10-14,0,0
846a46c2,CUST-02743,post_purchase,2024-12-12,0,1
4027b1b4,CUST-02744,welcome,2024-01-06,1,0
0cf52fe1,CUST-02744,sample_followup,2024-01-24,0,0
6377403a,CUST-02744,project_nurture,2024-03-02,0,0
283c8e4e,CUST-02744,post_purchase,2024-02-16,1,0
7d47f01a,CUST-02745,welcome,2025-08-30,1,0
2bdd7690,CUST-02745,sample_followup,2025-09-04,1,0
d8e1b2d0,CUST-02745,post_purchase,2025-10-30,1,0
ad78c28b,CUST-02746,welcome,2025-04-11,0,0
fb1b0a2e,CUST-02746,sample_followup,2025-04-28,0,0
f4507f8a,CUST-02746,post_purchase,2025-05-28,1,0
f03ff746,CUST-02747,welcome,2024-11-01,0,0
67397ced,CUST-02747,sample_followup,2024-11-11,0,0
279afb29,CUST-02747,reactivation,2024-12-23,1,0
1edd304f,CUST-02748,welcome,2024-05-19,0,1
a08d4eab,CUST-02748,reactivation,2024-06-28,0,0
69bc1321,CUST-02749,welcome,2024-07-20,0,1
075bae9e,CUST-02749,sample_followup,2024-07-25,0,0
fd214d94,CUST-02749,project_nurture,2024-08-03,0,0
f000b772,CUST-02749,post_purchase,2024-09-12,1,0
609655a7,CUST-02750,welcome,2025-04-19,0,0
82f88c21,CUST-02750,sample_followup,2025-05-09,0,0
439e27b3,CUST-02750,reactivation,2025-07-29,0,0
b51e4f1e,CUST-02751,welcome,2025-03-06,0,0
ac528606,CUST-02752,welcome,2025-08-16,0,0
2b12b629,CUST-02752,sample_followup,2025-09-06,0,0
2b50526e,CUST-02752,post_purchase,2025-10-02,1,1
47792f6c,CUST-02753,welcome,2024-11-27,0,0
94ab7314,CUST-02753,sample_followup,2024-12-03,0,0
38ea3853,CUST-02753,post_purchase,2025-01-11,1,0
f67a85bb,CUST-02754,welcome,2024-05-31,1,0
4d5f014d,CUST-02754,sample_followup,2024-06-07,0,0
e8c0f77e,CUST-02754,trade_engagement,2024-08-02,1,0
928e715f,CUST-02755,welcome,2024-12-27,1,0
3c1549af,CUST-02755,sample_followup,2024-12-30,1,0
7f41fe28,CUST-02755,reactivation,2025-03-17,0,0
d013cacf,CUST-02756,welcome,2025-02-15,0,0
4f09011d,CUST-02756,sample_followup,2025-03-03,1,0
dd88bc23,CUST-02756,post_purchase,2025-05-01,1,0
60877e8f,CUST-02757,welcome,2024-06-10,1,0
87df15d6,CUST-02757,sample_followup,2024-06-17,1,0
562f1cc7,CUST-02757,post_purchase,2024-07-05,0,0
1ae8a064,CUST-02758,welcome,2024-10-17,0,0
eddc1fa7,CUST-02758,sample_followup,2024-11-02,0,0
446e1093,CUST-02758,post_purchase,2024-11-12,1,0
c88ec502,CUST-02759,welcome,2025-01-20,0,0
c20e081f,CUST-02759,sample_followup,2025-01-25,0,0
59d68d61,CUST-02759,reactivation,2025-04-20,1,0
58d5dad2,CUST-02760,welcome,2024-01-31,0,0
3e9524ea,CUST-02760,sample_followup,2024-02-10,1,0
19e958d8,CUST-02760,trade_engagement,2024-04-30,0,0
3787143d,CUST-02761,welcome,2025-06-04,1,0
7430982c,CUST-02761,sample_followup,2025-06-06,0,0
13e4a652,CUST-02761,reactivation,2025-07-06,1,0
13c0d7d8,CUST-02762,welcome,2025-07-08,1,0
6bfd51cb,CUST-02763,welcome,2024-07-31,0,1
2a59d087,CUST-02764,welcome,2025-07-02,0,0
16a83d82,CUST-02764,sample_followup,2025-07-23,0,0
848cd7be,CUST-02764,post_purchase,2025-08-18,1,0
3e7a3197,CUST-02765,welcome,2025-07-07,0,0
0dacd63f,CUST-02765,post_purchase,2025-09-09,1,0
c857034f,CUST-02766,welcome,2024-12-14,1,1
fe0f059a,CUST-02766,reactivation,2025-03-04,1,0
0be5b4fe,CUST-02767,welcome,2024-10-03,1,1
4218713e,CUST-02768,welcome,2025-03-27,0,0
dce86179,CUST-02768,sample_followup,2025-03-31,1,1
f8404e83,CUST-02768,trade_engagement,2025-06-25,0,0
3f094132,CUST-02769,welcome,2024-02-10,1,0
e8dce74c,CUST-02769,sample_followup,2024-02-16,1,0
07a573e0,CUST-02769,post_purchase,2024-02-26,0,0
a51c24cc,CUST-02770,welcome,2025-06-20,0,0
efb18a41,CUST-02770,sample_followup,2025-07-02,1,0
1249bb76,CUST-02771,welcome,2024-11-04,0,0
ecb564dc,CUST-02771,sample_followup,2024-11-14,0,0
52762f83,CUST-02771,reactivation,2024-12-27,1,0
4c72fe4f,CUST-02772,welcome,2024-07-16,0,0
94b9951d,CUST-02772,sample_followup,2024-07-22,1,0
ab445c00,CUST-02772,reactivation,2024-09-12,1,0
199a0e16,CUST-02773,welcome,2025-05-14,1,0
b655e653,CUST-02774,welcome,2025-03-13,1,0
46f016ad,CUST-02775,welcome,2024-07-18,0,0
51286c9b,CUST-02775,sample_followup,2024-07-31,1,1
7d7cac75,CUST-02775,reactivation,2024-10-13,0,0
c4973836,CUST-02776,welcome,2025-01-18,1,0
7cf1afa3,CUST-02776,sample_followup,2025-01-22,0,0
09598e96,CUST-02776,post_purchase,2025-02-05,0,0
f0339018,CUST-02777,welcome,2025-01-12,1,1
9975f351,CUST-02777,sample_followup,2025-01-21,0,0
371cf486,CUST-02777,post_purchase,2025-02-24,0,0
8b74468a,CUST-02778,welcome,2024-08-19,1,0
bc373361,CUST-02778,sample_followup,2024-09-08,1,0
40e3d706,CUST-02778,post_purchase,2024-09-17,1,0
0c0c3194,CUST-02779,welcome,2024-02-06,1,0
d6dcde81,CUST-02779,sample_followup,2024-02-10,0,0
726df293,CUST-02779,trade_engagement,2024-04-21,0,0
79449d52,CUST-02780,welcome,2024-05-28,0,0
305f6c3c,CUST-02781,welcome,2025-08-11,1,0
dfb5c203,CUST-02781,post_purchase,2025-09-28,0,0
612c2cf4,CUST-02782,welcome,2024-02-20,1,0
ec6a2d00,CUST-02782,sample_followup,2024-02-22,1,0
64f4b859,CUST-02782,post_purchase,2024-03-09,1,0
97abce53,CUST-02783,welcome,2024-08-20,1,0
b644590e,CUST-02783,sample_followup,2024-08-28,1,0
bd4ecca3,CUST-02783,reactivation,2024-11-07,0,0
1ccdad6d,CUST-02784,welcome,2024-07-14,0,0
840f5a02,CUST-02784,sample_followup,2024-07-29,1,0
377ae23f,CUST-02784,reactivation,2024-09-07,0,0
ae5c5b05,CUST-02785,welcome,2024-01-19,0,0
ee1ef8a5,CUST-02785,sample_followup,2024-01-27,1,0
75188d16,CUST-02785,post_purchase,2024-02-05,1,0
4c6ac0c3,CUST-02786,welcome,2025-08-25,1,1
339ab4ea,CUST-02786,sample_followup,2025-09-13,0,0
300ffcf2,CUST-02786,project_nurture,2025-10-01,0,1
88e84c46,CUST-02787,welcome,2024-10-21,1,1
6f14a9b6,CUST-02787,sample_followup,2024-11-01,1,0
1940c887,CUST-02787,trade_engagement,2025-01-19,1,0
cc457b91,CUST-02788,welcome,2024-11-26,1,0
1723db1c,CUST-02788,sample_followup,2024-12-17,1,0
d833167c,CUST-02788,reactivation,2025-03-02,0,1
f83d1b97,CUST-02789,welcome,2024-09-15,0,0
f0359c8c,CUST-02790,welcome,2024-12-08,1,0
bc771355,CUST-02790,sample_followup,2024-12-26,0,0
e1681624,CUST-02790,reactivation,2025-03-19,1,0
9f8beb1c,CUST-02791,welcome,2024-11-11,0,0
75066bd0,CUST-02791,sample_followup,2024-11-27,1,0
49f98bcc,CUST-02791,reactivation,2025-02-19,0,0
8c217509,CUST-02792,welcome,2025-02-25,0,1
24310784,CUST-02793,welcome,2024-03-29,1,0
c05b40b0,CUST-02793,post_purchase,2024-04-10,1,1
156c373d,CUST-02794,welcome,2024-09-05,1,1
01d54483,CUST-02795,welcome,2025-06-24,1,0
6f46be81,CUST-02795,sample_followup,2025-07-02,1,0
eeb35435,CUST-02795,reactivation,2025-08-17,0,0
831de654,CUST-02796,welcome,2024-03-30,1,0
3350b44c,CUST-02796,sample_followup,2024-04-05,0,0
2dd863de,CUST-02796,post_purchase,2024-05-06,0,0
0cf54de6,CUST-02797,welcome,2024-01-24,1,0
54c4843e,CUST-02797,sample_followup,2024-01-30,1,0
d3ab3425,CUST-02797,reactivation,2024-04-24,0,0
162840bf,CUST-02798,welcome,2024-07-24,0,0
8eef3ad9,CUST-02799,welcome,2024-05-27,0,0
5510a16d,CUST-02800,welcome,2025-07-22,0,0
b9c1505f,CUST-02801,welcome,2024-11-16,1,0
c3f51898,CUST-02801,sample_followup,2024-11-30,1,0
2ed61a11,CUST-02801,trade_engagement,2024-12-29,0,0
32def15b,CUST-02802,welcome,2025-07-30,0,0
f78189ff,CUST-02802,sample_followup,2025-08-03,1,0
a1cafc07,CUST-02803,welcome,2024-07-10,1,0
283f54f0,CUST-02803,sample_followup,2024-07-13,1,0
1781d5b4,CUST-02803,reactivation,2024-09-03,0,0
6a998e85,CUST-02804,welcome,2024-09-30,1,0
54c1e0c9,CUST-02804,sample_followup,2024-10-07,0,0
12f4caae,CUST-02804,post_purchase,2024-11-16,0,0
c446865b,CUST-02805,welcome,2024-02-07,0,0
5de5d762,CUST-02805,sample_followup,2024-02-22,0,0
66e7ad70,CUST-02805,reactivation,2024-03-25,0,0
f960c7d2,CUST-02806,welcome,2024-08-03,1,0
15b0a709,CUST-02806,sample_followup,2024-08-07,0,0
76a937d7,CUST-02806,post_purchase,2024-09-28,1,0
58adf6c0,CUST-02807,welcome,2025-03-30,1,0
9c3fef90,CUST-02807,post_purchase,2025-05-01,1,0
06be4d11,CUST-02808,welcome,2025-01-29,1,0
1adde637,CUST-02808,reactivation,2025-04-20,0,0
79f8dbc4,CUST-02809,welcome,2024-05-17,0,0
1da5f3c6,CUST-02810,welcome,2024-07-01,0,0
5e32298d,CUST-02810,sample_followup,2024-07-10,1,0
9a11d690,CUST-02810,reactivation,2024-09-21,0,0
255148b6,CUST-02811,welcome,2024-05-06,1,0
4aca7174,CUST-02811,sample_followup,2024-05-25,1,0
fedf2eb6,CUST-02811,post_purchase,2024-06-04,1,0
0564f3d3,CUST-02812,welcome,2024-08-23,0,0
2987ecb5,CUST-02813,welcome,2024-07-18,0,0
6ddc3bda,CUST-02813,sample_followup,2024-07-28,0,0
089b1a39,CUST-02813,post_purchase,2024-08-13,0,0
d12c781b,CUST-02814,welcome,2024-05-24,0,0
8bdd10e6,CUST-02814,sample_followup,2024-05-27,1,0
d6ced499,CUST-02814,post_purchase,2024-07-27,1,0
87ccb510,CUST-02815,welcome,2024-02-26,1,0
7e825aee,CUST-02815,sample_followup,2024-03-07,0,0
5db6273b,CUST-02815,post_purchase,2024-04-24,1,0
ebfd9cde,CUST-02816,welcome,2024-08-14,1,0
6e7bac69,CUST-02816,sample_followup,2024-08-26,1,0
344886f9,CUST-02816,project_nurture,2024-09-21,0,0
a23fcaab,CUST-02816,post_purchase,2024-09-30,0,0
cfc4e4e6,CUST-02817,welcome,2025-04-21,0,0
9e70cbee,CUST-02817,sample_followup,2025-04-24,1,0
429dc4a1,CUST-02817,post_purchase,2025-05-14,1,0
d357d470,CUST-02818,welcome,2024-12-23,0,0
9c99ff13,CUST-02818,sample_followup,2025-01-03,0,0
f2b8be1b,CUST-02818,post_purchase,2025-02-15,0,0
151f38c6,CUST-02819,welcome,2025-08-05,0,0
7ea0ff44,CUST-02819,sample_followup,2025-08-25,0,0
4b0ef395,CUST-02819,post_purchase,2025-09-22,0,0
161d6e7a,CUST-02820,welcome,2024-10-21,0,0
b14c7e73,CUST-02820,sample_followup,2024-10-30,0,1
b18e2cbf,CUST-02820,trade_engagement,2025-01-09,0,0
e2c16dcf,CUST-02821,welcome,2025-03-24,1,1
2c1f3176,CUST-02821,sample_followup,2025-03-28,0,0
9e1d885a,CUST-02821,trade_engagement,2025-04-29,0,0
58f3aca9,CUST-02822,welcome,2024-12-18,1,0
33a3ca0f,CUST-02822,sample_followup,2024-12-30,0,0
8f624439,CUST-02822,post_purchase,2025-01-28,0,0
19b6a0bd,CUST-02823,welcome,2024-03-25,1,0
b53b3a0c,CUST-02823,sample_followup,2024-04-02,0,0
f309dc55,CUST-02823,post_purchase,2024-04-28,1,0
297789ab,CUST-02824,welcome,2024-05-04,0,0
dd593620,CUST-02825,welcome,2024-08-22,1,0
6e2df6bc,CUST-02826,welcome,2025-08-16,1,0
9dbffa2a,CUST-02826,sample_followup,2025-08-30,0,0
9cda9170,CUST-02827,welcome,2024-03-22,0,0
5d21263b,CUST-02827,post_purchase,2024-04-17,1,0
b993b3cc,CUST-02828,welcome,2025-04-20,1,0
48076db1,CUST-02828,sample_followup,2025-05-01,0,0
546a949c,CUST-02828,reactivation,2025-06-24,1,0
ecd456e4,CUST-02829,welcome,2024-11-06,0,0
4c09150f,CUST-02829,sample_followup,2024-11-18,0,0
daeba43d,CUST-02829,reactivation,2025-01-24,0,0
91768861,CUST-02830,welcome,2025-05-31,1,0
e6d64535,CUST-02830,sample_followup,2025-06-06,0,0
f0a76723,CUST-02830,reactivation,2025-07-05,1,0
a308afac,CUST-02831,welcome,2025-07-31,1,0
5e0fffb2,CUST-02832,welcome,2024-10-20,0,0
19c46c14,CUST-02832,sample_followup,2024-11-07,0,0
04f18eb2,CUST-02832,post_purchase,2024-12-06,1,0
aa5dc908,CUST-02833,welcome,2024-11-22,0,0
2c4583eb,CUST-02833,sample_followup,2024-11-28,1,0
426cdd3a,CUST-02833,reactivation,2025-02-20,0,0
2e2bfdd7,CUST-02834,welcome,2025-09-01,1,0
a799a8ce,CUST-02835,welcome,2024-04-05,1,0
c5fb55ef,CUST-02836,welcome,2024-12-22,1,0
95de5d25,CUST-02836,sample_followup,2024-12-24,1,0
871ebbaa,CUST-02836,post_purchase,2025-02-01,1,0
ac08cbc7,CUST-02837,welcome,2024-03-22,0,0
fa76ca34,CUST-02838,welcome,2024-08-18,1,0
e731be00,CUST-02838,sample_followup,2024-08-27,0,0
4cc75b41,CUST-02838,post_purchase,2024-10-19,0,1
ba50a9c4,CUST-02839,welcome,2025-03-07,0,0
7a027b40,CUST-02839,sample_followup,2025-03-28,1,0
964bf0c7,CUST-02839,reactivation,2025-05-31,1,0
0419fe21,CUST-02840,welcome,2025-06-01,0,0
098f3d7e,CUST-02840,post_purchase,2025-06-16,0,0
41957935,CUST-02841,welcome,2024-08-24,0,0
3e63f813,CUST-02841,sample_followup,2024-09-04,1,0
f7943d7a,CUST-02841,trade_engagement,2024-10-17,1,0
12df79b7,CUST-02842,welcome,2024-11-04,0,0
87a970c6,CUST-02842,sample_followup,2024-11-24,0,0
c2b7b6e3,CUST-02842,post_purchase,2024-12-07,1,0
697a928a,CUST-02843,welcome,2024-09-03,0,0
6e9bf31a,CUST-02843,sample_followup,2024-09-06,0,0
cd2bc0ed,CUST-02843,post_purchase,2024-10-20,0,0
c762aa11,CUST-02844,welcome,2025-03-01,0,0
82f988e7,CUST-02844,sample_followup,2025-03-08,0,0
e3667c51,CUST-02844,project_nurture,2025-03-19,0,0
3fd2d7ce,CUST-02844,post_purchase,2025-05-02,0,0
db4ad22d,CUST-02845,welcome,2025-05-06,1,1
ab189def,CUST-02846,welcome,2024-11-14,0,0
e2ad1396,CUST-02846,sample_followup,2024-11-17,1,0
ee7cfa7a,CUST-02846,reactivation,2024-12-19,0,0
a9269a05,CUST-02847,welcome,2024-02-21,0,0
7b039896,CUST-02847,sample_followup,2024-03-06,0,0
87bac76f,CUST-02847,trade_engagement,2024-05-13,1,0
5c788fae,CUST-02848,welcome,2025-05-07,1,1
aea02a45,CUST-02848,post_purchase,2025-05-29,1,0
104c8538,CUST-02849,welcome,2025-06-28,0,0
081b625b,CUST-02849,sample_followup,2025-07-10,1,0
f54c6cc9,CUST-02849,post_purchase,2025-09-05,1,0
9f5190f7,CUST-02850,welcome,2025-03-07,1,0
430d9c08,CUST-02850,sample_followup,2025-03-21,0,1
7984e435,CUST-02850,reactivation,2025-05-02,0,0
8732850e,CUST-02851,welcome,2025-01-05,0,0
94e7ee0b,CUST-02852,welcome,2025-03-30,0,0
13361ce1,CUST-02852,sample_followup,2025-04-12,1,0
4b30042a,CUST-02852,project_nurture,2025-05-19,1,0
9d9f40b5,CUST-02852,post_purchase,2025-05-03,0,0
0f2376d5,CUST-02853,welcome,2025-01-14,0,0
7aa06565,CUST-02853,sample_followup,2025-01-26,1,0
8fcbda06,CUST-02853,post_purchase,2025-03-22,0,0
ca11c0bb,CUST-02854,welcome,2025-03-08,0,0
06bcdef3,CUST-02855,welcome,2025-08-02,1,0
9b010a32,CUST-02856,welcome,2025-07-14,0,0
50b85e64,CUST-02856,sample_followup,2025-07-19,0,0
63907d10,CUST-02856,reactivation,2025-08-20,0,0
e9e9b24d,CUST-02857,welcome,2025-07-29,0,0
8def0c92,CUST-02858,welcome,2024-05-20,0,1
c9abe8f5,CUST-02859,welcome,2024-05-23,1,0
9cb73b35,CUST-02859,sample_followup,2024-06-03,0,0
16bc23ad,CUST-02859,post_purchase,2024-08-01,0,0
8354ded0,CUST-02860,welcome,2024-09-15,0,1
84f45571,CUST-02860,sample_followup,2024-09-23,0,0
4c003e93,CUST-02860,post_purchase,2024-10-20,1,0
8f96b5b2,CUST-02861,welcome,2025-07-13,1,1
4f56ce9f,CUST-02861,sample_followup,2025-07-21,0,0
0b031985,CUST-02861,post_purchase,2025-08-18,1,1
2313f636,CUST-02862,welcome,2025-05-06,0,0
2a9b9e05,CUST-02862,sample_followup,2025-05-20,1,0
6f6a46eb,CUST-02862,project_nurture,2025-06-22,1,0
e59b3298,CUST-02862,post_purchase,2025-06-07,1,0
11cb47ea,CUST-02863,welcome,2025-07-11,0,0
d7fc2916,CUST-02863,sample_followup,2025-07-18,1,0
7aafba7a,CUST-02863,post_purchase,2025-08-20,1,0
67432aba,CUST-02864,welcome,2024-09-11,1,0
858b5fea,CUST-02864,sample_followup,2024-09-23,0,1
380ffdd5,CUST-02864,reactivation,2024-11-19,1,0
4d356f1d,CUST-02865,welcome,2024-02-18,0,0
945b7809,CUST-02866,welcome,2024-05-28,0,0
4897a134,CUST-02866,sample_followup,2024-06-05,1,0
36c07f18,CUST-02866,post_purchase,2024-06-24,1,0
a173823f,CUST-02867,welcome,2024-09-29,1,0
21d8566b,CUST-02867,sample_followup,2024-10-06,1,0
072e32cc,CUST-02867,reactivation,2024-11-14,0,0
19b322f2,CUST-02868,welcome,2025-01-10,1,0
419121c6,CUST-02869,welcome,2025-01-18,0,0
7de2d5ff,CUST-02869,sample_followup,2025-02-02,0,0
0e3a3185,CUST-02869,post_purchase,2025-03-01,1,0
e4cf0ea3,CUST-02870,welcome,2024-03-03,1,1
18f53b09,CUST-02870,sample_followup,2024-03-09,1,0
4d24098d,CUST-02870,reactivation,2024-05-06,0,0
80fcbbfe,CUST-02871,welcome,2025-02-07,1,1
54f2912f,CUST-02871,reactivation,2025-04-06,0,0
ffb6646e,CUST-02872,welcome,2025-08-23,0,0
e2bfd2f8,CUST-02872,sample_followup,2025-09-04,0,0
55a936d8,CUST-02872,post_purchase,2025-10-01,1,0
71f1d04e,CUST-02873,welcome,2024-06-11,1,1
e81611a7,CUST-02873,sample_followup,2024-06-26,1,0
5a7bb5b5,CUST-02873,reactivation,2024-08-20,0,0
115cc457,CUST-02874,welcome,2025-05-14,0,0
6032c6e7,CUST-02875,welcome,2025-03-22,1,0
ec1ae5e1,CUST-02875,sample_followup,2025-03-25,0,0
0f99c7d7,CUST-02875,trade_engagement,2025-05-26,0,0
bcebbf16,CUST-02876,welcome,2025-01-09,1,0
cd803c47,CUST-02877,welcome,2025-08-11,0,1
b1023c4c,CUST-02877,sample_followup,2025-08-17,1,0
1f03b925,CUST-02878,welcome,2024-09-25,0,0
a832ba4d,CUST-02878,sample_followup,2024-10-17,1,0
1ebf1395,CUST-02878,reactivation,2025-01-12,1,0
dfa4ef6d,CUST-02879,welcome,2025-02-08,0,0
0ab5c9e6,CUST-02880,welcome,2025-01-17,1,0
a8c5da49,CUST-02880,sample_followup,2025-01-19,0,0
e66f9239,CUST-02880,reactivation,2025-03-23,1,0
1aba0cc4,CUST-02881,welcome,2025-07-12,0,0
c746bb7e,CUST-02881,sample_followup,2025-08-03,0,0
c17579d9,CUST-02881,post_purchase,2025-09-14,0,0
6ddf1786,CUST-02882,welcome,2025-07-29,1,0
81ae2652,CUST-02882,sample_followup,2025-08-13,1,0
d4493c59,CUST-02882,post_purchase,2025-09-02,0,0
0e60e9b0,CUST-02883,welcome,2025-08-08,0,0
5deff5ac,CUST-02884,welcome,2025-04-12,1,0
9121cd7f,CUST-02884,sample_followup,2025-04-20,0,0
e59aa90c,CUST-02884,reactivation,2025-06-29,0,0
a7b64e5c,CUST-02885,welcome,2024-11-04,1,0
8180e51e,CUST-02885,sample_followup,2024-11-10,0,0
469a9030,CUST-02885,post_purchase,2024-12-19,0,1
2a4dbb5b,CUST-02886,welcome,2024-04-28,1,0
9c7eb859,CUST-02886,post_purchase,2024-05-20,0,0
04abe396,CUST-02887,welcome,2024-05-25,0,0
db72aede,CUST-02887,sample_followup,2024-06-16,1,0
eb2c19f7,CUST-02887,post_purchase,2024-07-11,0,0
1cde5cb2,CUST-02888,welcome,2024-04-10,0,0
96209a9a,CUST-02889,welcome,2024-06-30,0,0
22ce268f,CUST-02889,sample_followup,2024-07-23,1,0
fb5c0d87,CUST-02889,post_purchase,2024-08-20,1,0
f62ab04a,CUST-02890,welcome,2025-08-20,0,1
cfb2d910,CUST-02890,sample_followup,2025-09-06,1,0
8c912b60,CUST-02890,post_purchase,2025-10-27,1,0
5223b023,CUST-02891,welcome,2025-06-12,0,0
2c4fa6f0,CUST-02892,welcome,2025-07-09,1,0
5bb3a522,CUST-02892,sample_followup,2025-07-12,0,0
9a622cf0,CUST-02893,welcome,2024-09-16,1,0
ca56560d,CUST-02894,welcome,2024-11-16,1,1
c423c80f,CUST-02894,sample_followup,2024-11-30,0,0
404b04d6,CUST-02894,post_purchase,2025-01-22,1,0
736aab70,CUST-02895,welcome,2024-10-17,1,0
8e4fd351,CUST-02895,sample_followup,2024-10-26,0,0
dd216365,CUST-02895,post_purchase,2024-12-20,0,0
4c2ba4ca,CUST-02896,welcome,2024-10-08,1,1
c5a4be37,CUST-02897,welcome,2024-06-09,0,0
dff0d847,CUST-02897,sample_followup,2024-06-18,1,0
4402e451,CUST-02897,reactivation,2024-09-06,0,0
ce0d974f,CUST-02898,welcome,2025-08-16,1,0
47ee54a4,CUST-02899,welcome,2024-08-10,1,0
d8ea4323,CUST-02899,sample_followup,2024-08-25,1,0
d715bcae,CUST-02899,post_purchase,2024-10-01,1,0
f9513068,CUST-02900,welcome,2024-02-11,0,0
d0ca8c37,CUST-02900,sample_followup,2024-02-26,0,0
01970b43,CUST-02900,post_purchase,2024-04-28,0,0
b7129f32,CUST-02901,welcome,2024-02-07,1,1
269e13a3,CUST-02901,sample_followup,2024-02-26,1,0
a61d0c7a,CUST-02901,post_purchase,2024-04-28,0,0
6e80dcfa,CUST-02902,welcome,2025-02-14,0,1
48f92b90,CUST-02902,sample_followup,2025-03-05,0,0
8dfeebbb,CUST-02902,reactivation,2025-05-31,0,0
1b42cd6e,CUST-02903,welcome,2024-11-10,1,0
12a8c429,CUST-02903,sample_followup,2024-12-01,0,0
41f58a6d,CUST-02903,post_purchase,2024-12-10,0,0
fb3b0d2f,CUST-02904,welcome,2024-12-20,0,1
2863080d,CUST-02905,welcome,2025-05-31,0,0
37ba46c0,CUST-02905,sample_followup,2025-06-08,0,0
288ba1bc,CUST-02905,reactivation,2025-07-11,0,0
e828579c,CUST-02906,welcome,2024-04-17,1,0
e0de2dd0,CUST-02906,sample_followup,2024-05-09,1,0
48a5bee9,CUST-02906,trade_engagement,2024-06-11,1,0
dcf78ca8,CUST-02907,welcome,2024-11-30,0,0
0e64dc7e,CUST-02907,sample_followup,2024-12-14,1,0
7589a160,CUST-02907,reactivation,2025-03-07,1,0
79fb43e9,CUST-02908,welcome,2025-08-18,0,0
ea0565e0,CUST-02908,sample_followup,2025-08-25,1,0
1dde93e4,CUST-02909,welcome,2025-04-01,0,0
f85d1a9c,CUST-02910,welcome,2024-12-12,0,0
53ca11bd,CUST-02910,reactivation,2025-02-08,0,0
11a53e9c,CUST-02911,welcome,2025-05-29,0,1
906dcc54,CUST-02911,sample_followup,2025-06-06,1,0
55b3a071,CUST-02911,reactivation,2025-08-16,0,0
a6a06415,CUST-02912,welcome,2024-11-08,0,0
822f7162,CUST-02912,post_purchase,2025-01-09,0,1
a6e678ed,CUST-02913,welcome,2024-01-31,1,0
63653d85,CUST-02914,welcome,2024-11-09,0,0
21b32a38,CUST-02914,sample_followup,2024-11-21,0,0
9dac1104,CUST-02914,post_purchase,2024-12-25,1,1
0d1e5832,CUST-02915,welcome,2025-01-15,1,0
6e5ea570,CUST-02915,sample_followup,2025-01-30,0,0
7f7cfe5f,CUST-02915,reactivation,2025-03-31,0,0
2aa97b40,CUST-02916,welcome,2024-02-19,1,0
c40d4876,CUST-02916,sample_followup,2024-02-26,1,0
48ee8e57,CUST-02916,trade_engagement,2024-05-18,0,0
85f6edec,CUST-02917,welcome,2024-01-29,1,0
310d1544,CUST-02918,welcome,2024-08-12,1,0
a24c8446,CUST-02918,sample_followup,2024-08-26,0,0
fb69f810,CUST-02918,post_purchase,2024-09-20,1,0
0f1aabc1,CUST-02919,welcome,2024-05-17,0,0
770f0819,CUST-02919,sample_followup,2024-06-07,0,0
840ea3a7,CUST-02919,post_purchase,2024-07-05,1,0
046b4de3,CUST-02920,welcome,2025-03-12,1,0
4c3ba5a7,CUST-02921,welcome,2024-10-10,1,0
57df836a,CUST-02921,sample_followup,2024-10-18,0,1
7e1e0ad9,CUST-02921,post_purchase,2024-12-12,0,0
8e2504ad,CUST-02922,welcome,2024-05-22,1,0
6ecf8bbe,CUST-02923,welcome,2025-07-08,1,0
56fe5e87,CUST-02923,sample_followup,2025-07-12,0,1
d44ab5de,CUST-02924,welcome,2024-12-29,0,1
7b6f1d71,CUST-02924,sample_followup,2025-01-10,0,0
37676945,CUST-02924,reactivation,2025-03-26,0,0
24195e3c,CUST-02925,welcome,2025-08-06,0,0
9db215ed,CUST-02925,sample_followup,2025-08-11,0,0
9c7a2b88,CUST-02925,post_purchase,2025-10-06,0,0
dbf7aa72,CUST-02926,welcome,2024-04-06,0,0
5c3d80c5,CUST-02926,sample_followup,2024-04-11,0,0
4c52ace2,CUST-02926,reactivation,2024-05-31,0,0
7fd34205,CUST-02927,welcome,2025-01-29,1,0
03efdf73,CUST-02927,sample_followup,2025-02-20,1,0
d2a645e1,CUST-02927,post_purchase,2025-03-04,1,0
aac412a6,CUST-02928,welcome,2025-02-10,1,0
accadc38,CUST-02928,sample_followup,2025-02-14,0,0
d0c95157,CUST-02928,reactivation,2025-04-05,0,0
acaac961,CUST-02929,welcome,2024-03-19,0,0
627cfee4,CUST-02929,sample_followup,2024-03-25,0,0
cd9c699a,CUST-02929,post_purchase,2024-05-11,0,0
001e067e,CUST-02930,welcome,2024-11-09,0,1
a06ed8bb,CUST-02930,sample_followup,2024-11-20,0,0
9b4bc5ba,CUST-02930,post_purchase,2024-12-17,0,1
905ed3cd,CUST-02931,welcome,2025-04-23,0,0
a6914672,CUST-02931,sample_followup,2025-05-12,1,0
f5898da7,CUST-02931,reactivation,2025-07-08,0,0
5f584729,CUST-02932,welcome,2024-07-12,1,0
719669b6,CUST-02933,welcome,2024-10-18,0,0
02f4363e,CUST-02933,sample_followup,2024-11-04,0,0
598ddf26,CUST-02933,trade_engagement,2024-12-18,1,0
0ad1236f,CUST-02934,welcome,2025-03-28,1,0
c00a1eb1,CUST-02934,sample_followup,2025-03-31,1,0
5ae9a3ab,CUST-02934,trade_engagement,2025-05-24,0,0
64a5e82f,CUST-02935,welcome,2025-04-11,1,0
d3e9d9cd,CUST-02935,sample_followup,2025-04-19,1,0
ee58b2d0,CUST-02935,post_purchase,2025-05-10,0,0
3bca2729,CUST-02936,welcome,2024-06-11,0,0
5554c946,CUST-02937,welcome,2025-07-11,0,0
d11dbc6f,CUST-02937,post_purchase,2025-07-24,0,0
6dfa88ab,CUST-02938,welcome,2024-09-24,1,0
5f81db5b,CUST-02938,post_purchase,2024-10-29,0,0
18482048,CUST-02939,welcome,2024-05-19,1,0
0de9a881,CUST-02939,sample_followup,2024-06-02,0,0
1b67b159,CUST-02939,post_purchase,2024-07-12,1,0
6ccf9bcd,CUST-02940,welcome,2025-07-26,0,0
8fa3df1f,CUST-02940,sample_followup,2025-08-09,1,0
3ce734ba,CUST-02941,welcome,2024-04-09,0,1
bf63b7e9,CUST-02941,sample_followup,2024-04-24,0,0
76b63389,CUST-02941,reactivation,2024-05-29,1,0
3494ca3a,CUST-02942,welcome,2025-08-08,1,0
1024ba07,CUST-02942,sample_followup,2025-08-12,1,1
d6865da5,CUST-02943,welcome,2024-01-17,0,0
89beda4a,CUST-02943,reactivation,2024-03-11,0,0
627d6b65,CUST-02944,welcome,2024-07-10,1,0
20980fbe,CUST-02945,welcome,2024-05-18,1,1
d65682b7,CUST-02945,sample_followup,2024-06-10,0,0
a57be214,CUST-02945,post_purchase,2024-06-26,1,0
25ddf1ab,CUST-02946,welcome,2024-07-11,1,0
b98c742a,CUST-02946,sample_followup,2024-07-30,0,0
0cd5e5ad,CUST-02946,post_purchase,2024-09-12,1,0
4c35fcca,CUST-02947,welcome,2025-06-13,0,0
992f41d4,CUST-02948,welcome,2025-08-23,0,0
5eaa8ccb,CUST-02948,sample_followup,2025-08-27,0,0
19da2d82,CUST-02948,post_purchase,2025-09-29,0,0
e92c585f,CUST-02949,welcome,2024-12-12,0,0
8fa240be,CUST-02949,sample_followup,2024-12-25,0,0
3bcc42af,CUST-02949,post_purchase,2025-01-05,0,0
6cee98bb,CUST-02950,welcome,2024-08-18,1,0
bdb1b202,CUST-02951,welcome,2025-01-08,1,1
a8b930e2,CUST-02952,welcome,2024-01-03,0,0
7cbe0ad5,CUST-02952,post_purchase,2024-03-07,1,1
a2016ed4,CUST-02953,welcome,2024-03-15,0,0
04a50f0b,CUST-02953,sample_followup,2024-03-26,1,0
3c31f304,CUST-02953,post_purchase,2024-05-09,1,0
db41755f,CUST-02954,welcome,2024-09-01,0,0
88b4f12a,CUST-02954,sample_followup,2024-09-05,1,0
ebfd4a5a,CUST-02954,post_purchase,2024-10-14,1,0
b59c54a4,CUST-02955,welcome,2025-04-18,1,0
bcc44efe,CUST-02956,welcome,2025-05-11,0,0
d4828305,CUST-02956,sample_followup,2025-05-27,0,0
81e3188c,CUST-02956,post_purchase,2025-06-09,1,0
1785ace9,CUST-02957,welcome,2024-09-14,0,0
945b9c06,CUST-02957,sample_followup,2024-09-21,1,0
6258aa43,CUST-02957,post_purchase,2024-11-01,0,1
97f8398b,CUST-02958,welcome,2024-10-08,0,0
41760ad9,CUST-02958,sample_followup,2024-10-31,0,0
1c204531,CUST-02958,project_nurture,2024-11-19,1,0
246624b1,CUST-02958,trade_engagement,2024-12-18,1,0
f1c59b86,CUST-02959,welcome,2025-04-06,1,1
f20b342e,CUST-02959,sample_followup,2025-04-29,0,0
ded2bd82,CUST-02959,trade_engagement,2025-06-25,0,0
ebe0e90b,CUST-02960,welcome,2024-07-26,0,0
04ce28ff,CUST-02960,sample_followup,2024-08-18,1,0
697e4346,CUST-02960,post_purchase,2024-08-30,1,0
d0765520,CUST-02961,welcome,2024-01-27,0,1
cffbad88,CUST-02961,sample_followup,2024-02-14,1,0
854b1d36,CUST-02961,trade_engagement,2024-04-10,1,0
3babf86d,CUST-02962,welcome,2024-10-31,1,0
61adc92d,CUST-02962,sample_followup,2024-11-22,0,0
36cbabbe,CUST-02962,post_purchase,2025-01-16,0,0
59a725d6,CUST-02963,welcome,2024-10-02,1,0
1df35262,CUST-02963,sample_followup,2024-10-13,0,0
e245dd66,CUST-02963,post_purchase,2024-11-01,1,0
b5e40288,CUST-02964,welcome,2025-04-22,1,0
64508d4a,CUST-02964,sample_followup,2025-04-30,0,0
3e041349,CUST-02964,post_purchase,2025-06-16,1,0
985a836e,CUST-02965,welcome,2025-06-12,0,0
eea90891,CUST-02965,sample_followup,2025-06-23,1,0
f03bba68,CUST-02966,welcome,2024-01-31,1,0
4d79c812,CUST-02966,sample_followup,2024-02-04,0,1
905810bd,CUST-02966,post_purchase,2024-02-19,0,0
cf88ff98,CUST-02967,welcome,2024-10-05,1,0
ca719e39,CUST-02967,sample_followup,2024-10-16,0,0
6242ca74,CUST-02967,post_purchase,2024-12-14,1,0
11f7ad29,CUST-02968,welcome,2024-08-17,0,1
3f8c2e74,CUST-02968,sample_followup,2024-08-29,0,0
952a0cbf,CUST-02968,post_purchase,2024-09-13,1,0
aaad27d3,CUST-02969,welcome,2024-03-31,0,0
61299c65,CUST-02969,sample_followup,2024-04-09,1,0
2620eb65,CUST-02969,reactivation,2024-06-03,0,0
15c4ad09,CUST-02970,welcome,2024-09-25,1,0
c6e506b6,CUST-02970,reactivation,2024-11-12,0,0
7bb6a2c1,CUST-02971,welcome,2024-10-06,0,0
feeb72cc,CUST-02971,sample_followup,2024-10-20,0,0
e892409e,CUST-02971,reactivation,2025-01-06,0,0
fd88215c,CUST-02972,welcome,2024-04-22,1,0
133eaa5a,CUST-02972,sample_followup,2024-05-15,1,0
8762bcc1,CUST-02972,post_purchase,2024-06-08,1,0
418a6798,CUST-02973,welcome,2025-04-12,0,0
22d0b928,CUST-02973,sample_followup,2025-04-19,1,0
b7f7d4c8,CUST-02973,post_purchase,2025-05-23,0,0
0d79df84,CUST-02974,welcome,2024-04-04,1,1
b51fb4b1,CUST-02974,sample_followup,2024-04-12,0,0
5a820e36,CUST-02974,reactivation,2024-05-30,0,0
0fdfe883,CUST-02975,welcome,2024-10-06,0,0
48e85d88,CUST-02976,welcome,2024-03-10,0,0
436c3d59,CUST-02976,sample_followup,2024-03-17,0,0
e28fb58d,CUST-02976,post_purchase,2024-05-10,1,1
e4e2d3ae,CUST-02977,welcome,2024-01-27,0,1
cd22dbc5,CUST-02978,welcome,2024-10-23,1,0
0c0a04a7,CUST-02978,sample_followup,2024-11-04,1,0
1ee29508,CUST-02978,post_purchase,2024-12-12,1,0
3bec7a20,CUST-02979,welcome,2024-06-16,0,0
5a732e36,CUST-02979,trade_engagement,2024-09-16,1,0
d3081dc7,CUST-02980,welcome,2024-08-29,0,0
09b759c1,CUST-02980,sample_followup,2024-09-05,0,0
1a2c55d4,CUST-02980,reactivation,2024-11-07,0,0
9ef7b919,CUST-02981,welcome,2024-12-06,1,0
c63cf8ee,CUST-02981,reactivation,2025-02-02,0,0
af778899,CUST-02982,welcome,2024-07-05,1,0
6784da53,CUST-02982,sample_followup,2024-07-08,0,0
3cc29a0f,CUST-02982,post_purchase,2024-08-06,0,0
e4792d4b,CUST-02983,welcome,2025-05-18,0,0
8c5a4847,CUST-02983,sample_followup,2025-05-24,0,0
268ccbf8,CUST-02983,post_purchase,2025-06-24,1,0
16390477,CUST-02984,welcome,2025-01-04,1,0
0274f806,CUST-02984,sample_followup,2025-01-12,0,0
1ae68ab2,CUST-02984,post_purchase,2025-02-10,0,0
5de1b2d5,CUST-02985,welcome,2024-08-05,1,0
c70b11a3,CUST-02985,sample_followup,2024-08-19,1,1
63b55544,CUST-02985,trade_engagement,2024-10-23,0,0
d8c12f5d,CUST-02986,welcome,2025-07-20,1,0
d111b793,CUST-02987,welcome,2025-07-10,0,0
3ce966c6,CUST-02987,sample_followup,2025-07-13,0,0
77cda96a,CUST-02987,post_purchase,2025-08-29,0,0
96ce1aa0,CUST-02988,welcome,2024-09-12,1,0
8dc712db,CUST-02988,sample_followup,2024-09-24,0,0
23d7f897,CUST-02988,reactivation,2024-10-23,1,0
7dcdd576,CUST-02989,welcome,2024-05-19,0,1
150d7e56,CUST-02989,sample_followup,2024-06-02,1,1
0471a053,CUST-02989,reactivation,2024-08-27,0,0
25cd9d2d,CUST-02990,welcome,2024-04-04,1,0
00dfb8b1,CUST-02990,sample_followup,2024-04-14,0,1
cb52093a,CUST-02990,post_purchase,2024-05-18,1,0
83e7832f,CUST-02991,welcome,2025-08-30,1,0
69bf4db1,CUST-02991,post_purchase,2025-10-29,0,0
5ec84f2e,CUST-02992,welcome,2024-07-16,0,1
efd00c45,CUST-02993,welcome,2024-03-15,1,0
49bad1aa,CUST-02993,sample_followup,2024-04-07,1,0
cd48fb90,CUST-02993,post_purchase,2024-04-23,1,0
45a82559,CUST-02994,welcome,2025-05-13,1,0
54bd2a5c,CUST-02994,sample_followup,2025-05-24,0,0
b8840dd4,CUST-02994,post_purchase,2025-06-29,1,0
0b9e0710,CUST-02995,welcome,2025-08-04,1,0
3576b8af,CUST-02996,welcome,2024-12-25,0,0
2d9c62ee,CUST-02996,sample_followup,2025-01-12,1,0
34d814ea,CUST-02996,reactivation,2025-04-02,1,0
416491ae,CUST-02997,welcome,2024-03-02,1,0
5f4d1277,CUST-02997,sample_followup,2024-03-09,1,0
27871322,CUST-02997,post_purchase,2024-03-25,1,0
3dd4abe2,CUST-02998,welcome,2025-06-28,1,0
3dcf0841,CUST-02998,sample_followup,2025-07-12,0,0
cc85451f,CUST-02998,post_purchase,2025-08-01,0,1
ba3ead22,CUST-02999,welcome,2025-08-13,1,0
cd674490,CUST-02999,sample_followup,2025-08-17,1,0
2b483c36,CUST-03000,welcome,2024-03-22,1,0
4b869160,CUST-03001,welcome,2024-05-06,1,0
94f2189f,CUST-03001,sample_followup,2024-05-20,0,1
b104a68a,CUST-03001,post_purchase,2024-06-23,1,0
36d24eac,CUST-03002,welcome,2025-03-21,1,0
cd4b23b0,CUST-03002,sample_followup,2025-03-28,1,0
076bccd2,CUST-03002,reactivation,2025-05-15,1,0
af71bce0,CUST-03003,welcome,2024-03-25,0,0
f03d1f37,CUST-03003,post_purchase,2024-04-25,0,0
1e0312b3,CUST-03004,welcome,2025-04-23,0,0
7c016363,CUST-03004,sample_followup,2025-05-13,1,1
24634362,CUST-03004,trade_engagement,2025-07-21,0,0
a25523e1,CUST-03005,welcome,2024-09-25,0,1
c3ea1ad3,CUST-03005,sample_followup,2024-09-28,0,0
e30b8c57,CUST-03005,post_purchase,2024-10-14,1,0
13dae1bb,CUST-03006,welcome,2025-01-10,1,0
23f82449,CUST-03006,sample_followup,2025-01-14,1,1
003e0299,CUST-03006,reactivation,2025-03-03,1,0
40877ced,CUST-03007,welcome,2025-05-17,0,0
f524dbab,CUST-03007,sample_followup,2025-06-02,0,0
8a67ffde,CUST-03007,post_purchase,2025-06-12,0,0
35288a79,CUST-03008,welcome,2025-01-27,0,0
bd73bcad,CUST-03008,sample_followup,2025-02-09,1,1
b6adeb17,CUST-03008,post_purchase,2025-02-22,0,0
af059552,CUST-03009,welcome,2025-07-03,1,0
8d87e41c,CUST-03009,post_purchase,2025-07-14,0,0
173e6a01,CUST-03010,welcome,2025-08-05,1,0
644038ad,CUST-03010,sample_followup,2025-08-21,1,0
63c99a9f,CUST-03011,welcome,2025-01-08,0,0
d16c66a2,CUST-03011,sample_followup,2025-01-19,1,0
98f819f2,CUST-03011,trade_engagement,2025-04-10,0,0
7dbad2d0,CUST-03012,welcome,2025-03-06,1,0
4e4fba7e,CUST-03012,sample_followup,2025-03-22,0,0
0860e2b6,CUST-03012,post_purchase,2025-04-17,1,0
f6821f4c,CUST-03013,welcome,2024-08-07,0,1
2e825bab,CUST-03014,welcome,2024-06-22,1,0
0b32b184,CUST-03014,sample_followup,2024-06-28,1,0
2c421896,CUST-03014,trade_engagement,2024-07-27,1,0
67f53e34,CUST-03015,welcome,2024-09-27,1,1
41ef326b,CUST-03016,welcome,2024-07-12,0,0
9e4a40ab,CUST-03017,welcome,2024-01-27,1,0
9296d36c,CUST-03018,welcome,2025-05-21,1,0
96d69ed6,CUST-03018,sample_followup,2025-06-09,0,0
bd8cfb18,CUST-03018,project_nurture,2025-06-26,0,0
cb420b4f,CUST-03018,post_purchase,2025-08-10,1,0
a754e6bb,CUST-03019,welcome,2024-02-25,1,1
406e712b,CUST-03019,post_purchase,2024-04-16,0,1
5b675d26,CUST-03020,welcome,2024-06-16,0,0
15f42583,CUST-03020,sample_followup,2024-06-30,1,0
86856910,CUST-03020,reactivation,2024-08-04,0,0
af425c48,CUST-03021,welcome,2024-11-01,0,0
fe8a3913,CUST-03021,sample_followup,2024-11-15,1,0
b2a60d72,CUST-03021,post_purchase,2025-01-13,0,1
83b8e3ca,CUST-03022,welcome,2024-11-13,1,0
7c7a4f87,CUST-03022,sample_followup,2024-12-03,1,0
0df5f1e1,CUST-03022,post_purchase,2024-12-21,1,0
1950929b,CUST-03023,welcome,2025-01-25,1,0
d3400142,CUST-03023,sample_followup,2025-01-30,1,0
ef3fb6b6,CUST-03023,project_nurture,2025-03-08,1,0
39220315,CUST-03023,post_purchase,2025-04-02,1,0
b622ddc0,CUST-03024,welcome,2025-05-29,1,0
c510e16a,CUST-03024,sample_followup,2025-06-07,0,1
2e0a0d81,CUST-03024,reactivation,2025-07-12,0,1
b036da25,CUST-03025,welcome,2025-05-21,1,0
0dab9618,CUST-03026,welcome,2025-03-09,0,0
0551b43c,CUST-03026,sample_followup,2025-03-27,1,0
4493892c,CUST-03026,reactivation,2025-05-10,0,0
332ca39b,CUST-03027,welcome,2024-04-24,1,0
521808d9,CUST-03027,sample_followup,2024-05-05,0,0
68c74594,CUST-03027,post_purchase,2024-06-01,1,0
6cfd45c3,CUST-03028,welcome,2025-07-29,1,0
da43d4d6,CUST-03028,sample_followup,2025-08-04,1,0
c6078892,CUST-03029,welcome,2024-08-10,1,1
89d9b3df,CUST-03029,sample_followup,2024-09-02,0,0
01069568,CUST-03029,post_purchase,2024-10-08,1,0
eda727e5,CUST-03030,welcome,2025-08-23,0,0
3af67678,CUST-03031,welcome,2025-01-13,1,0
36abec40,CUST-03032,welcome,2024-03-30,1,0
0154f004,CUST-03032,sample_followup,2024-04-07,1,0
2290754d,CUST-03032,trade_engagement,2024-06-03,0,0
c916154c,CUST-03033,welcome,2024-11-16,0,0
8ea293f9,CUST-03033,sample_followup,2024-12-03,1,0
b95c2367,CUST-03033,post_purchase,2024-12-25,1,0
c9a7b9d7,CUST-03034,welcome,2024-08-18,1,0
6e890063,CUST-03034,sample_followup,2024-08-25,1,0
e88eb426,CUST-03034,post_purchase,2024-10-11,0,0
521ff4b3,CUST-03035,welcome,2024-09-22,0,0
ab2b2484,CUST-03035,sample_followup,2024-09-24,0,0
f24472a4,CUST-03035,post_purchase,2024-10-31,1,0
706019c3,CUST-03036,welcome,2024-09-08,0,0
cf27a286,CUST-03037,welcome,2024-05-26,0,0
9a5d6472,CUST-03038,welcome,2024-07-23,1,0
e2c237c0,CUST-03038,sample_followup,2024-07-28,1,0
feecff94,CUST-03038,trade_engagement,2024-09-17,0,0
7da47aa6,CUST-03039,welcome,2025-02-19,1,0
8aa65757,CUST-03039,sample_followup,2025-02-23,1,0
70c29e29,CUST-03039,reactivation,2025-05-12,0,0
d30ec387,CUST-03040,welcome,2025-04-01,1,0
e291a8c6,CUST-03040,sample_followup,2025-04-14,1,0
93440b7a,CUST-03040,post_purchase,2025-04-26,1,0
88689111,CUST-03041,welcome,2024-06-12,1,0
5d021a75,CUST-03041,sample_followup,2024-06-24,1,0
106e7850,CUST-03041,post_purchase,2024-07-17,1,0
280c836f,CUST-03042,welcome,2025-04-27,1,0
6f89fa55,CUST-03042,sample_followup,2025-05-13,0,0
87ed0f02,CUST-03042,post_purchase,2025-06-23,1,0
dd7ed73c,CUST-03043,welcome,2024-06-30,0,0
52bad9b7,CUST-03044,welcome,2024-12-22,0,0
f2dca827,CUST-03044,sample_followup,2025-01-04,0,0
c9c6db20,CUST-03044,reactivation,2025-02-02,0,0
f175a5c0,CUST-03045,welcome,2024-01-03,0,0
cdd557ca,CUST-03045,sample_followup,2024-01-19,1,0
f0e8098f,CUST-03045,post_purchase,2024-02-25,0,0
c89a5452,CUST-03046,welcome,2025-01-17,0,0
71b357e9,CUST-03046,sample_followup,2025-02-01,0,0
f714e24b,CUST-03046,trade_engagement,2025-03-30,1,0
b15b602b,CUST-03047,welcome,2025-04-10,1,0
0710ea6d,CUST-03047,post_purchase,2025-05-14,0,0
a85be2d5,CUST-03048,welcome,2024-03-26,1,0
0ccae483,CUST-03049,welcome,2024-03-06,0,0
304c0f58,CUST-03049,sample_followup,2024-03-13,1,0
8a4ce9db,CUST-03049,post_purchase,2024-05-01,1,0
d723aa00,CUST-03050,welcome,2024-11-26,0,0
a6f18453,CUST-03051,welcome,2025-07-31,1,0
3d0cd6b7,CUST-03051,sample_followup,2025-08-06,1,1
eb89a197,CUST-03052,welcome,2025-05-04,1,0
468865f4,CUST-03052,sample_followup,2025-05-08,0,0
dc55b048,CUST-03052,post_purchase,2025-06-21,1,0
4947c92b,CUST-03053,welcome,2024-05-11,1,0
687b0136,CUST-03053,sample_followup,2024-05-13,1,0
e7c43967,CUST-03053,reactivation,2024-06-30,0,0
3041020b,CUST-03054,welcome,2025-02-04,0,1
732adcc1,CUST-03054,sample_followup,2025-02-12,0,0
f3af587a,CUST-03054,post_purchase,2025-04-15,1,0
7eb0524e,CUST-03055,welcome,2024-01-17,1,0
6036bcbf,CUST-03055,reactivation,2024-04-05,0,0
2ce5bb77,CUST-03056,welcome,2024-11-29,0,0
1adac6fc,CUST-03057,welcome,2024-04-28,0,0
ace2bdfe,CUST-03057,sample_followup,2024-05-02,0,0
f7df8227,CUST-03057,reactivation,2024-06-20,0,0
8317ea1c,CUST-03058,welcome,2024-09-27,0,0
5959f85a,CUST-03058,trade_engagement,2024-11-22,0,1
5390fc5d,CUST-03059,welcome,2025-01-29,1,0
08113cc3,CUST-03059,sample_followup,2025-02-05,0,0
05b9c146,CUST-03059,post_purchase,2025-03-25,0,0
418714be,CUST-03060,welcome,2024-07-14,1,0
87e580e4,CUST-03060,sample_followup,2024-07-18,0,1
689c5b8b,CUST-03060,reactivation,2024-08-20,1,0
bc5d22b6,CUST-03061,welcome,2025-01-29,0,0
7cee9356,CUST-03061,sample_followup,2025-02-10,0,0
5077b4b6,CUST-03061,reactivation,2025-04-17,0,0
1d9593c3,CUST-03062,welcome,2025-03-26,0,0
ce0bf373,CUST-03063,welcome,2024-09-07,0,0
5f28229b,CUST-03063,sample_followup,2024-09-28,1,0
ee224e4b,CUST-03063,post_purchase,2024-11-29,0,0
55465355,CUST-03064,welcome,2025-05-01,0,0
9e8a77ee,CUST-03064,sample_followup,2025-05-24,0,1
11f511a6,CUST-03064,post_purchase,2025-06-28,1,1
ef663508,CUST-03065,welcome,2024-08-13,1,0
0d77a16f,CUST-03065,sample_followup,2024-08-23,0,0
6a5a10f7,CUST-03065,post_purchase,2024-10-24,1,1
b5005ab1,CUST-03066,welcome,2024-12-06,0,0
5f8deeaa,CUST-03067,welcome,2024-05-16,1,0
ef0739b0,CUST-03067,post_purchase,2024-06-28,0,0
b89ee898,CUST-03068,welcome,2024-07-03,0,0
f752c6f2,CUST-03068,sample_followup,2024-07-07,1,0
ad53f8ba,CUST-03068,trade_engagement,2024-09-26,1,0
f80d089b,CUST-03069,welcome,2025-04-04,1,0
3f3bf008,CUST-03069,sample_followup,2025-04-12,0,0
772cd2cd,CUST-03069,post_purchase,2025-05-12,1,0
52f406cf,CUST-03070,welcome,2024-01-22,0,0
bea921af,CUST-03070,sample_followup,2024-02-02,0,1
65db4983,CUST-03070,post_purchase,2024-03-30,1,0
004b2a22,CUST-03071,welcome,2025-04-20,0,0
d3fcacfa,CUST-03071,sample_followup,2025-04-29,0,0
ce354dc3,CUST-03071,trade_engagement,2025-07-24,0,1
1e38ce58,CUST-03072,welcome,2025-05-23,1,0
af0f2e76,CUST-03072,sample_followup,2025-06-05,0,0
c13c4a19,CUST-03072,post_purchase,2025-07-20,0,0
e7d09b36,CUST-03073,welcome,2024-01-05,1,0
120956da,CUST-03074,welcome,2024-08-23,1,1
552eb068,CUST-03075,welcome,2025-03-03,1,0
61d82121,CUST-03075,sample_followup,2025-03-16,0,1
791098fd,CUST-03075,post_purchase,2025-05-10,0,0
eda8413b,CUST-03076,welcome,2024-09-30,0,1
fb78ef5e,CUST-03076,post_purchase,2024-12-03,1,0
49e389f4,CUST-03077,welcome,2025-05-25,1,0
affc5dcc,CUST-03077,sample_followup,2025-05-28,0,0
23c1954e,CUST-03077,post_purchase,2025-07-29,0,0
96b46a25,CUST-03078,welcome,2025-03-23,1,0
5411252a,CUST-03078,sample_followup,2025-04-02,1,0
2688e7f5,CUST-03078,post_purchase,2025-05-12,1,1
16eccc57,CUST-03079,welcome,2025-02-20,0,0
1dfd3c15,CUST-03080,welcome,2024-03-11,1,0
3b6d8a87,CUST-03080,sample_followup,2024-03-22,0,0
39a31af3,CUST-03080,post_purchase,2024-05-23,0,0
78acda65,CUST-03081,welcome,2024-04-28,0,0
8b766253,CUST-03081,sample_followup,2024-05-02,0,0
a97749d2,CUST-03081,post_purchase,2024-06-07,0,1
e4a7edf3,CUST-03082,welcome,2025-06-04,0,0
56a0700c,CUST-03082,sample_followup,2025-06-16,0,0
4965dc1f,CUST-03082,post_purchase,2025-06-26,1,0
58de9fb9,CUST-03083,welcome,2024-12-14,0,0
1f789cc0,CUST-03084,welcome,2024-05-14,0,0
5cb9db4e,CUST-03085,welcome,2025-01-31,0,0
ef8de11e,CUST-03085,sample_followup,2025-02-13,1,0
0e9e9a5a,CUST-03085,post_purchase,2025-04-10,0,0
348cc997,CUST-03086,welcome,2024-05-10,1,0
f7d4ebc4,CUST-03086,sample_followup,2024-05-16,0,0
6fbbf1be,CUST-03086,post_purchase,2024-06-14,0,0
43919218,CUST-03087,welcome,2024-05-09,0,0
a3f29441,CUST-03088,welcome,2025-06-25,0,0
75eb1861,CUST-03088,sample_followup,2025-07-08,1,0
316f4c09,CUST-03088,post_purchase,2025-07-25,0,0
a3829bc2,CUST-03089,welcome,2024-05-08,0,0
3c9d8c44,CUST-03089,sample_followup,2024-05-20,0,0
10b0e156,CUST-03089,post_purchase,2024-06-28,0,0
e89f4c36,CUST-03090,welcome,2024-03-26,1,0
5a66c645,CUST-03090,sample_followup,2024-04-04,0,0
317a1401,CUST-03090,reactivation,2024-05-18,1,0
05caf55a,CUST-03091,welcome,2025-06-16,0,0
57f2b215,CUST-03092,welcome,2025-03-23,1,1
b313254c,CUST-03092,sample_followup,2025-03-29,1,0
189998e8,CUST-03092,reactivation,2025-05-19,0,0
3e7022c8,CUST-03093,welcome,2025-08-21,0,0
8480578f,CUST-03093,post_purchase,2025-09-10,0,0
7796a9d1,CUST-03094,welcome,2025-07-08,1,0
fac2a095,CUST-03094,sample_followup,2025-07-13,0,0
5d198a65,CUST-03094,post_purchase,2025-09-03,1,0
876ed660,CUST-03095,welcome,2024-10-11,0,0
2f8d087c,CUST-03095,sample_followup,2024-10-26,1,0
ba3ac93b,CUST-03095,reactivation,2024-11-26,1,0
a103e75a,CUST-03096,welcome,2025-01-22,1,0
e55bccbd,CUST-03097,welcome,2024-12-25,1,1
59ccf4b8,CUST-03097,post_purchase,2025-01-18,0,0
3b5a4677,CUST-03098,welcome,2024-12-27,0,0
21df54d5,CUST-03098,sample_followup,2025-01-05,0,0
d2bd4492,CUST-03098,reactivation,2025-03-07,0,0
73ddc319,CUST-03099,welcome,2025-06-30,0,0
88ceacb4,CUST-03099,sample_followup,2025-07-22,0,0
a3bad4d3,CUST-03100,welcome,2024-08-28,0,0
4c4d1d94,CUST-03100,sample_followup,2024-09-12,1,0
2d7e9786,CUST-03100,post_purchase,2024-10-11,1,0
b9c58860,CUST-03101,welcome,2024-04-02,1,0
6c2a8ca7,CUST-03101,sample_followup,2024-04-11,1,0
ccae15de,CUST-03101,project_nurture,2024-04-21,1,0
f44c3179,CUST-03101,trade_engagement,2024-07-02,1,0
be48dcbf,CUST-03102,welcome,2024-02-18,0,0
8c4eeeb0,CUST-03102,sample_followup,2024-02-25,1,1
98111f44,CUST-03102,post_purchase,2024-04-21,1,0
8ddd35be,CUST-03103,welcome,2024-02-18,1,0
d9668b0c,CUST-03103,post_purchase,2024-03-04,0,0
6f4f1e7a,CUST-03104,welcome,2024-07-18,0,0
a468e65e,CUST-03104,sample_followup,2024-07-27,0,1
5a293261,CUST-03104,trade_engagement,2024-09-26,0,0
427f8525,CUST-03105,welcome,2025-04-23,0,0
a57c3227,CUST-03105,sample_followup,2025-05-16,0,0
ec22161d,CUST-03105,reactivation,2025-07-16,1,0
515e09f7,CUST-03106,welcome,2025-06-10,1,0
b71066e2,CUST-03106,sample_followup,2025-06-19,1,0
7d7b1776,CUST-03107,welcome,2024-09-14,0,1
d830cf9d,CUST-03107,sample_followup,2024-09-23,0,0
e387ebd7,CUST-03107,post_purchase,2024-10-10,1,0
4bcb4c00,CUST-03108,welcome,2024-01-17,0,0
14de61a4,CUST-03108,sample_followup,2024-02-04,1,0
3f66cb39,CUST-03108,post_purchase,2024-03-10,0,0
e83b6fbd,CUST-03109,welcome,2024-07-19,0,0
8f6f4a2e,CUST-03109,sample_followup,2024-07-22,0,0
ecd157a9,CUST-03109,reactivation,2024-09-25,0,0
0ab48892,CUST-03110,welcome,2025-08-14,0,0
3000454c,CUST-03110,sample_followup,2025-08-22,0,0
2c86ab80,CUST-03110,post_purchase,2025-10-09,1,0
b2d2c523,CUST-03111,welcome,2024-11-26,0,0
dfe7f66e,CUST-03112,welcome,2025-04-23,1,0
f8f940c5,CUST-03113,welcome,2024-09-26,0,0
5731c0ef,CUST-03113,sample_followup,2024-09-30,0,0
510c4347,CUST-03113,trade_engagement,2024-10-30,0,0
63b853c3,CUST-03114,welcome,2024-07-02,0,0
e08df60a,CUST-03115,welcome,2024-08-17,1,0
336d57c3,CUST-03115,sample_followup,2024-08-21,0,0
b3574491,CUST-03115,project_nurture,2024-08-30,1,0
be51afd3,CUST-03115,post_purchase,2024-10-10,0,0
3c8b0f42,CUST-03116,welcome,2025-02-02,1,0
d25d6851,CUST-03117,welcome,2024-07-13,1,0
d43ddb12,CUST-03117,sample_followup,2024-07-19,1,0
a3c322b4,CUST-03117,post_purchase,2024-09-06,1,0
986f989f,CUST-03118,welcome,2025-02-22,1,0
bdd6399c,CUST-03118,sample_followup,2025-02-27,1,0
e7b25c3a,CUST-03118,reactivation,2025-05-12,0,0
afd292d2,CUST-03119,welcome,2024-07-03,0,0
857770c9,CUST-03119,sample_followup,2024-07-17,1,0
75d45dd3,CUST-03119,post_purchase,2024-08-06,1,1
8509f811,CUST-03120,welcome,2024-04-06,1,1
20681b44,CUST-03120,sample_followup,2024-04-28,0,0
2807d8f5,CUST-03120,trade_engagement,2024-05-30,0,0
12848ab4,CUST-03121,welcome,2024-05-04,0,0
62229bf6,CUST-03121,sample_followup,2024-05-27,0,0
08a5948f,CUST-03121,post_purchase,2024-06-22,0,0
b4c5bf05,CUST-03122,welcome,2024-01-03,0,1
825bd91b,CUST-03122,sample_followup,2024-01-08,0,0
65f7ea95,CUST-03122,post_purchase,2024-01-28,1,0
90e64335,CUST-03123,welcome,2024-05-14,0,0
09bbb403,CUST-03124,welcome,2025-04-01,0,0
beea1f33,CUST-03125,welcome,2025-08-14,1,0
b32ec8cb,CUST-03125,sample_followup,2025-08-17,0,1
efc654b1,CUST-03126,welcome,2025-03-24,0,0
8a6a4cec,CUST-03126,sample_followup,2025-03-30,0,0
6b5aa74e,CUST-03126,reactivation,2025-05-23,0,0
0c722a4b,CUST-03127,welcome,2024-03-04,0,0
926bcb2f,CUST-03127,sample_followup,2024-03-09,0,0
e1d22573,CUST-03127,post_purchase,2024-03-29,1,0
052ef95d,CUST-03128,welcome,2025-04-18,1,0
0868342c,CUST-03128,sample_followup,2025-04-27,1,0
dfb38c7c,CUST-03128,reactivation,2025-05-25,0,0
7e22b462,CUST-03129,welcome,2024-07-21,1,0
856898dc,CUST-03129,sample_followup,2024-08-03,1,0
4bf16740,CUST-03129,reactivation,2024-09-15,0,0
ed2c45d3,CUST-03130,welcome,2025-01-09,0,0
73e197a4,CUST-03130,sample_followup,2025-01-20,0,0
15d87bd0,CUST-03130,trade_engagement,2025-03-24,0,0
d64d3e64,CUST-03131,welcome,2025-01-16,0,1
8f69271a,CUST-03131,sample_followup,2025-01-23,1,0
e3148809,CUST-03131,project_nurture,2025-02-19,1,0
e9663df9,CUST-03131,post_purchase,2025-02-19,0,0
e176fe78,CUST-03132,welcome,2024-11-08,0,1
55e21337,CUST-03132,sample_followup,2024-11-15,0,1
b848c145,CUST-03132,reactivation,2025-01-27,0,0
eb268abe,CUST-03133,welcome,2024-05-04,1,0
f4b6c514,CUST-03133,reactivation,2024-07-26,0,0
a544b111,CUST-03134,welcome,2024-08-16,0,0
0a5ea5ff,CUST-03134,sample_followup,2024-08-25,1,0
19024bf9,CUST-03134,reactivation,2024-11-08,0,0
0c330201,CUST-03135,welcome,2025-02-04,0,0
b439aa99,CUST-03136,welcome,2025-05-01,1,0
800d59f4,CUST-03137,welcome,2025-04-20,1,0
ffe02078,CUST-03137,sample_followup,2025-04-25,1,0
c4bea877,CUST-03137,post_purchase,2025-06-12,1,0
3227d323,CUST-03138,welcome,2024-06-26,1,0
732ce89f,CUST-03138,sample_followup,2024-07-06,0,1
202e663c,CUST-03138,post_purchase,2024-07-30,1,0
bf6d4307,CUST-03139,welcome,2024-02-17,1,0
cd3fb3f0,CUST-03140,welcome,2025-01-07,0,0
56d5926f,CUST-03140,sample_followup,2025-01-25,1,0
fa84d246,CUST-03140,post_purchase,2025-03-08,0,0
8e0f4ee1,CUST-03141,welcome,2024-07-27,0,0
c1d1d399,CUST-03141,post_purchase,2024-09-05,0,0
db1b076e,CUST-03142,welcome,2024-02-16,0,0
1c43edd2,CUST-03143,welcome,2025-03-19,1,0
c284a10e,CUST-03144,welcome,2024-09-19,0,0
ad8f5cdc,CUST-03144,sample_followup,2024-09-24,1,0
2ae9cdc8,CUST-03144,project_nurture,2024-10-31,0,0
f6a256c9,CUST-03144,post_purchase,2024-11-23,1,0
3ee08c66,CUST-03145,welcome,2024-04-29,1,0
bcba2706,CUST-03146,welcome,2024-03-30,1,0
8935838a,CUST-03146,sample_followup,2024-04-20,0,0
1d2fa2a9,CUST-03146,post_purchase,2024-05-01,0,0
809d65d2,CUST-03147,welcome,2024-01-30,1,0
dbee893d,CUST-03147,sample_followup,2024-02-12,1,1
041c88a1,CUST-03147,post_purchase,2024-03-28,0,0
c3011365,CUST-03148,welcome,2025-05-05,0,0
48e4eec4,CUST-03148,sample_followup,2025-05-10,0,0
0931e3a5,CUST-03148,post_purchase,2025-07-06,0,0
d405ae4e,CUST-03149,welcome,2025-07-09,1,0
44b8fd25,CUST-03150,welcome,2024-03-18,1,0
8782f4ec,CUST-03150,sample_followup,2024-04-09,1,0
d4a43ad1,CUST-03150,post_purchase,2024-04-23,0,0
8a149525,CUST-03151,welcome,2024-07-23,0,0
f67bae46,CUST-03151,sample_followup,2024-07-26,0,0
2167fc02,CUST-03151,post_purchase,2024-08-06,1,1
532e4962,CUST-03152,welcome,2024-07-08,1,0
6a019599,CUST-03152,post_purchase,2024-08-08,1,1
d516e153,CUST-03153,welcome,2025-04-07,1,0
a0b674c8,CUST-03153,sample_followup,2025-04-15,0,0
2c9271ae,CUST-03153,post_purchase,2025-04-27,0,0
fb9b725e,CUST-03154,welcome,2024-08-22,1,0
628c6085,CUST-03154,sample_followup,2024-08-26,0,0
60227d43,CUST-03154,reactivation,2024-11-02,0,0
1bef1254,CUST-03155,welcome,2024-03-25,0,0
724594f6,CUST-03155,sample_followup,2024-04-03,1,0
cd7c1e3c,CUST-03155,reactivation,2024-05-02,0,0
5f3612c5,CUST-03156,welcome,2024-01-31,1,0
88b45c52,CUST-03156,post_purchase,2024-02-19,1,0
1d664dc7,CUST-03157,welcome,2024-03-16,0,0
c4c4c900,CUST-03157,sample_followup,2024-03-31,0,0
f36e1166,CUST-03157,reactivation,2024-05-22,0,0
a429f1c0,CUST-03158,welcome,2025-05-15,1,0
a2798ee3,CUST-03159,welcome,2024-12-16,1,0
08f08358,CUST-03159,sample_followup,2024-12-27,1,0
fe691cac,CUST-03159,reactivation,2025-02-03,1,0
379ce469,CUST-03160,welcome,2024-12-23,0,0
dc86f869,CUST-03160,sample_followup,2024-12-26,0,0
89825b80,CUST-03160,reactivation,2025-01-23,0,0
6c3d990c,CUST-03161,welcome,2025-08-11,0,0
ef1ddb24,CUST-03161,sample_followup,2025-08-21,0,0
8e37c39b,CUST-03162,welcome,2025-08-22,1,0
0baeb584,CUST-03162,sample_followup,2025-09-13,0,0
981951c3,CUST-03162,project_nurture,2025-10-18,0,0
5013dc7d,CUST-03162,post_purchase,2025-11-12,1,0
ffd1557a,CUST-03163,welcome,2025-08-18,1,0
9dc9dc21,CUST-03163,sample_followup,2025-08-22,1,0
e4fe190f,CUST-03164,welcome,2025-01-25,0,1
b016d63d,CUST-03164,sample_followup,2025-02-09,0,0
a8a680cd,CUST-03164,project_nurture,2025-03-03,1,0
4ef570fa,CUST-03164,trade_engagement,2025-05-01,0,0
7cd6b607,CUST-03165,welcome,2024-12-15,1,0
67c1ebb3,CUST-03165,sample_followup,2024-12-23,0,1
d01f8363,CUST-03165,post_purchase,2025-02-13,1,0
21ed3a28,CUST-03166,welcome,2024-09-29,1,0
9dcf8e4d,CUST-03166,sample_followup,2024-10-15,0,1
c43f90d4,CUST-03166,project_nurture,2024-11-11,0,0
f3b32270,CUST-03166,post_purchase,2024-12-07,1,0
b5b1a4b1,CUST-03167,welcome,2024-07-14,1,0
821c3379,CUST-03168,welcome,2025-01-13,0,0
7e81a8ad,CUST-03168,sample_followup,2025-01-18,1,0
6b9fdc5f,CUST-03168,reactivation,2025-03-11,1,0
bf52ceab,CUST-03169,welcome,2024-04-24,0,0
6ed30a24,CUST-03169,sample_followup,2024-05-17,1,0
bc21f606,CUST-03169,reactivation,2024-07-25,0,0
6e889642,CUST-03170,welcome,2025-07-10,1,0
0498bd24,CUST-03170,sample_followup,2025-07-21,1,1
9b9e15b0,CUST-03170,post_purchase,2025-08-15,1,0
1223dd04,CUST-03171,welcome,2025-02-24,0,0
fe5aa559,CUST-03171,sample_followup,2025-03-12,0,0
f4f8aa18,CUST-03171,post_purchase,2025-05-11,0,0
246ffc2c,CUST-03172,welcome,2025-08-08,0,0
954344de,CUST-03172,sample_followup,2025-08-28,0,0
2ed7ce15,CUST-03173,welcome,2024-10-10,0,1
76efe50f,CUST-03173,sample_followup,2024-10-21,1,0
b4586456,CUST-03173,post_purchase,2024-12-17,0,0
d4aab2f6,CUST-03174,welcome,2025-04-18,0,0
153c6647,CUST-03174,sample_followup,2025-05-01,1,0
68f810e0,CUST-03174,reactivation,2025-07-17,0,0
5552555c,CUST-03175,welcome,2024-02-19,0,0
c188d668,CUST-03176,welcome,2025-06-04,1,0
1ef86b5b,CUST-03176,sample_followup,2025-06-19,0,0
350a5517,CUST-03176,trade_engagement,2025-08-26,0,0
3d75122d,CUST-03177,welcome,2025-07-14,1,0
84585136,CUST-03177,sample_followup,2025-08-03,0,0
1d9e834a,CUST-03177,post_purchase,2025-08-29,1,0
7a535f46,CUST-03178,welcome,2024-07-01,1,0
e4eb3cbb,CUST-03178,sample_followup,2024-07-21,1,0
5d782c3f,CUST-03178,reactivation,2024-10-07,0,0
a1c614e4,CUST-03179,welcome,2024-01-06,0,0
61eb66ac,CUST-03179,sample_followup,2024-01-11,0,0
ad14263d,CUST-03179,reactivation,2024-02-19,0,0
c617be86,CUST-03180,welcome,2024-10-09,1,0
a893dbf8,CUST-03181,welcome,2024-05-12,1,1
1dd4191c,CUST-03181,post_purchase,2024-06-01,0,0
f097fc14,CUST-03182,welcome,2025-07-19,0,0
3c3617d3,CUST-03183,welcome,2024-10-16,0,0
78330210,CUST-03183,reactivation,2024-12-25,0,0
b319e00a,CUST-03184,welcome,2025-05-19,1,0
c8832c3d,CUST-03184,sample_followup,2025-05-29,1,0
89cf2f6b,CUST-03184,post_purchase,2025-06-30,0,1
3fab5424,CUST-03185,welcome,2024-07-07,1,0
7b73340e,CUST-03185,sample_followup,2024-07-12,0,0
6b608eb8,CUST-03185,post_purchase,2024-07-27,0,0
8739d402,CUST-03186,welcome,2024-07-28,0,0
de0eaee8,CUST-03186,sample_followup,2024-08-14,1,0
b8e21861,CUST-03186,post_purchase,2024-09-21,0,0
e21cbe80,CUST-03187,welcome,2025-05-03,0,0
7c199739,CUST-03187,reactivation,2025-06-21,0,1
c50dd2de,CUST-03188,welcome,2024-12-21,0,1
4dbc716a,CUST-03189,welcome,2025-04-29,1,0
a81bab20,CUST-03189,sample_followup,2025-05-19,0,0
9639ff1d,CUST-03189,post_purchase,2025-06-05,1,0
7aeecbf3,CUST-03190,welcome,2024-01-25,0,0
4b713664,CUST-03190,sample_followup,2024-02-01,1,0
50b4597b,CUST-03190,post_purchase,2024-02-20,0,1
8a96e023,CUST-03191,welcome,2025-01-08,0,1
cf660622,CUST-03191,sample_followup,2025-01-25,0,0
05388a67,CUST-03191,project_nurture,2025-03-02,1,0
917cc386,CUST-03191,post_purchase,2025-03-01,1,0
2e1f9de1,CUST-03192,welcome,2025-04-18,0,0
1e550963,CUST-03192,sample_followup,2025-04-24,0,0
4e5e89df,CUST-03192,reactivation,2025-06-21,0,0
8321c9d0,CUST-03193,welcome,2024-07-11,1,0
6c744808,CUST-03193,post_purchase,2024-08-11,1,0
e8f9a88c,CUST-03194,welcome,2025-02-22,1,0
8e99e635,CUST-03194,post_purchase,2025-04-14,0,1
6551af80,CUST-03195,welcome,2025-02-17,1,0
87053536,CUST-03196,welcome,2024-02-26,1,0
c4664724,CUST-03197,welcome,2024-07-08,1,0
b86b44e6,CUST-03197,sample_followup,2024-07-14,0,0
ea8c8410,CUST-03197,post_purchase,2024-09-01,0,0
98db75fc,CUST-03198,welcome,2024-05-26,0,0
0aab4881,CUST-03199,welcome,2025-03-30,1,0
b5550ecd,CUST-03199,sample_followup,2025-04-11,0,0
57311fbc,CUST-03199,reactivation,2025-05-31,0,0
02f05670,CUST-03200,welcome,2024-11-27,1,0
275b256f,CUST-03200,sample_followup,2024-12-01,0,0
736ca806,CUST-03200,post_purchase,2025-01-12,0,0
