event_id,customer_id,event_type,event_date,sku_collection,channel,amount
9e666a40,CUST-00001,site_visit,2024-10-08,,organic_search,
83527028,CUST-00001,visualizer_use,2024-10-14,Original Ceramic - Aegean,organic_search,
e2d74b7d,CUST-00001,sample_request,2024-10-12,Natural Press - Oatmeal,organic_search,
7a1f7731,CUST-00001,sample_request,2024-11-06,Thin Brick - Terracotta,organic_search,
4af77cdc,CUST-00001,purchase,2024-11-02,Natural Press - Sable,organic_search,1028.89
a5ea67df,CUST-00002,site_visit,2024-12-10,,organic_search,
e600533b,CUST-00003,site_visit,2025-07-19,,trade_show,
e4630c04,CUST-00003,sample_request,2025-07-26,Original Ceramic - Sage,trade_show,
08b7f864,CUST-00003,project_upload,2025-08-16,,trade_show,
c0c28d95,CUST-00003,purchase,2025-08-06,Original Ceramic - Clamshell,trade_show,16697.32
daa7e2ec,CUST-00004,site_visit,2024-02-27,,direct,
47f34c26,CUST-00004,sample_request,2024-03-08,Natural Press - Oatmeal,direct,
90dd178d,CUST-00004,purchase,2024-03-31,Thin Brick - Terracotta,direct,595.48
7fd517ac,CUST-00005,site_visit,2024-05-21,,organic_search,
2fee8b5d,CUST-00005,visualizer_use,2024-05-31,Glass - Seaglass,organic_search,
2692ba09,CUST-00005,sample_request,2024-05-28,Glass - Seaglass,organic_search,
baa73e07,CUST-00005,sample_request,2024-06-19,Original Ceramic - Aegean,organic_search,
49d4fdfa,CUST-00006,site_visit,2024-04-24,,showroom_walkin,
c64b1fed,CUST-00006,visualizer_use,2024-05-02,Original Ceramic - Clamshell,showroom_walkin,
709f7f3b,CUST-00006,sample_request,2024-04-26,Thin Brick - Charcoal,showroom_walkin,
3c91238c,CUST-00006,purchase,2024-06-20,Glass - Champagne,showroom_walkin,626.17
219bfaad,CUST-00007,site_visit,2024-11-10,,architect_referral,
60ff133c,CUST-00007,sample_request,2024-12-01,Glass - Midnight,architect_referral,
722544a1,CUST-00008,site_visit,2025-01-17,,paid_social,
de185fd9,CUST-00008,visualizer_use,2025-01-25,Natural Press - Oatmeal,paid_social,
9a767acc,CUST-00008,sample_request,2025-01-18,Original Ceramic - Sage,paid_social,
1d4b2066,CUST-00008,sample_request,2025-01-24,Natural Press - Fog,paid_social,
74b6bb67,CUST-00008,purchase,2025-02-09,Glass - Midnight,paid_social,789.87
b730fbda,CUST-00009,site_visit,2025-02-20,,direct,
503ea6cf,CUST-00009,sample_request,2025-03-12,Thin Brick - Charcoal,direct,
4f741169,CUST-00010,site_visit,2025-04-18,,organic_search,
820db77b,CUST-00010,visualizer_use,2025-04-28,Glass - Champagne,organic_search,
bf26a53a,CUST-00010,sample_request,2025-04-20,Natural Press - Oatmeal,organic_search,
eb084cbb,CUST-00010,sample_request,2025-05-07,Original Ceramic - Aegean,organic_search,
6e7f2d26,CUST-00010,purchase,2025-04-27,Natural Press - Sable,organic_search,1779.43
d698f9ae,CUST-00011,site_visit,2025-05-13,,architect_referral,
7b8957e7,CUST-00011,visualizer_use,2025-05-18,Original Ceramic - Aegean,architect_referral,
45919072,CUST-00011,sample_request,2025-05-21,Glass - Champagne,architect_referral,
4e042893,CUST-00011,sample_request,2025-06-11,Original Ceramic - Sage,architect_referral,
67b74771,CUST-00012,site_visit,2025-08-06,,organic_search,
b6451a6e,CUST-00012,sample_request,2025-08-14,Natural Press - Oatmeal,organic_search,
37884de1,CUST-00012,sample_request,2025-08-23,Thin Brick - Charcoal,organic_search,
e5cf9003,CUST-00012,purchase,2025-09-19,Original Ceramic - Sage,organic_search,842.65
7e328c55,CUST-00013,site_visit,2024-09-07,,direct,
6ef0355c,CUST-00013,visualizer_use,2024-09-15,Natural Press - Sable,direct,
d6172a1c,CUST-00013,purchase,2024-09-22,Original Ceramic - Sage,direct,8494.29
4918eca3,CUST-00013,repeat_purchase,2025-01-13,Natural Press - Oatmeal,direct,14860.54
b445cdcd,CUST-00014,site_visit,2024-09-14,,trade_show,
fa4ea2e0,CUST-00014,sample_request,2024-09-28,Glass - Champagne,trade_show,
d207c57e,CUST-00015,site_visit,2024-05-10,,organic_search,
8fabf9fd,CUST-00015,sample_request,2024-05-17,Thin Brick - Charcoal,organic_search,
fa3ab349,CUST-00015,purchase,2024-07-02,Natural Press - Oatmeal,organic_search,1449.27
d923ed75,CUST-00016,site_visit,2024-12-06,,showroom_walkin,
1a1165f8,CUST-00016,sample_request,2024-12-07,Glass - Midnight,showroom_walkin,
66e0338b,CUST-00016,purchase,2025-02-02,Natural Press - Oatmeal,showroom_walkin,1619.85
675f7b4a,CUST-00017,site_visit,2025-06-05,,trade_show,
8322444b,CUST-00017,sample_request,2025-06-08,Thin Brick - Weathered White,trade_show,
a4ec6a68,CUST-00018,site_visit,2025-06-16,,paid_social,
e9393f94,CUST-00019,site_visit,2024-05-07,,architect_referral,
ddd921b8,CUST-00019,sample_request,2024-05-28,Glass - Seaglass,architect_referral,
8531c037,CUST-00019,purchase,2024-07-09,Natural Press - Sable,architect_referral,1567.22
c94e3208,CUST-00020,site_visit,2024-08-06,,paid_social,
d0d468f8,CUST-00020,visualizer_use,2024-08-14,Thin Brick - Charcoal,paid_social,
5aacdec4,CUST-00020,sample_request,2024-08-12,Original Ceramic - Sage,paid_social,
1fb1b90c,CUST-00020,purchase,2024-08-31,Original Ceramic - Aegean,paid_social,606.3
050cf692,CUST-00021,site_visit,2025-01-28,,trade_show,
e9c3cf50,CUST-00021,sample_request,2025-02-13,Glass - Midnight,trade_show,
a5902092,CUST-00022,site_visit,2025-03-29,,trade_show,
3817aafb,CUST-00022,sample_request,2025-04-13,Glass - Midnight,trade_show,
ccb77942,CUST-00023,site_visit,2024-08-28,,showroom_walkin,
14243245,CUST-00023,sample_request,2024-09-03,Original Ceramic - Sage,showroom_walkin,
bbe28792,CUST-00023,purchase,2024-11-02,Thin Brick - Weathered White,showroom_walkin,988.2
dcc60922,CUST-00024,site_visit,2024-11-01,,email_capture,
86e927ae,CUST-00024,sample_request,2024-11-08,Glass - Midnight,email_capture,
35144c01,CUST-00024,sample_request,2024-11-23,Thin Brick - Charcoal,email_capture,
d3d51167,CUST-00024,purchase,2024-12-10,Glass - Midnight,email_capture,1413.85
e8a90e83,CUST-00025,site_visit,2024-03-26,,architect_referral,
d9508aa2,CUST-00025,visualizer_use,2024-03-31,Natural Press - Fog,architect_referral,
4a1ae28b,CUST-00025,sample_request,2024-04-02,Natural Press - Sable,architect_referral,
10d18bd3,CUST-00025,sample_request,2024-04-09,Glass - Midnight,architect_referral,
5a8be813,CUST-00025,purchase,2024-05-13,Natural Press - Fog,architect_referral,472.92
59c40703,CUST-00026,site_visit,2025-04-29,,paid_social,
83aa6d59,CUST-00026,visualizer_use,2025-05-08,Thin Brick - Terracotta,paid_social,
19c5db15,CUST-00026,sample_request,2025-05-12,Original Ceramic - Clamshell,paid_social,
1ea0dc08,CUST-00026,sample_request,2025-05-26,Thin Brick - Weathered White,paid_social,
e53efcc9,CUST-00026,purchase,2025-06-12,Thin Brick - Terracotta,paid_social,955.32
5fb536a0,CUST-00027,site_visit,2024-05-03,,trade_show,
30407a12,CUST-00027,visualizer_use,2024-05-09,Glass - Midnight,trade_show,
b9db93cd,CUST-00027,sample_request,2024-05-09,Thin Brick - Charcoal,trade_show,
e69dd9d1,CUST-00028,site_visit,2025-03-22,,paid_social,
2492a82f,CUST-00028,sample_request,2025-04-05,Thin Brick - Weathered White,paid_social,
79cd5213,CUST-00028,sample_request,2025-04-20,Original Ceramic - Clamshell,paid_social,
43277cf4,CUST-00028,purchase,2025-05-04,Natural Press - Fog,paid_social,1516.97
a5ce996e,CUST-00029,site_visit,2024-09-04,,organic_search,
056d1ebd,CUST-00029,purchase,2024-09-25,Natural Press - Oatmeal,organic_search,966.16
c83cc61f,CUST-00030,site_visit,2024-12-04,,trade_show,
0893e458,CUST-00030,visualizer_use,2024-12-05,Thin Brick - Terracotta,trade_show,
4bc0de41,CUST-00030,sample_request,2024-12-17,Thin Brick - Terracotta,trade_show,
b45eb13c,CUST-00031,site_visit,2024-08-20,,organic_search,
2165a792,CUST-00031,sample_request,2024-08-24,Thin Brick - Charcoal,organic_search,
12dc72a1,CUST-00032,site_visit,2025-05-04,,showroom_walkin,
8852e5bf,CUST-00033,site_visit,2025-03-02,,paid_social,
00c64324,CUST-00033,sample_request,2025-03-21,Original Ceramic - Aegean,paid_social,
e56bca60,CUST-00033,project_upload,2025-04-06,,paid_social,
904ae702,CUST-00033,purchase,2025-04-01,Glass - Seaglass,paid_social,5925.48
fb3bcc7a,CUST-00033,repeat_purchase,2025-07-29,Natural Press - Sable,paid_social,7043.51
b814336f,CUST-00034,site_visit,2024-09-27,,showroom_walkin,
665854f1,CUST-00035,site_visit,2024-11-10,,organic_search,
cfc487b4,CUST-00036,site_visit,2024-03-23,,paid_social,
54fde3ac,CUST-00036,visualizer_use,2024-04-02,Thin Brick - Weathered White,paid_social,
48ca4031,CUST-00036,sample_request,2024-03-24,Thin Brick - Charcoal,paid_social,
a56af21e,CUST-00036,purchase,2024-05-03,Natural Press - Sable,paid_social,1312.11
29c83c69,CUST-00037,site_visit,2024-12-07,,paid_social,
9657862e,CUST-00037,visualizer_use,2024-12-13,Glass - Champagne,paid_social,
2433295c,CUST-00037,sample_request,2024-12-09,Natural Press - Fog,paid_social,
73a578eb,CUST-00038,site_visit,2024-07-11,,paid_social,
c69159b0,CUST-00038,visualizer_use,2024-07-19,Original Ceramic - Clamshell,paid_social,
cedd9a53,CUST-00039,site_visit,2024-06-11,,architect_referral,
82106452,CUST-00039,sample_request,2024-06-14,Thin Brick - Charcoal,architect_referral,
24489f21,CUST-00039,purchase,2024-07-08,Glass - Midnight,architect_referral,981.69
bb0defe8,CUST-00040,site_visit,2024-05-19,,trade_show,
730f20b3,CUST-00040,sample_request,2024-06-06,Thin Brick - Weathered White,trade_show,
8e2bee18,CUST-00041,site_visit,2024-09-01,,direct,
b083533d,CUST-00042,site_visit,2024-02-07,,organic_search,
26c449b9,CUST-00042,sample_request,2024-02-21,Original Ceramic - Aegean,organic_search,
e0c228dd,CUST-00042,purchase,2024-03-29,Natural Press - Sable,organic_search,1494.14
7a3e29a1,CUST-00043,site_visit,2025-01-24,,architect_referral,
5ec7ef1c,CUST-00043,sample_request,2025-01-26,Glass - Seaglass,architect_referral,
74da413a,CUST-00043,project_upload,2025-02-10,,architect_referral,
a179f4b0,CUST-00043,purchase,2025-02-05,Natural Press - Fog,architect_referral,9182.15
54429a6c,CUST-00044,site_visit,2025-01-26,,organic_search,
afead705,CUST-00044,sample_request,2025-02-16,Original Ceramic - Aegean,organic_search,
ea4df347,CUST-00044,sample_request,2025-03-10,Original Ceramic - Clamshell,organic_search,
ec0938cc,CUST-00044,purchase,2025-03-17,Natural Press - Sable,organic_search,1782.71
c01f4bc1,CUST-00045,site_visit,2025-05-09,,paid_social,
52d9844f,CUST-00045,visualizer_use,2025-05-19,Glass - Seaglass,paid_social,
a52d2a83,CUST-00045,sample_request,2025-05-19,Thin Brick - Charcoal,paid_social,
e7972476,CUST-00046,site_visit,2024-12-26,,trade_show,
c3367c42,CUST-00046,sample_request,2025-01-13,Natural Press - Fog,trade_show,
c5aa1923,CUST-00047,site_visit,2024-10-06,,paid_social,
d554da13,CUST-00047,sample_request,2024-10-09,Glass - Midnight,paid_social,
a2bcfab4,CUST-00048,site_visit,2024-04-02,,trade_show,
5e9b6426,CUST-00049,site_visit,2025-07-28,,referral,
448c59ed,CUST-00049,sample_request,2025-08-10,Original Ceramic - Sage,referral,
4b91db7d,CUST-00049,sample_request,2025-08-30,Original Ceramic - Sage,referral,
3465a8d1,CUST-00049,purchase,2025-09-20,Glass - Midnight,referral,589.93
e3790487,CUST-00050,site_visit,2025-02-28,,architect_referral,
d02f9a13,CUST-00050,sample_request,2025-03-14,Natural Press - Oatmeal,architect_referral,
1a9dae32,CUST-00050,purchase,2025-05-01,Glass - Seaglass,architect_referral,902.14
72fef544,CUST-00051,site_visit,2024-01-22,,organic_search,
b19b8332,CUST-00051,visualizer_use,2024-01-30,Natural Press - Oatmeal,organic_search,
d694f45a,CUST-00051,sample_request,2024-02-05,Natural Press - Oatmeal,organic_search,
a0507245,CUST-00051,purchase,2024-02-21,Glass - Champagne,organic_search,1782.54
f0f4e478,CUST-00052,site_visit,2024-09-28,,organic_search,
da834202,CUST-00052,sample_request,2024-10-16,Original Ceramic - Sage,organic_search,
ca16664f,CUST-00053,site_visit,2024-03-03,,email_capture,
aa78addb,CUST-00054,site_visit,2025-08-22,,organic_search,
a048aef6,CUST-00054,sample_request,2025-08-25,Thin Brick - Charcoal,organic_search,
95bee181,CUST-00054,purchase,2025-09-29,Glass - Seaglass,organic_search,1643.33
5370d756,CUST-00055,site_visit,2024-06-05,,organic_search,
41bfc011,CUST-00056,site_visit,2024-12-03,,showroom_walkin,
5d17f892,CUST-00056,sample_request,2024-12-12,Thin Brick - Weathered White,showroom_walkin,
9347bf8b,CUST-00056,purchase,2025-01-18,Original Ceramic - Sage,showroom_walkin,713.94
ea0d6465,CUST-00056,repeat_purchase,2025-05-29,Glass - Seaglass,showroom_walkin,1046.33
1817ea38,CUST-00057,site_visit,2025-07-24,,architect_referral,
9739dbae,CUST-00057,sample_request,2025-07-28,Thin Brick - Weathered White,architect_referral,
35bebf8e,CUST-00057,purchase,2025-09-06,Glass - Seaglass,architect_referral,7320.16
594c60f6,CUST-00058,site_visit,2024-02-23,,organic_search,
12d0458c,CUST-00058,sample_request,2024-03-08,Glass - Seaglass,organic_search,
4bc2d98f,CUST-00058,sample_request,2024-03-26,Original Ceramic - Sage,organic_search,
94b3a393,CUST-00058,purchase,2024-04-27,Glass - Champagne,organic_search,1230.39
a45e330c,CUST-00059,site_visit,2024-08-04,,paid_social,
13754e39,CUST-00059,sample_request,2024-08-21,Thin Brick - Terracotta,paid_social,
2f90bd30,CUST-00059,purchase,2024-09-22,Original Ceramic - Aegean,paid_social,1606.47
beb4723c,CUST-00059,repeat_purchase,2025-02-09,Thin Brick - Weathered White,paid_social,1048.49
4ea2fb2f,CUST-00060,site_visit,2025-02-18,,paid_social,
0e0d19b6,CUST-00060,sample_request,2025-03-03,Original Ceramic - Sage,paid_social,
83fa2e52,CUST-00060,purchase,2025-03-29,Natural Press - Oatmeal,paid_social,1444.13
e512b95a,CUST-00061,site_visit,2024-05-31,,email_capture,
fba895b0,CUST-00061,sample_request,2024-06-20,Glass - Midnight,email_capture,
28522c57,CUST-00062,site_visit,2024-11-19,,direct,
65943028,CUST-00062,sample_request,2024-11-21,Natural Press - Sable,direct,
07b78a60,CUST-00062,sample_request,2024-12-05,Original Ceramic - Sage,direct,
4114b7bf,CUST-00062,purchase,2024-12-03,Glass - Champagne,direct,1261.01
5549b09e,CUST-00063,site_visit,2025-08-08,,email_capture,
501cf635,CUST-00063,visualizer_use,2025-08-13,Thin Brick - Terracotta,email_capture,
036af4a6,CUST-00063,sample_request,2025-08-19,Original Ceramic - Clamshell,email_capture,
5d8b5fb4,CUST-00064,site_visit,2024-10-16,,paid_social,
b520427f,CUST-00064,sample_request,2024-10-19,Glass - Champagne,paid_social,
1004914f,CUST-00065,site_visit,2024-12-24,,showroom_walkin,
d6cc67d5,CUST-00065,sample_request,2025-01-05,Thin Brick - Charcoal,showroom_walkin,
ac971c77,CUST-00066,site_visit,2025-06-04,,showroom_walkin,
5da80fe2,CUST-00066,sample_request,2025-06-08,Original Ceramic - Clamshell,showroom_walkin,
f26a7c44,CUST-00066,sample_request,2025-07-07,Glass - Champagne,showroom_walkin,
3a81cc7c,CUST-00067,site_visit,2024-05-14,,showroom_walkin,
77c76a14,CUST-00067,sample_request,2024-05-28,Original Ceramic - Aegean,showroom_walkin,
c10cb063,CUST-00067,sample_request,2024-06-16,Thin Brick - Weathered White,showroom_walkin,
389cdc65,CUST-00067,purchase,2024-07-21,Natural Press - Oatmeal,showroom_walkin,1497.32
c622ca2d,CUST-00068,site_visit,2025-08-07,,trade_show,
08709ef7,CUST-00068,visualizer_use,2025-08-16,Original Ceramic - Clamshell,trade_show,
79196807,CUST-00068,purchase,2025-09-13,Glass - Champagne,trade_show,23003.98
b9d2b914,CUST-00069,site_visit,2025-06-09,,referral,
1ed6fe70,CUST-00069,sample_request,2025-06-20,Natural Press - Oatmeal,referral,
86812807,CUST-00069,project_upload,2025-07-03,,referral,
c15f0071,CUST-00069,purchase,2025-06-29,Glass - Midnight,referral,9027.73
9537c78b,CUST-00070,site_visit,2024-09-19,,organic_search,
e63f2cec,CUST-00070,visualizer_use,2024-09-23,Natural Press - Oatmeal,organic_search,
c9691a88,CUST-00070,sample_request,2024-09-20,Natural Press - Oatmeal,organic_search,
527c38a1,CUST-00070,purchase,2024-10-28,Original Ceramic - Aegean,organic_search,1235.43
68064289,CUST-00071,site_visit,2025-06-20,,showroom_walkin,
8607bcb9,CUST-00071,sample_request,2025-07-05,Original Ceramic - Aegean,showroom_walkin,
369657ec,CUST-00071,sample_request,2025-07-10,Natural Press - Fog,showroom_walkin,
068421de,CUST-00072,site_visit,2024-12-06,,referral,
bd89160a,CUST-00072,sample_request,2024-12-21,Thin Brick - Charcoal,referral,
05339207,CUST-00073,site_visit,2024-11-13,,organic_search,
1526646f,CUST-00073,sample_request,2024-11-14,Thin Brick - Charcoal,organic_search,
a635a6f4,CUST-00074,site_visit,2025-05-24,,organic_search,
83e870b0,CUST-00074,visualizer_use,2025-06-02,Original Ceramic - Clamshell,organic_search,
eec646ac,CUST-00074,sample_request,2025-05-30,Original Ceramic - Sage,organic_search,
e3dd15fd,CUST-00075,site_visit,2024-12-27,,showroom_walkin,
9f6724a7,CUST-00075,visualizer_use,2025-01-06,Glass - Seaglass,showroom_walkin,
b3ca39de,CUST-00075,sample_request,2025-01-09,Thin Brick - Terracotta,showroom_walkin,
50ec9328,CUST-00075,sample_request,2025-02-02,Thin Brick - Charcoal,showroom_walkin,
8344c3b2,CUST-00076,site_visit,2025-08-03,,referral,
368be02f,CUST-00076,sample_request,2025-08-19,Natural Press - Fog,referral,
1b1864bb,CUST-00076,sample_request,2025-08-27,Original Ceramic - Aegean,referral,
8b9812be,CUST-00076,purchase,2025-09-26,Glass - Champagne,referral,1124.84
8df9fbea,CUST-00077,site_visit,2024-07-23,,email_capture,
2b00a29d,CUST-00078,site_visit,2024-03-07,,architect_referral,
8007d6e1,CUST-00078,purchase,2024-03-26,Natural Press - Oatmeal,architect_referral,21051.16
9433beb6,CUST-00079,site_visit,2024-03-29,,trade_show,
f4e8a73d,CUST-00080,site_visit,2025-07-18,,referral,
4b427692,CUST-00080,visualizer_use,2025-07-19,Glass - Champagne,referral,
f1b35cb1,CUST-00080,sample_request,2025-07-21,Original Ceramic - Clamshell,referral,
2c52d71e,CUST-00080,sample_request,2025-08-11,Natural Press - Sable,referral,
25ce9be7,CUST-00081,site_visit,2024-10-08,,email_capture,
f0dfc48b,CUST-00081,sample_request,2024-10-13,Thin Brick - Charcoal,email_capture,
dfa49ce7,CUST-00082,site_visit,2025-08-13,,showroom_walkin,
2ad50ae0,CUST-00083,site_visit,2025-02-19,,trade_show,
32222fcf,CUST-00083,sample_request,2025-03-01,Thin Brick - Terracotta,trade_show,
073871cb,CUST-00084,site_visit,2024-04-09,,organic_search,
5c511813,CUST-00084,sample_request,2024-04-19,Thin Brick - Weathered White,organic_search,
63d539bc,CUST-00084,sample_request,2024-05-10,Glass - Midnight,organic_search,
1b5a3d5b,CUST-00084,purchase,2024-05-15,Original Ceramic - Sage,organic_search,1096.32
60351a98,CUST-00085,site_visit,2025-04-26,,direct,
5d4873b4,CUST-00086,site_visit,2024-07-18,,referral,
53e23304,CUST-00086,visualizer_use,2024-07-27,Thin Brick - Charcoal,referral,
baa7001f,CUST-00086,sample_request,2024-07-21,Original Ceramic - Sage,referral,
c6d32ab8,CUST-00087,site_visit,2024-02-09,,organic_search,
09844254,CUST-00087,sample_request,2024-02-28,Natural Press - Fog,organic_search,
83d98d75,CUST-00087,purchase,2024-03-27,Glass - Champagne,organic_search,1110.24
49a38ea5,CUST-00088,site_visit,2025-03-02,,showroom_walkin,
8ee2bc42,CUST-00088,sample_request,2025-03-22,Thin Brick - Weathered White,showroom_walkin,
d4d12a0b,CUST-00088,purchase,2025-05-08,Glass - Seaglass,showroom_walkin,1409.66
f3b7fd41,CUST-00089,site_visit,2025-02-26,,paid_social,
7842fe5f,CUST-00089,sample_request,2025-03-02,Glass - Champagne,paid_social,
f1cc1ace,CUST-00090,site_visit,2024-09-27,,referral,
e1d36a17,CUST-00091,site_visit,2025-05-15,,architect_referral,
45e1a2ad,CUST-00091,visualizer_use,2025-05-24,Thin Brick - Charcoal,architect_referral,
a5424912,CUST-00091,sample_request,2025-05-22,Natural Press - Fog,architect_referral,
c673c85a,CUST-00091,sample_request,2025-06-05,Thin Brick - Terracotta,architect_referral,
e5ef3ff9,CUST-00091,purchase,2025-06-26,Thin Brick - Terracotta,architect_referral,1318.36
9a6c7be5,CUST-00092,site_visit,2025-08-23,,organic_search,
4359c5da,CUST-00092,visualizer_use,2025-08-29,Natural Press - Fog,organic_search,
011823ba,CUST-00092,sample_request,2025-08-25,Thin Brick - Charcoal,organic_search,
b6f8f549,CUST-00093,site_visit,2025-05-02,,direct,
99cf8ee2,CUST-00093,visualizer_use,2025-05-03,Thin Brick - Charcoal,direct,
1e6e6744,CUST-00093,sample_request,2025-05-11,Thin Brick - Terracotta,direct,
68d70225,CUST-00093,purchase,2025-07-10,Original Ceramic - Aegean,direct,646.1
6a0bc3fe,CUST-00094,site_visit,2024-02-08,,direct,
6a5e6c68,CUST-00095,site_visit,2024-04-25,,organic_search,
4a8fe5b7,CUST-00096,site_visit,2025-02-19,,referral,
07fee838,CUST-00096,sample_request,2025-02-27,Glass - Seaglass,referral,
dc380b4c,CUST-00096,project_upload,2025-04-01,,referral,
d491d4fd,CUST-00096,purchase,2025-03-09,Glass - Midnight,referral,18093.31
05761c27,CUST-00097,site_visit,2024-04-30,,paid_social,
e4953e6c,CUST-00098,site_visit,2025-07-04,,direct,
47f64a06,CUST-00098,sample_request,2025-07-15,Original Ceramic - Sage,direct,
80630582,CUST-00099,site_visit,2024-04-29,,referral,
0dd9639c,CUST-00099,visualizer_use,2024-05-01,Glass - Champagne,referral,
0fa894fa,CUST-00099,sample_request,2024-05-09,Original Ceramic - Aegean,referral,
55701915,CUST-00099,purchase,2024-06-01,Thin Brick - Terracotta,referral,1543.03
fca571a9,CUST-00100,site_visit,2024-03-11,,organic_search,
ec39f312,CUST-00101,site_visit,2025-01-21,,trade_show,
95528d28,CUST-00101,visualizer_use,2025-01-24,Original Ceramic - Aegean,trade_show,
e548896c,CUST-00102,site_visit,2024-09-10,,direct,
e8c0689f,CUST-00102,visualizer_use,2024-09-20,Glass - Seaglass,direct,
85b94e27,CUST-00102,sample_request,2024-09-11,Natural Press - Oatmeal,direct,
3df9a14e,CUST-00102,sample_request,2024-10-05,Thin Brick - Charcoal,direct,
824a84b9,CUST-00103,site_visit,2024-02-27,,referral,
163e29a5,CUST-00103,visualizer_use,2024-03-07,Thin Brick - Charcoal,referral,
5eb8b16d,CUST-00103,sample_request,2024-03-02,Natural Press - Sable,referral,
ef4da015,CUST-00103,purchase,2024-03-26,Thin Brick - Weathered White,referral,485.34
58ede8e6,CUST-00104,site_visit,2025-01-25,,email_capture,
ab67605b,CUST-00104,sample_request,2025-02-01,Natural Press - Sable,email_capture,
3189a980,CUST-00104,purchase,2025-03-06,Glass - Champagne,email_capture,1754.9
fdf3edcf,CUST-00105,site_visit,2024-07-14,,showroom_walkin,
33e6cc22,CUST-00105,visualizer_use,2024-07-23,Thin Brick - Terracotta,showroom_walkin,
7a42a23e,CUST-00105,sample_request,2024-07-18,Glass - Midnight,showroom_walkin,
e1411615,CUST-00106,site_visit,2025-05-05,,email_capture,
e09977b8,CUST-00106,visualizer_use,2025-05-09,Glass - Seaglass,email_capture,
e117f90f,CUST-00106,sample_request,2025-05-16,Natural Press - Fog,email_capture,
bd1092a1,CUST-00106,purchase,2025-07-13,Glass - Midnight,email_capture,1773.85
3068f8bc,CUST-00107,site_visit,2024-05-29,,paid_social,
de3faae9,CUST-00107,visualizer_use,2024-06-03,Natural Press - Oatmeal,paid_social,
60c51079,CUST-00107,sample_request,2024-06-12,Natural Press - Oatmeal,paid_social,
ee89b260,CUST-00107,purchase,2024-08-10,Thin Brick - Terracotta,paid_social,1084.07
2060b2e5,CUST-00107,repeat_purchase,2025-04-30,Original Ceramic - Clamshell,paid_social,757.83
5d6818ce,CUST-00108,site_visit,2025-07-09,,email_capture,
ed4de3d7,CUST-00108,visualizer_use,2025-07-09,Glass - Seaglass,email_capture,
691e0e86,CUST-00108,sample_request,2025-07-20,Natural Press - Oatmeal,email_capture,
0c26bb7b,CUST-00108,sample_request,2025-08-08,Natural Press - Fog,email_capture,
555cee5e,CUST-00108,purchase,2025-09-05,Thin Brick - Weathered White,email_capture,1333.46
ecfc7ca8,CUST-00109,site_visit,2024-10-08,,referral,
810b135f,CUST-00109,purchase,2024-10-21,Natural Press - Oatmeal,referral,1134.14
d9483480,CUST-00110,site_visit,2024-08-19,,organic_search,
ed7bf8dc,CUST-00110,sample_request,2024-08-31,Glass - Seaglass,organic_search,
b462e4ce,CUST-00110,sample_request,2024-09-10,Original Ceramic - Sage,organic_search,
60496823,CUST-00110,purchase,2024-10-04,Natural Press - Fog,organic_search,1302.87
16a9ce6b,CUST-00110,repeat_purchase,2025-04-17,Natural Press - Oatmeal,organic_search,1494.9
cb9f5813,CUST-00111,site_visit,2024-10-14,,email_capture,
9769e030,CUST-00111,sample_request,2024-10-26,Original Ceramic - Sage,email_capture,
ce2fe0f9,CUST-00112,site_visit,2024-03-21,,paid_social,
4a832c06,CUST-00113,site_visit,2024-10-06,,trade_show,
67447048,CUST-00113,visualizer_use,2024-10-15,Natural Press - Sable,trade_show,
2f22707b,CUST-00114,site_visit,2025-02-02,,paid_social,
05b75c81,CUST-00114,visualizer_use,2025-02-03,Original Ceramic - Clamshell,paid_social,
a9f29580,CUST-00114,sample_request,2025-02-11,Glass - Champagne,paid_social,
d2c5af59,CUST-00114,sample_request,2025-03-05,Original Ceramic - Sage,paid_social,
60d173db,CUST-00114,project_upload,2025-03-18,,paid_social,
590c3e65,CUST-00114,purchase,2025-04-08,Glass - Champagne,paid_social,4215.85
8e86a32e,CUST-00115,site_visit,2024-06-20,,organic_search,
f6091d8c,CUST-00116,site_visit,2024-05-18,,referral,
a71a6bbe,CUST-00116,sample_request,2024-05-31,Thin Brick - Charcoal,referral,
2f552c6f,CUST-00116,sample_request,2024-06-27,Natural Press - Oatmeal,referral,
364eb55a,CUST-00116,purchase,2024-06-18,Natural Press - Fog,referral,1750.4
a4972092,CUST-00117,site_visit,2025-02-06,,paid_social,
2b6f586b,CUST-00117,sample_request,2025-02-20,Thin Brick - Terracotta,paid_social,
6a5bdbfb,CUST-00117,purchase,2025-04-18,Thin Brick - Charcoal,paid_social,1513.06
f9aa88ae,CUST-00118,site_visit,2024-03-16,,architect_referral,
379c00e1,CUST-00118,sample_request,2024-04-02,Original Ceramic - Aegean,architect_referral,
92bb1c89,CUST-00118,purchase,2024-05-19,Original Ceramic - Sage,architect_referral,1680.16
58cf3532,CUST-00119,site_visit,2025-02-13,,email_capture,
977bdbee,CUST-00119,sample_request,2025-03-03,Thin Brick - Terracotta,email_capture,
fbbcdb3b,CUST-00120,site_visit,2024-10-29,,trade_show,
c8d8ae87,CUST-00121,site_visit,2025-04-08,,organic_search,
3f1c3ddc,CUST-00121,sample_request,2025-04-13,Thin Brick - Terracotta,organic_search,
d0cd8c84,CUST-00121,sample_request,2025-05-05,Glass - Seaglass,organic_search,
96c6d755,CUST-00122,site_visit,2025-02-09,,showroom_walkin,
61d7031c,CUST-00122,visualizer_use,2025-02-12,Natural Press - Oatmeal,showroom_walkin,
4488c824,CUST-00122,sample_request,2025-02-21,Original Ceramic - Sage,showroom_walkin,
5baacf80,CUST-00122,purchase,2025-03-12,Natural Press - Sable,showroom_walkin,1040.57
db9f466a,CUST-00123,site_visit,2024-12-22,,trade_show,
b4c5f5a5,CUST-00123,visualizer_use,2024-12-31,Thin Brick - Weathered White,trade_show,
f35a7bc7,CUST-00123,sample_request,2024-12-25,Natural Press - Fog,trade_show,
875dbdf7,CUST-00123,sample_request,2025-01-21,Original Ceramic - Clamshell,trade_show,
870ada98,CUST-00123,purchase,2025-01-27,Thin Brick - Weathered White,trade_show,1235.0
080a01a3,CUST-00124,site_visit,2025-07-22,,email_capture,
d7d725d7,CUST-00124,visualizer_use,2025-07-27,Original Ceramic - Aegean,email_capture,
550106fc,CUST-00124,sample_request,2025-07-26,Glass - Seaglass,email_capture,
38415488,CUST-00125,site_visit,2024-06-20,,referral,
7eaf87fd,CUST-00125,visualizer_use,2024-06-24,Original Ceramic - Clamshell,referral,
d07b836a,CUST-00125,sample_request,2024-06-30,Thin Brick - Terracotta,referral,
07f63986,CUST-00125,purchase,2024-07-24,Natural Press - Fog,referral,1485.16
0d9df24c,CUST-00126,site_visit,2024-09-10,,paid_social,
7f815ed2,CUST-00126,visualizer_use,2024-09-11,Natural Press - Oatmeal,paid_social,
69ca52fa,CUST-00126,sample_request,2024-09-22,Thin Brick - Weathered White,paid_social,
ad8639aa,CUST-00126,purchase,2024-11-07,Natural Press - Oatmeal,paid_social,594.93
64b2f35b,CUST-00127,site_visit,2024-10-26,,organic_search,
3c049041,CUST-00127,sample_request,2024-11-08,Original Ceramic - Aegean,organic_search,
e07a999a,CUST-00127,sample_request,2024-11-17,Natural Press - Oatmeal,organic_search,
9dc2ef74,CUST-00127,purchase,2024-12-05,Thin Brick - Charcoal,organic_search,1559.87
180af8d9,CUST-00128,site_visit,2024-04-05,,organic_search,
a05e198e,CUST-00128,sample_request,2024-04-05,Thin Brick - Terracotta,organic_search,
e45fae39,CUST-00129,site_visit,2024-08-04,,paid_social,
a23b0130,CUST-00129,sample_request,2024-08-14,Thin Brick - Charcoal,paid_social,
c2bb9be0,CUST-00130,site_visit,2025-03-14,,organic_search,
4b482ca6,CUST-00130,purchase,2025-04-13,Natural Press - Fog,organic_search,750.54
b9d7bdb7,CUST-00131,site_visit,2025-05-03,,organic_search,
445bbf42,CUST-00132,site_visit,2024-03-13,,organic_search,
4757759f,CUST-00132,sample_request,2024-03-17,Thin Brick - Charcoal,organic_search,
21abee3d,CUST-00132,purchase,2024-05-04,Natural Press - Fog,organic_search,629.76
7d88c905,CUST-00132,repeat_purchase,2024-10-16,Glass - Midnight,organic_search,1100.9
223b7109,CUST-00133,site_visit,2024-05-06,,organic_search,
c740ee04,CUST-00133,visualizer_use,2024-05-16,Original Ceramic - Sage,organic_search,
fb92ca7b,CUST-00133,sample_request,2024-05-16,Thin Brick - Weathered White,organic_search,
1b8de3db,CUST-00133,purchase,2024-07-04,Natural Press - Oatmeal,organic_search,1626.16
88076b42,CUST-00134,site_visit,2024-09-02,,architect_referral,
81686645,CUST-00134,visualizer_use,2024-09-07,Natural Press - Fog,architect_referral,
035aebf1,CUST-00134,sample_request,2024-09-16,Thin Brick - Weathered White,architect_referral,
2c959be0,CUST-00134,sample_request,2024-10-06,Original Ceramic - Sage,architect_referral,
bf6db47f,CUST-00134,project_upload,2024-09-28,,architect_referral,
55a39123,CUST-00134,purchase,2024-11-12,Natural Press - Sable,architect_referral,11671.81
402aa66e,CUST-00135,site_visit,2024-06-05,,referral,
73e20f60,CUST-00135,visualizer_use,2024-06-10,Glass - Seaglass,referral,
4d6f2647,CUST-00135,sample_request,2024-06-18,Thin Brick - Charcoal,referral,
df054332,CUST-00136,site_visit,2024-02-26,,organic_search,
e1d4416e,CUST-00136,sample_request,2024-03-13,Thin Brick - Terracotta,organic_search,
f8fb4973,CUST-00137,site_visit,2024-03-06,,referral,
a6d75dfc,CUST-00137,sample_request,2024-03-14,Original Ceramic - Sage,referral,
b8a73ed7,CUST-00137,sample_request,2024-04-11,Glass - Champagne,referral,
05b743de,CUST-00137,project_upload,2024-04-20,,referral,
c5de257e,CUST-00137,purchase,2024-03-30,Original Ceramic - Aegean,referral,6459.27
7c310ef2,CUST-00138,site_visit,2024-11-23,,paid_social,
bd0cadf6,CUST-00138,visualizer_use,2024-11-26,Glass - Champagne,paid_social,
9ded8712,CUST-00139,site_visit,2024-03-29,,showroom_walkin,
fbe9aeec,CUST-00139,visualizer_use,2024-04-03,Thin Brick - Weathered White,showroom_walkin,
a4e5cee4,CUST-00140,site_visit,2024-01-07,,referral,
8add4645,CUST-00140,purchase,2024-02-16,Glass - Seaglass,referral,25598.15
7c52bece,CUST-00141,site_visit,2025-06-16,,email_capture,
dba026e9,CUST-00141,visualizer_use,2025-06-18,Thin Brick - Charcoal,email_capture,
05374a15,CUST-00141,sample_request,2025-06-18,Thin Brick - Weathered White,email_capture,
2c811ebe,CUST-00141,purchase,2025-07-11,Glass - Seaglass,email_capture,1591.28
ddfd920c,CUST-00142,site_visit,2025-04-22,,organic_search,
fae74ec5,CUST-00142,visualizer_use,2025-04-26,Original Ceramic - Sage,organic_search,
51d07c9a,CUST-00142,sample_request,2025-05-05,Thin Brick - Charcoal,organic_search,
0f62ba43,CUST-00142,purchase,2025-06-01,Thin Brick - Terracotta,organic_search,607.65
3e9cf361,CUST-00143,site_visit,2024-02-01,,email_capture,
fa804ffd,CUST-00143,visualizer_use,2024-02-03,Original Ceramic - Sage,email_capture,
057b3541,CUST-00143,sample_request,2024-02-15,Natural Press - Oatmeal,email_capture,
ffc09149,CUST-00144,site_visit,2024-03-07,,organic_search,
718eb2f8,CUST-00144,visualizer_use,2024-03-14,Original Ceramic - Aegean,organic_search,
5ed139a1,CUST-00144,sample_request,2024-03-17,Glass - Seaglass,organic_search,
c967b296,CUST-00144,sample_request,2024-04-12,Glass - Seaglass,organic_search,
725617b7,CUST-00144,project_upload,2024-04-02,,organic_search,
81379f35,CUST-00144,purchase,2024-03-26,Thin Brick - Weathered White,organic_search,16815.74
7eb7759d,CUST-00145,site_visit,2024-05-20,,organic_search,
9f979174,CUST-00146,site_visit,2025-07-11,,showroom_walkin,
3a6945ab,CUST-00146,visualizer_use,2025-07-15,Original Ceramic - Aegean,showroom_walkin,
664acc2a,CUST-00147,site_visit,2024-06-12,,email_capture,
efc7eb5f,CUST-00148,site_visit,2024-06-26,,trade_show,
33de6c06,CUST-00149,site_visit,2025-05-19,,email_capture,
e633f8ce,CUST-00149,visualizer_use,2025-05-27,Glass - Midnight,email_capture,
5a8c8468,CUST-00149,sample_request,2025-05-29,Natural Press - Oatmeal,email_capture,
46af8df9,CUST-00149,sample_request,2025-06-28,Natural Press - Fog,email_capture,
153e6bc9,CUST-00149,purchase,2025-06-14,Original Ceramic - Clamshell,email_capture,1221.25
609d19af,CUST-00150,site_visit,2025-02-09,,email_capture,
09ce29ed,CUST-00151,site_visit,2025-07-29,,organic_search,
03055f1f,CUST-00151,visualizer_use,2025-08-02,Original Ceramic - Clamshell,organic_search,
7d4e12a9,CUST-00151,sample_request,2025-07-30,Thin Brick - Terracotta,organic_search,
6c7d7466,CUST-00152,site_visit,2025-08-02,,trade_show,
8bf6ab74,CUST-00152,visualizer_use,2025-08-03,Thin Brick - Terracotta,trade_show,
15375ccd,CUST-00152,sample_request,2025-08-14,Natural Press - Fog,trade_show,
39b08486,CUST-00152,project_upload,2025-09-01,,trade_show,
871753b4,CUST-00152,purchase,2025-10-06,Original Ceramic - Clamshell,trade_show,12187.75
dfeda668,CUST-00153,site_visit,2025-08-14,,architect_referral,
b0acaa69,CUST-00153,visualizer_use,2025-08-16,Glass - Seaglass,architect_referral,
b5a7a271,CUST-00153,sample_request,2025-08-16,Glass - Champagne,architect_referral,
69398099,CUST-00154,site_visit,2024-06-17,,email_capture,
e8642b6d,CUST-00154,visualizer_use,2024-06-25,Thin Brick - Terracotta,email_capture,
8604bc49,CUST-00155,site_visit,2025-05-17,,referral,
b8278c43,CUST-00155,sample_request,2025-05-20,Original Ceramic - Aegean,referral,
7ece35d0,CUST-00155,purchase,2025-06-03,Glass - Seaglass,referral,831.69
55f8ec8a,CUST-00156,site_visit,2025-01-25,,paid_social,
23c26fb6,CUST-00156,sample_request,2025-01-29,Thin Brick - Terracotta,paid_social,
867a3f9f,CUST-00157,site_visit,2025-03-04,,architect_referral,
f1d27cd9,CUST-00157,sample_request,2025-03-20,Thin Brick - Weathered White,architect_referral,
4031c9ec,CUST-00157,sample_request,2025-04-18,Glass - Midnight,architect_referral,
39079775,CUST-00157,project_upload,2025-04-04,,architect_referral,
0ad19f98,CUST-00157,purchase,2025-05-09,Thin Brick - Charcoal,architect_referral,12562.36
5ef5c451,CUST-00158,site_visit,2025-02-10,,paid_social,
e1cfa2e1,CUST-00159,site_visit,2024-05-31,,paid_social,
96b98549,CUST-00159,sample_request,2024-06-09,Glass - Champagne,paid_social,
d30d15c6,CUST-00159,sample_request,2024-07-04,Glass - Midnight,paid_social,
29f040ac,CUST-00159,purchase,2024-07-16,Natural Press - Sable,paid_social,452.45
8a02f555,CUST-00160,site_visit,2024-08-31,,direct,
434b46bb,CUST-00160,sample_request,2024-09-08,Glass - Midnight,direct,
8a52f509,CUST-00160,purchase,2024-10-04,Glass - Midnight,direct,1763.91
1cc1f6cf,CUST-00161,site_visit,2025-02-20,,paid_social,
7b891527,CUST-00161,visualizer_use,2025-02-24,Thin Brick - Terracotta,paid_social,
409976c7,CUST-00161,sample_request,2025-02-23,Glass - Champagne,paid_social,
0e756350,CUST-00161,sample_request,2025-03-06,Original Ceramic - Aegean,paid_social,
5e500184,CUST-00161,purchase,2025-03-31,Natural Press - Fog,paid_social,470.78
a7e4040d,CUST-00162,site_visit,2024-02-01,,organic_search,
fffb3f1f,CUST-00162,sample_request,2024-02-06,Natural Press - Sable,organic_search,
aacddb2c,CUST-00162,sample_request,2024-02-23,Original Ceramic - Aegean,organic_search,
1c2ab43c,CUST-00162,purchase,2024-03-20,Natural Press - Oatmeal,organic_search,1491.76
918cb418,CUST-00163,site_visit,2024-01-10,,direct,
cc4936b1,CUST-00163,visualizer_use,2024-01-14,Thin Brick - Terracotta,direct,
9a03fc8d,CUST-00164,site_visit,2024-11-05,,organic_search,
8f8f6b13,CUST-00165,site_visit,2024-11-01,,trade_show,
d6d78741,CUST-00165,visualizer_use,2024-11-11,Thin Brick - Terracotta,trade_show,
25be5840,CUST-00166,site_visit,2025-02-17,,architect_referral,
209d82ba,CUST-00166,sample_request,2025-03-07,Natural Press - Oatmeal,architect_referral,
2a4c33e3,CUST-00167,site_visit,2025-07-25,,architect_referral,
5f445028,CUST-00168,site_visit,2024-08-16,,paid_social,
86a92646,CUST-00168,sample_request,2024-08-17,Thin Brick - Charcoal,paid_social,
42801957,CUST-00168,sample_request,2024-08-28,Glass - Champagne,paid_social,
5c5476c8,CUST-00168,purchase,2024-10-06,Natural Press - Sable,paid_social,934.34
4c7c16d7,CUST-00168,repeat_purchase,2025-01-25,Thin Brick - Weathered White,paid_social,745.47
aaf5715a,CUST-00169,site_visit,2024-07-03,,referral,
de5036a5,CUST-00169,sample_request,2024-07-08,Glass - Midnight,referral,
23b8f750,CUST-00169,sample_request,2024-07-26,Thin Brick - Charcoal,referral,
5f5785e4,CUST-00169,project_upload,2024-07-31,,referral,
5f210ae4,CUST-00169,purchase,2024-08-30,Original Ceramic - Aegean,referral,11079.81
c99ef081,CUST-00170,site_visit,2024-05-12,,referral,
fc2d53f6,CUST-00170,visualizer_use,2024-05-16,Glass - Midnight,referral,
5f4bec8c,CUST-00170,sample_request,2024-05-22,Glass - Champagne,referral,
24f6ab64,CUST-00170,purchase,2024-06-29,Natural Press - Oatmeal,referral,902.95
0b2b4d95,CUST-00171,site_visit,2024-01-23,,organic_search,
69695833,CUST-00171,visualizer_use,2024-02-02,Natural Press - Sable,organic_search,
55b15464,CUST-00171,sample_request,2024-02-02,Original Ceramic - Aegean,organic_search,
ae12f929,CUST-00171,sample_request,2024-02-07,Original Ceramic - Aegean,organic_search,
723bd552,CUST-00171,purchase,2024-03-06,Original Ceramic - Sage,organic_search,1022.04
82f4798e,CUST-00171,repeat_purchase,2024-10-29,Original Ceramic - Aegean,organic_search,1191.46
341a6ee1,CUST-00172,site_visit,2025-03-04,,architect_referral,
8bd6f34e,CUST-00172,sample_request,2025-03-12,Glass - Champagne,architect_referral,
9e0b9455,CUST-00172,sample_request,2025-03-22,Original Ceramic - Aegean,architect_referral,
116ee6d4,CUST-00172,purchase,2025-04-01,Glass - Midnight,architect_referral,1363.49
2def1954,CUST-00173,site_visit,2024-06-01,,trade_show,
23de695f,CUST-00173,sample_request,2024-06-02,Original Ceramic - Sage,trade_show,
dd097d97,CUST-00174,site_visit,2024-05-21,,organic_search,
cac4eefa,CUST-00174,visualizer_use,2024-05-27,Glass - Seaglass,organic_search,
052809bf,CUST-00175,site_visit,2024-06-19,,direct,
e60b94b8,CUST-00175,visualizer_use,2024-06-28,Glass - Midnight,direct,
524cfe28,CUST-00175,sample_request,2024-06-30,Glass - Midnight,direct,
bbb04923,CUST-00175,purchase,2024-08-19,Thin Brick - Terracotta,direct,1631.93
3a2e5e13,CUST-00176,site_visit,2024-11-17,,organic_search,
4d205908,CUST-00177,site_visit,2024-04-07,,referral,
0cd2b1e3,CUST-00178,site_visit,2024-06-09,,organic_search,
0a75bb4f,CUST-00178,sample_request,2024-06-16,Glass - Champagne,organic_search,
f7ecc08e,CUST-00179,site_visit,2024-01-19,,email_capture,
9cc5aab5,CUST-00180,site_visit,2025-04-12,,trade_show,
99b50a64,CUST-00181,site_visit,2024-08-15,,organic_search,
4315d234,CUST-00181,purchase,2024-09-01,Thin Brick - Terracotta,organic_search,1089.39
4d6f2a18,CUST-00182,site_visit,2024-12-12,,direct,
afb2a118,CUST-00182,visualizer_use,2024-12-19,Glass - Midnight,direct,
0061aed7,CUST-00182,sample_request,2024-12-21,Original Ceramic - Clamshell,direct,
39899a6f,CUST-00183,site_visit,2024-06-30,,email_capture,
9de3c5f2,CUST-00183,sample_request,2024-07-12,Glass - Seaglass,email_capture,
8389aa6c,CUST-00183,purchase,2024-08-09,Glass - Midnight,email_capture,1758.69
339817d3,CUST-00184,site_visit,2025-07-14,,direct,
5be1e505,CUST-00184,sample_request,2025-07-25,Thin Brick - Charcoal,direct,
bfe6d5fb,CUST-00184,purchase,2025-09-04,Natural Press - Fog,direct,1372.04
ed664ecc,CUST-00185,site_visit,2025-06-30,,architect_referral,
59766035,CUST-00185,sample_request,2025-07-05,Natural Press - Sable,architect_referral,
9f9f1313,CUST-00185,sample_request,2025-08-04,Natural Press - Sable,architect_referral,
a225bb4c,CUST-00185,project_upload,2025-08-01,,architect_referral,
e8f6d56b,CUST-00185,purchase,2025-08-24,Natural Press - Oatmeal,architect_referral,19799.92
9836599d,CUST-00186,site_visit,2024-02-18,,architect_referral,
07aec591,CUST-00186,sample_request,2024-02-26,Natural Press - Oatmeal,architect_referral,
3b5c9e7d,CUST-00187,site_visit,2024-07-20,,referral,
9da2c178,CUST-00187,visualizer_use,2024-07-28,Original Ceramic - Sage,referral,
52e1b05f,CUST-00187,sample_request,2024-07-27,Natural Press - Sable,referral,
edfe478a,CUST-00187,purchase,2024-08-24,Original Ceramic - Clamshell,referral,1052.86
759c9a85,CUST-00188,site_visit,2024-11-04,,direct,
d96e7b23,CUST-00189,site_visit,2025-07-10,,paid_social,
5394583a,CUST-00190,site_visit,2024-01-10,,referral,
2432e5f2,CUST-00191,site_visit,2024-04-26,,email_capture,
66bebb75,CUST-00191,sample_request,2024-05-12,Glass - Midnight,email_capture,
707732b4,CUST-00191,purchase,2024-05-24,Original Ceramic - Clamshell,email_capture,1727.5
905f3d27,CUST-00192,site_visit,2024-08-06,,referral,
b8b5b0f7,CUST-00192,sample_request,2024-08-08,Thin Brick - Terracotta,referral,
11231ba6,CUST-00192,purchase,2024-08-19,Natural Press - Sable,referral,475.98
0a2c19ef,CUST-00193,site_visit,2024-11-19,,paid_social,
59eb680b,CUST-00193,visualizer_use,2024-11-28,Original Ceramic - Aegean,paid_social,
a9c62082,CUST-00193,sample_request,2024-11-21,Natural Press - Fog,paid_social,
cf2b378b,CUST-00193,purchase,2024-12-03,Glass - Midnight,paid_social,794.12
e1278203,CUST-00193,repeat_purchase,2025-03-13,Original Ceramic - Clamshell,paid_social,993.51
6fb61cdc,CUST-00194,site_visit,2024-10-29,,architect_referral,
50e5ef8e,CUST-00194,visualizer_use,2024-11-07,Glass - Seaglass,architect_referral,
a7b98f1f,CUST-00194,sample_request,2024-10-31,Natural Press - Sable,architect_referral,
d2f22d58,CUST-00194,project_upload,2024-12-08,,architect_referral,
96752407,CUST-00194,purchase,2024-12-16,Natural Press - Oatmeal,architect_referral,22067.01
c6815012,CUST-00195,site_visit,2024-10-24,,referral,
3176d76b,CUST-00196,site_visit,2024-07-17,,organic_search,
85da0f1d,CUST-00196,visualizer_use,2024-07-26,Natural Press - Fog,organic_search,
14c1a154,CUST-00196,sample_request,2024-07-24,Original Ceramic - Clamshell,organic_search,
f9a91aa8,CUST-00196,sample_request,2024-08-21,Thin Brick - Charcoal,organic_search,
32a8c592,CUST-00196,purchase,2024-09-22,Thin Brick - Charcoal,organic_search,903.28
f240dde1,CUST-00197,site_visit,2024-06-28,,referral,
e5a677fb,CUST-00197,visualizer_use,2024-07-08,Original Ceramic - Sage,referral,
98d46dc3,CUST-00197,sample_request,2024-06-29,Glass - Champagne,referral,
4e9d4f32,CUST-00198,site_visit,2025-04-28,,email_capture,
43062914,CUST-00198,visualizer_use,2025-05-05,Glass - Champagne,email_capture,
ef115a48,CUST-00198,sample_request,2025-05-05,Natural Press - Fog,email_capture,
6beca347,CUST-00199,site_visit,2025-08-02,,organic_search,
3e2f4993,CUST-00199,sample_request,2025-08-17,Natural Press - Oatmeal,organic_search,
1b6b90b6,CUST-00199,sample_request,2025-08-28,Glass - Champagne,organic_search,
6eafba7c,CUST-00200,site_visit,2024-02-17,,email_capture,
96de8a1a,CUST-00201,site_visit,2025-01-22,,organic_search,
3f440cf6,CUST-00201,sample_request,2025-02-03,Natural Press - Fog,organic_search,
9aeafb43,CUST-00202,site_visit,2024-10-14,,organic_search,
ea924011,CUST-00202,sample_request,2024-10-24,Thin Brick - Terracotta,organic_search,
55a185cf,CUST-00203,site_visit,2024-06-13,,referral,
265f4013,CUST-00203,visualizer_use,2024-06-15,Glass - Champagne,referral,
93bee7ec,CUST-00204,site_visit,2024-03-28,,architect_referral,
261856e2,CUST-00204,sample_request,2024-04-15,Original Ceramic - Clamshell,architect_referral,
57d23254,CUST-00204,sample_request,2024-05-11,Natural Press - Fog,architect_referral,
d13c009f,CUST-00205,site_visit,2024-07-26,,organic_search,
34e4da2a,CUST-00205,visualizer_use,2024-08-02,Thin Brick - Weathered White,organic_search,
12013e22,CUST-00205,sample_request,2024-08-08,Glass - Champagne,organic_search,
c6250372,CUST-00205,purchase,2024-09-22,Original Ceramic - Aegean,organic_search,1155.0
bcc5bf71,CUST-00206,site_visit,2025-06-26,,organic_search,
eb12a490,CUST-00207,site_visit,2024-05-17,,organic_search,
b58b459b,CUST-00207,sample_request,2024-05-23,Original Ceramic - Aegean,organic_search,
509edf9e,CUST-00207,purchase,2024-05-30,Natural Press - Oatmeal,organic_search,925.04
527dcf3d,CUST-00208,site_visit,2025-08-01,,referral,
fc38131a,CUST-00208,sample_request,2025-08-06,Natural Press - Fog,referral,
ce151792,CUST-00209,site_visit,2024-05-01,,architect_referral,
d3a996d9,CUST-00209,sample_request,2024-05-18,Thin Brick - Weathered White,architect_referral,
c3905ea2,CUST-00209,sample_request,2024-06-12,Original Ceramic - Aegean,architect_referral,
60e0ed71,CUST-00210,site_visit,2024-08-15,,organic_search,
32eb43be,CUST-00210,sample_request,2024-09-03,Original Ceramic - Aegean,organic_search,
5ac943c7,CUST-00210,purchase,2024-09-22,Glass - Champagne,organic_search,1590.79
d0333f61,CUST-00211,site_visit,2024-02-06,,organic_search,
57331f53,CUST-00211,sample_request,2024-02-18,Glass - Seaglass,organic_search,
c9a048d6,CUST-00211,purchase,2024-03-01,Thin Brick - Terracotta,organic_search,1169.43
acf101d5,CUST-00212,site_visit,2024-07-18,,referral,
010ea299,CUST-00212,visualizer_use,2024-07-19,Glass - Champagne,referral,
eade95ce,CUST-00212,sample_request,2024-07-20,Glass - Champagne,referral,
dcdb1ec5,CUST-00213,site_visit,2024-12-13,,organic_search,
ac49c9c2,CUST-00213,visualizer_use,2024-12-19,Thin Brick - Charcoal,organic_search,
565f5fd3,CUST-00213,sample_request,2024-12-17,Thin Brick - Charcoal,organic_search,
90be39ae,CUST-00213,purchase,2025-01-27,Natural Press - Sable,organic_search,413.61
47d925f0,CUST-00214,site_visit,2025-05-02,,email_capture,
7037a6e1,CUST-00215,site_visit,2024-09-28,,showroom_walkin,
906e9dcb,CUST-00215,sample_request,2024-09-30,Thin Brick - Charcoal,showroom_walkin,
00c56a69,CUST-00215,sample_request,2024-10-22,Original Ceramic - Aegean,showroom_walkin,
82c061e3,CUST-00216,site_visit,2024-10-08,,direct,
2154c13c,CUST-00217,site_visit,2024-06-27,,paid_social,
b32f629f,CUST-00217,visualizer_use,2024-06-30,Glass - Seaglass,paid_social,
5495ff1c,CUST-00217,sample_request,2024-07-03,Natural Press - Fog,paid_social,
b745e151,CUST-00217,purchase,2024-08-09,Natural Press - Fog,paid_social,1741.94
a710aa23,CUST-00218,site_visit,2024-10-13,,direct,
900454f9,CUST-00218,visualizer_use,2024-10-17,Natural Press - Oatmeal,direct,
a3ad67a5,CUST-00218,sample_request,2024-10-27,Glass - Seaglass,direct,
60ae08f8,CUST-00218,purchase,2024-11-03,Glass - Midnight,direct,647.25
1e2dc116,CUST-00219,site_visit,2024-09-13,,paid_social,
f07f424a,CUST-00219,visualizer_use,2024-09-17,Glass - Midnight,paid_social,
87f6fa95,CUST-00219,sample_request,2024-09-15,Glass - Midnight,paid_social,
b9139478,CUST-00220,site_visit,2024-07-22,,direct,
bb1df5d0,CUST-00221,site_visit,2025-01-25,,direct,
60def5ae,CUST-00221,sample_request,2025-02-14,Thin Brick - Weathered White,direct,
9a8f447a,CUST-00221,sample_request,2025-02-24,Natural Press - Fog,direct,
b05ca28e,CUST-00221,purchase,2025-03-13,Thin Brick - Terracotta,direct,1314.22
09bdaf42,CUST-00222,site_visit,2025-06-17,,architect_referral,
fa43e2d8,CUST-00223,site_visit,2025-04-29,,organic_search,
66e6ec94,CUST-00223,visualizer_use,2025-05-08,Original Ceramic - Clamshell,organic_search,
45095a7a,CUST-00223,sample_request,2025-05-06,Natural Press - Sable,organic_search,
56523b4d,CUST-00223,purchase,2025-06-15,Original Ceramic - Aegean,organic_search,1573.92
b35c3127,CUST-00224,site_visit,2024-10-05,,direct,
9eff8a24,CUST-00225,site_visit,2025-06-30,,showroom_walkin,
576cb067,CUST-00225,visualizer_use,2025-07-06,Natural Press - Sable,showroom_walkin,
ecbed100,CUST-00225,sample_request,2025-07-01,Original Ceramic - Aegean,showroom_walkin,
958ad4ad,CUST-00225,sample_request,2025-07-15,Glass - Midnight,showroom_walkin,
d53d8f29,CUST-00225,purchase,2025-08-21,Glass - Midnight,showroom_walkin,1690.92
f9c5fedc,CUST-00226,site_visit,2024-07-12,,trade_show,
21fa82ad,CUST-00226,sample_request,2024-07-14,Glass - Seaglass,trade_show,
8b8eb00b,CUST-00227,site_visit,2024-03-11,,trade_show,
2e711b12,CUST-00227,visualizer_use,2024-03-11,Original Ceramic - Clamshell,trade_show,
58a3cba1,CUST-00227,sample_request,2024-03-20,Original Ceramic - Aegean,trade_show,
e97822d8,CUST-00228,site_visit,2025-05-25,,paid_social,
66d63f87,CUST-00228,sample_request,2025-06-06,Original Ceramic - Sage,paid_social,
7d805fb3,CUST-00228,purchase,2025-07-07,Original Ceramic - Sage,paid_social,1559.55
caf08ee0,CUST-00229,site_visit,2024-07-22,,email_capture,
e28ac3cf,CUST-00230,site_visit,2025-07-16,,showroom_walkin,
8789081f,CUST-00230,visualizer_use,2025-07-26,Natural Press - Oatmeal,showroom_walkin,
27e4bda9,CUST-00231,site_visit,2024-10-09,,organic_search,
48bca47f,CUST-00231,sample_request,2024-10-28,Original Ceramic - Clamshell,organic_search,
6c1da898,CUST-00231,sample_request,2024-11-04,Thin Brick - Charcoal,organic_search,
037d4a2a,CUST-00231,purchase,2024-12-22,Original Ceramic - Aegean,organic_search,1275.19
82353a57,CUST-00232,site_visit,2025-03-25,,architect_referral,
278b7f48,CUST-00232,sample_request,2025-04-11,Thin Brick - Terracotta,architect_referral,
13cd3fec,CUST-00232,project_upload,2025-05-05,,architect_referral,
ee0d5227,CUST-00233,site_visit,2025-01-10,,organic_search,
3b5346f5,CUST-00233,visualizer_use,2025-01-15,Thin Brick - Weathered White,organic_search,
d6641866,CUST-00233,sample_request,2025-01-22,Original Ceramic - Sage,organic_search,
283c3bf0,CUST-00234,site_visit,2024-11-25,,paid_social,
d951c971,CUST-00234,visualizer_use,2024-11-25,Natural Press - Oatmeal,paid_social,
b990486b,CUST-00234,sample_request,2024-11-29,Original Ceramic - Sage,paid_social,
f392f9c4,CUST-00235,site_visit,2024-03-13,,referral,
c0e08a8e,CUST-00235,visualizer_use,2024-03-23,Original Ceramic - Aegean,referral,
b20ed059,CUST-00235,sample_request,2024-03-25,Glass - Seaglass,referral,
7c3af011,CUST-00235,sample_request,2024-04-18,Natural Press - Sable,referral,
23ff3237,CUST-00235,purchase,2024-05-17,Natural Press - Sable,referral,498.54
263f0275,CUST-00236,site_visit,2025-06-22,,organic_search,
9177eba6,CUST-00237,site_visit,2025-03-13,,architect_referral,
bc796b85,CUST-00237,visualizer_use,2025-03-22,Glass - Midnight,architect_referral,
9f92275e,CUST-00238,site_visit,2025-03-16,,architect_referral,
c144f0d1,CUST-00238,sample_request,2025-03-30,Glass - Midnight,architect_referral,
e63285a9,CUST-00238,sample_request,2025-04-13,Thin Brick - Weathered White,architect_referral,
82365869,CUST-00238,purchase,2025-04-14,Natural Press - Sable,architect_referral,1790.78
c9596fa0,CUST-00239,site_visit,2025-08-07,,trade_show,
615d0163,CUST-00239,sample_request,2025-08-16,Original Ceramic - Sage,trade_show,
6c918769,CUST-00239,project_upload,2025-09-05,,trade_show,
6a49a98d,CUST-00240,site_visit,2024-11-03,,direct,
92ab1056,CUST-00240,sample_request,2024-11-16,Glass - Seaglass,direct,
39f8d09a,CUST-00241,site_visit,2024-11-08,,trade_show,
91f13a6d,CUST-00241,sample_request,2024-11-22,Thin Brick - Weathered White,trade_show,
ba79502e,CUST-00241,purchase,2024-12-20,Thin Brick - Weathered White,trade_show,4164.57
3e6fdeee,CUST-00241,repeat_purchase,2025-05-31,Thin Brick - Terracotta,trade_show,10933.18
f4e59600,CUST-00242,site_visit,2025-02-08,,organic_search,
09763695,CUST-00242,visualizer_use,2025-02-14,Natural Press - Fog,organic_search,
130c7ed0,CUST-00242,sample_request,2025-02-18,Original Ceramic - Sage,organic_search,
b94a9d60,CUST-00242,purchase,2025-03-19,Original Ceramic - Aegean,organic_search,1231.43
3475c0ae,CUST-00243,site_visit,2025-03-27,,trade_show,
36219fca,CUST-00243,visualizer_use,2025-03-27,Natural Press - Oatmeal,trade_show,
8e02541b,CUST-00244,site_visit,2024-11-08,,direct,
f4331817,CUST-00245,site_visit,2024-01-19,,email_capture,
c216fb47,CUST-00245,visualizer_use,2024-01-28,Natural Press - Sable,email_capture,
f990e0e7,CUST-00245,sample_request,2024-01-30,Original Ceramic - Aegean,email_capture,
243e9cb8,CUST-00246,site_visit,2024-08-24,,trade_show,
1119a638,CUST-00246,visualizer_use,2024-08-31,Glass - Champagne,trade_show,
fe106e63,CUST-00246,purchase,2024-09-15,Natural Press - Sable,trade_show,24150.03
0d11be55,CUST-00246,repeat_purchase,2025-02-10,Natural Press - Fog,trade_show,14254.47
58042703,CUST-00247,site_visit,2025-05-28,,email_capture,
311027dd,CUST-00247,sample_request,2025-06-14,Natural Press - Sable,email_capture,
1b4eea23,CUST-00247,purchase,2025-08-06,Thin Brick - Charcoal,email_capture,935.09
36b82094,CUST-00248,site_visit,2024-05-21,,organic_search,
16006acd,CUST-00248,sample_request,2024-05-25,Glass - Seaglass,organic_search,
df90557e,CUST-00248,sample_request,2024-06-17,Original Ceramic - Clamshell,organic_search,
0c8317f0,CUST-00248,purchase,2024-07-06,Thin Brick - Terracotta,organic_search,1146.15
6ecdd26a,CUST-00249,site_visit,2025-02-27,,direct,
936c065b,CUST-00250,site_visit,2024-08-25,,paid_social,
db1301f8,CUST-00250,sample_request,2024-09-14,Natural Press - Fog,paid_social,
0d45f10d,CUST-00250,purchase,2024-10-05,Original Ceramic - Aegean,paid_social,445.12
09e369be,CUST-00250,repeat_purchase,2025-05-24,Natural Press - Oatmeal,paid_social,1584.72
70e9d25c,CUST-00251,site_visit,2024-11-28,,trade_show,
2d7fef3f,CUST-00251,sample_request,2024-12-16,Thin Brick - Weathered White,trade_show,
5383de8f,CUST-00251,project_upload,2024-12-29,,trade_show,
98310f40,CUST-00252,site_visit,2025-06-12,,showroom_walkin,
36bc493c,CUST-00252,visualizer_use,2025-06-14,Glass - Seaglass,showroom_walkin,
52b72107,CUST-00252,sample_request,2025-06-13,Thin Brick - Terracotta,showroom_walkin,
1149d260,CUST-00252,purchase,2025-08-05,Original Ceramic - Clamshell,showroom_walkin,1100.92
7dc6303e,CUST-00253,site_visit,2024-07-25,,direct,
97db01ce,CUST-00253,visualizer_use,2024-07-26,Original Ceramic - Sage,direct,
ddd6c59c,CUST-00253,sample_request,2024-08-02,Thin Brick - Charcoal,direct,
0d4e2e2b,CUST-00254,site_visit,2024-06-23,,organic_search,
ce4368f1,CUST-00254,visualizer_use,2024-06-23,Glass - Seaglass,organic_search,
47842c91,CUST-00254,sample_request,2024-07-05,Glass - Midnight,organic_search,
b9552443,CUST-00255,site_visit,2025-07-10,,direct,
61b29345,CUST-00255,sample_request,2025-07-29,Thin Brick - Weathered White,direct,
b37c4f79,CUST-00255,sample_request,2025-08-23,Glass - Champagne,direct,
b7d8b9b4,CUST-00256,site_visit,2024-12-23,,organic_search,
6f3f346a,CUST-00256,visualizer_use,2024-12-24,Original Ceramic - Aegean,organic_search,
6b4aac11,CUST-00256,sample_request,2024-12-26,Original Ceramic - Clamshell,organic_search,
eba1ad54,CUST-00257,site_visit,2024-02-06,,referral,
e70f68ce,CUST-00257,purchase,2024-03-14,Thin Brick - Terracotta,referral,588.36
21a09886,CUST-00258,site_visit,2025-06-25,,organic_search,
6d71fad9,CUST-00258,visualizer_use,2025-07-04,Natural Press - Fog,organic_search,
aa91a12d,CUST-00258,sample_request,2025-07-05,Thin Brick - Weathered White,organic_search,
cc3aea5d,CUST-00258,purchase,2025-08-21,Original Ceramic - Clamshell,organic_search,1096.84
0eef6b83,CUST-00259,site_visit,2025-02-28,,organic_search,
afc620f2,CUST-00259,sample_request,2025-03-08,Original Ceramic - Sage,organic_search,
b3ddbc8f,CUST-00259,sample_request,2025-03-13,Original Ceramic - Sage,organic_search,
40b70f5d,CUST-00259,purchase,2025-04-05,Thin Brick - Weathered White,organic_search,954.47
bb653e50,CUST-00259,repeat_purchase,2025-08-27,Thin Brick - Charcoal,organic_search,1383.97
e33fc962,CUST-00260,site_visit,2024-05-19,,organic_search,
f68710e9,CUST-00261,site_visit,2025-08-01,,referral,
ed22c71d,CUST-00261,purchase,2025-08-17,Original Ceramic - Aegean,referral,792.64
25a19569,CUST-00262,site_visit,2024-11-11,,organic_search,
58991509,CUST-00263,site_visit,2025-01-18,,organic_search,
6dea4c57,CUST-00263,sample_request,2025-01-24,Natural Press - Fog,organic_search,
c38b7e14,CUST-00264,site_visit,2024-05-15,,trade_show,
e5e5f759,CUST-00265,site_visit,2024-02-17,,paid_social,
e66494c9,CUST-00265,visualizer_use,2024-02-20,Natural Press - Fog,paid_social,
127fef19,CUST-00265,sample_request,2024-02-22,Natural Press - Sable,paid_social,
3765ce41,CUST-00265,purchase,2024-03-10,Original Ceramic - Aegean,paid_social,783.09
79da6eb8,CUST-00265,repeat_purchase,2024-09-24,Natural Press - Fog,paid_social,755.41
d2798ad6,CUST-00266,site_visit,2024-12-12,,paid_social,
4e0be058,CUST-00266,visualizer_use,2024-12-12,Original Ceramic - Sage,paid_social,
129e4d82,CUST-00266,sample_request,2024-12-15,Thin Brick - Terracotta,paid_social,
3d987aa4,CUST-00267,site_visit,2025-06-30,,trade_show,
05574e53,CUST-00268,site_visit,2025-04-21,,showroom_walkin,
3c64f80c,CUST-00268,sample_request,2025-05-12,Natural Press - Fog,showroom_walkin,
52c27ac0,CUST-00268,purchase,2025-06-18,Glass - Midnight,showroom_walkin,558.04
046a1040,CUST-00269,site_visit,2024-04-19,,organic_search,
a17486f0,CUST-00269,sample_request,2024-04-26,Glass - Champagne,organic_search,
3746b6ef,CUST-00269,sample_request,2024-05-07,Thin Brick - Terracotta,organic_search,
83426250,CUST-00269,purchase,2024-06-22,Thin Brick - Weathered White,organic_search,1772.29
d222012a,CUST-00270,site_visit,2025-08-10,,email_capture,
0d5fd9f9,CUST-00270,sample_request,2025-08-22,Original Ceramic - Sage,email_capture,
2ddfe6f2,CUST-00271,site_visit,2024-04-02,,showroom_walkin,
37901fcf,CUST-00271,visualizer_use,2024-04-04,Thin Brick - Charcoal,showroom_walkin,
428cfeb6,CUST-00271,sample_request,2024-04-11,Natural Press - Sable,showroom_walkin,
444107fa,CUST-00271,sample_request,2024-05-07,Natural Press - Fog,showroom_walkin,
62f9cff1,CUST-00271,purchase,2024-06-07,Natural Press - Sable,showroom_walkin,1678.49
5716ae3a,CUST-00272,site_visit,2025-06-06,,architect_referral,
c802f687,CUST-00273,site_visit,2024-08-28,,direct,
df5336b0,CUST-00273,visualizer_use,2024-08-30,Glass - Midnight,direct,
56cc45b4,CUST-00273,sample_request,2024-09-06,Glass - Seaglass,direct,
ffee4c60,CUST-00273,project_upload,2024-10-13,,direct,
0e66c6db,CUST-00273,purchase,2024-09-22,Glass - Midnight,direct,19367.87
43ec6f38,CUST-00273,repeat_purchase,2024-12-26,Glass - Seaglass,direct,13488.82
2b0e44b8,CUST-00274,site_visit,2025-03-11,,trade_show,
90410089,CUST-00274,visualizer_use,2025-03-18,Thin Brick - Terracotta,trade_show,
b71037e3,CUST-00274,sample_request,2025-03-20,Natural Press - Sable,trade_show,
20668bd2,CUST-00275,site_visit,2025-06-23,,organic_search,
8894627f,CUST-00276,site_visit,2024-12-17,,trade_show,
4ed3b93f,CUST-00276,sample_request,2024-12-26,Natural Press - Sable,trade_show,
d3dfd59d,CUST-00276,purchase,2025-02-21,Original Ceramic - Aegean,trade_show,1189.19
c4df8245,CUST-00277,site_visit,2024-01-28,,showroom_walkin,
3e091155,CUST-00277,visualizer_use,2024-02-06,Natural Press - Sable,showroom_walkin,
c5e710df,CUST-00277,sample_request,2024-02-02,Original Ceramic - Aegean,showroom_walkin,
df3adc3b,CUST-00278,site_visit,2025-05-11,,showroom_walkin,
a3dcaa86,CUST-00278,visualizer_use,2025-05-13,Glass - Midnight,showroom_walkin,
fd54bec6,CUST-00278,sample_request,2025-05-18,Glass - Seaglass,showroom_walkin,
79fff02d,CUST-00278,purchase,2025-07-10,Original Ceramic - Aegean,showroom_walkin,1578.57
c9831865,CUST-00279,site_visit,2025-06-29,,paid_social,
e040860c,CUST-00279,sample_request,2025-07-13,Glass - Seaglass,paid_social,
bc76385f,CUST-00279,purchase,2025-08-23,Glass - Seaglass,paid_social,1292.39
f80509ab,CUST-00280,site_visit,2025-04-17,,referral,
b0cd882b,CUST-00280,sample_request,2025-05-04,Original Ceramic - Aegean,referral,
aaec814a,CUST-00280,sample_request,2025-05-12,Glass - Champagne,referral,
d66c3778,CUST-00280,purchase,2025-06-08,Thin Brick - Terracotta,referral,892.12
c406dfdf,CUST-00280,repeat_purchase,2025-08-30,Thin Brick - Weathered White,referral,373.95
6f38e553,CUST-00281,site_visit,2024-05-04,,direct,
1a36fb74,CUST-00282,site_visit,2024-03-18,,paid_social,
9ff4f768,CUST-00282,sample_request,2024-03-23,Original Ceramic - Sage,paid_social,
b7097e8d,CUST-00283,site_visit,2024-07-24,,paid_social,
48ae3eeb,CUST-00283,sample_request,2024-07-27,Glass - Midnight,paid_social,
dacd8e96,CUST-00283,sample_request,2024-08-19,Thin Brick - Terracotta,paid_social,
ad955de0,CUST-00283,purchase,2024-08-31,Glass - Midnight,paid_social,426.27
1d2d025b,CUST-00284,site_visit,2025-02-04,,showroom_walkin,
e7519da8,CUST-00285,site_visit,2025-01-28,,organic_search,
6f18eab7,CUST-00285,visualizer_use,2025-01-28,Thin Brick - Charcoal,organic_search,
6568f8e3,CUST-00286,site_visit,2024-10-23,,paid_social,
90e5f4fb,CUST-00287,site_visit,2025-03-24,,organic_search,
03dd1893,CUST-00287,sample_request,2025-04-10,Thin Brick - Charcoal,organic_search,
22baa631,CUST-00287,purchase,2025-04-18,Original Ceramic - Aegean,organic_search,451.86
fc016f97,CUST-00288,site_visit,2024-03-14,,referral,
1cd5ba9a,CUST-00288,sample_request,2024-04-03,Original Ceramic - Clamshell,referral,
e26fb84b,CUST-00289,site_visit,2024-04-18,,architect_referral,
d640d2be,CUST-00290,site_visit,2025-08-12,,referral,
b786bd9c,CUST-00290,sample_request,2025-08-15,Natural Press - Sable,referral,
bdf78659,CUST-00290,purchase,2025-09-19,Thin Brick - Weathered White,referral,741.1
674c4913,CUST-00291,site_visit,2025-05-13,,organic_search,
75904400,CUST-00292,site_visit,2024-10-04,,organic_search,
c7cdb8cb,CUST-00293,site_visit,2024-11-04,,direct,
be49d09b,CUST-00293,sample_request,2024-11-21,Glass - Champagne,direct,
ace87d04,CUST-00293,purchase,2024-12-10,Original Ceramic - Clamshell,direct,557.75
f09896c8,CUST-00294,site_visit,2024-08-02,,paid_social,
bb3943ed,CUST-00294,visualizer_use,2024-08-02,Glass - Champagne,paid_social,
a0eea6d7,CUST-00294,sample_request,2024-08-15,Original Ceramic - Aegean,paid_social,
85fdb675,CUST-00295,site_visit,2024-08-23,,direct,
e241797b,CUST-00295,visualizer_use,2024-08-26,Original Ceramic - Sage,direct,
99b1b862,CUST-00295,sample_request,2024-08-31,Original Ceramic - Aegean,direct,
9eac8ee4,CUST-00295,purchase,2024-10-01,Glass - Midnight,direct,922.88
1b34681f,CUST-00296,site_visit,2025-04-21,,organic_search,
03bb5a9f,CUST-00296,visualizer_use,2025-05-01,Thin Brick - Weathered White,organic_search,
b2dab90b,CUST-00297,site_visit,2024-08-09,,trade_show,
16e717c7,CUST-00297,visualizer_use,2024-08-15,Thin Brick - Weathered White,trade_show,
c8dec986,CUST-00297,sample_request,2024-08-19,Original Ceramic - Clamshell,trade_show,
ff9a2c33,CUST-00297,project_upload,2024-09-13,,trade_show,
07487b59,CUST-00297,purchase,2024-09-25,Thin Brick - Terracotta,trade_show,21471.25
d95faecb,CUST-00297,repeat_purchase,2025-04-15,Thin Brick - Terracotta,trade_show,15506.03
59f0eb00,CUST-00298,site_visit,2024-10-29,,referral,
667e079f,CUST-00298,purchase,2024-12-04,Original Ceramic - Clamshell,referral,13237.5
25cdc295,CUST-00299,site_visit,2024-03-13,,referral,
0d90cfa0,CUST-00299,visualizer_use,2024-03-22,Glass - Champagne,referral,
f79a561f,CUST-00299,sample_request,2024-03-17,Thin Brick - Charcoal,referral,
b27f212c,CUST-00299,purchase,2024-05-06,Original Ceramic - Aegean,referral,909.59
8681c1b0,CUST-00300,site_visit,2024-03-09,,referral,
8d42566f,CUST-00300,visualizer_use,2024-03-16,Thin Brick - Terracotta,referral,
e73e9f75,CUST-00301,site_visit,2024-09-30,,paid_social,
2310dc58,CUST-00301,sample_request,2024-10-03,Glass - Midnight,paid_social,
7ca88b31,CUST-00301,purchase,2024-11-18,Thin Brick - Charcoal,paid_social,915.4
2eb1e495,CUST-00302,site_visit,2024-07-02,,paid_social,
d0ae37e5,CUST-00302,visualizer_use,2024-07-04,Natural Press - Oatmeal,paid_social,
74d2398e,CUST-00302,sample_request,2024-07-13,Original Ceramic - Aegean,paid_social,
03858bad,CUST-00302,purchase,2024-08-11,Thin Brick - Terracotta,paid_social,988.18
fe337cc6,CUST-00302,repeat_purchase,2025-05-21,Glass - Champagne,paid_social,1342.59
a76430fa,CUST-00303,site_visit,2024-11-30,,paid_social,
e50c700b,CUST-00303,visualizer_use,2024-12-02,Natural Press - Sable,paid_social,
a21a59d2,CUST-00303,sample_request,2024-12-05,Natural Press - Oatmeal,paid_social,
492b8b71,CUST-00303,purchase,2025-01-03,Original Ceramic - Clamshell,paid_social,798.13
35a491b6,CUST-00304,site_visit,2024-11-20,,organic_search,
c6dc9408,CUST-00304,visualizer_use,2024-11-25,Natural Press - Fog,organic_search,
6ca86b4a,CUST-00304,sample_request,2024-11-28,Glass - Champagne,organic_search,
9c2811af,CUST-00304,sample_request,2024-12-03,Glass - Seaglass,organic_search,
fabd5a15,CUST-00305,site_visit,2025-07-13,,organic_search,
b4b25cf2,CUST-00306,site_visit,2025-03-28,,referral,
d09ce170,CUST-00306,sample_request,2025-04-09,Thin Brick - Weathered White,referral,
e19c2feb,CUST-00306,sample_request,2025-04-15,Thin Brick - Weathered White,referral,
262a6286,CUST-00306,purchase,2025-05-23,Natural Press - Sable,referral,1137.01
c4b3c5d4,CUST-00307,site_visit,2025-02-07,,direct,
f0987957,CUST-00307,sample_request,2025-02-18,Natural Press - Fog,direct,
4b195dc5,CUST-00307,project_upload,2025-03-28,,direct,
26fb2d98,CUST-00307,purchase,2025-03-07,Glass - Seaglass,direct,21375.01
318023f9,CUST-00308,site_visit,2025-06-21,,paid_social,
880611a4,CUST-00309,site_visit,2024-05-20,,architect_referral,
bcc9848c,CUST-00310,site_visit,2024-01-28,,referral,
b1b4e46a,CUST-00310,visualizer_use,2024-02-07,Natural Press - Sable,referral,
73752429,CUST-00310,sample_request,2024-02-05,Thin Brick - Terracotta,referral,
0454ec6a,CUST-00310,purchase,2024-02-16,Natural Press - Fog,referral,1238.45
7b4787b6,CUST-00311,site_visit,2024-05-02,,showroom_walkin,
86c0f5ae,CUST-00311,visualizer_use,2024-05-07,Glass - Midnight,showroom_walkin,
bd7d215f,CUST-00311,purchase,2024-05-19,Natural Press - Fog,showroom_walkin,474.04
497d1e46,CUST-00312,site_visit,2024-07-17,,organic_search,
9202b019,CUST-00312,visualizer_use,2024-07-27,Natural Press - Sable,organic_search,
27698842,CUST-00312,sample_request,2024-07-29,Thin Brick - Terracotta,organic_search,
9b4d0033,CUST-00312,sample_request,2024-08-07,Original Ceramic - Aegean,organic_search,
cd47d7f9,CUST-00312,purchase,2024-08-23,Glass - Midnight,organic_search,922.22
4d0dc656,CUST-00312,repeat_purchase,2024-12-16,Natural Press - Oatmeal,organic_search,500.92
51f3f990,CUST-00313,site_visit,2025-06-22,,trade_show,
7768e5f5,CUST-00313,sample_request,2025-07-01,Thin Brick - Terracotta,trade_show,
05f4cc66,CUST-00314,site_visit,2024-05-11,,organic_search,
5ebfc96d,CUST-00314,purchase,2024-05-19,Glass - Seaglass,organic_search,1484.57
55889c91,CUST-00315,site_visit,2024-09-16,,organic_search,
54f3ee24,CUST-00315,sample_request,2024-09-22,Original Ceramic - Clamshell,organic_search,
537d6dc1,CUST-00315,sample_request,2024-10-20,Natural Press - Sable,organic_search,
673856b1,CUST-00316,site_visit,2025-06-01,,trade_show,
cb4e9855,CUST-00316,sample_request,2025-06-04,Natural Press - Oatmeal,trade_show,
b50e4c10,CUST-00317,site_visit,2024-08-07,,paid_social,
c253578a,CUST-00317,visualizer_use,2024-08-09,Glass - Midnight,paid_social,
216ed06e,CUST-00317,sample_request,2024-08-19,Natural Press - Sable,paid_social,
fc0b79e0,CUST-00317,purchase,2024-09-13,Thin Brick - Terracotta,paid_social,1039.72
38528b9d,CUST-00318,site_visit,2024-07-12,,direct,
ce8d74c8,CUST-00318,visualizer_use,2024-07-22,Glass - Midnight,direct,
185e8aa6,CUST-00318,sample_request,2024-07-19,Glass - Midnight,direct,
e592e863,CUST-00318,sample_request,2024-08-05,Glass - Seaglass,direct,
abbc3b9b,CUST-00319,site_visit,2024-07-22,,paid_social,
5d647785,CUST-00319,sample_request,2024-08-09,Thin Brick - Weathered White,paid_social,
03592913,CUST-00319,purchase,2024-09-15,Glass - Seaglass,paid_social,1333.35
601cb6a8,CUST-00319,repeat_purchase,2025-03-10,Natural Press - Sable,paid_social,440.45
1b64db86,CUST-00320,site_visit,2024-01-31,,email_capture,
be68c5aa,CUST-00320,visualizer_use,2024-02-09,Thin Brick - Charcoal,email_capture,
f857e3d7,CUST-00320,sample_request,2024-02-05,Thin Brick - Weathered White,email_capture,
b6d50f13,CUST-00321,site_visit,2024-09-24,,referral,
bb0ce778,CUST-00321,visualizer_use,2024-09-30,Original Ceramic - Sage,referral,
3ca2ab89,CUST-00321,sample_request,2024-09-30,Glass - Seaglass,referral,
7aa653a6,CUST-00321,sample_request,2024-10-26,Natural Press - Sable,referral,
099ca342,CUST-00322,site_visit,2024-04-22,,referral,
2bbd3ab0,CUST-00323,site_visit,2025-01-21,,paid_social,
9e941a4e,CUST-00323,sample_request,2025-02-01,Natural Press - Fog,paid_social,
55ec0ad4,CUST-00324,site_visit,2024-09-07,,paid_social,
caf8613f,CUST-00324,sample_request,2024-09-12,Original Ceramic - Aegean,paid_social,
a8e0de94,CUST-00324,purchase,2024-10-21,Natural Press - Sable,paid_social,1661.97
ea88d74f,CUST-00324,repeat_purchase,2025-03-11,Glass - Seaglass,paid_social,791.06
7f17e3ca,CUST-00325,site_visit,2024-12-13,,paid_social,
1afc60ad,CUST-00326,site_visit,2024-02-18,,organic_search,
1df00859,CUST-00326,visualizer_use,2024-02-27,Original Ceramic - Sage,organic_search,
161a2c82,CUST-00326,sample_request,2024-02-23,Original Ceramic - Sage,organic_search,
77ce396e,CUST-00326,purchase,2024-03-05,Natural Press - Sable,organic_search,1312.15
60c5dc6b,CUST-00327,site_visit,2025-04-09,,referral,
f6ce0cb6,CUST-00327,sample_request,2025-04-23,Natural Press - Sable,referral,
6e9d7cc8,CUST-00328,site_visit,2025-04-18,,organic_search,
f6c38b31,CUST-00329,site_visit,2024-09-30,,direct,
d76914a8,CUST-00329,visualizer_use,2024-10-03,Original Ceramic - Aegean,direct,
b7722e3f,CUST-00329,sample_request,2024-10-14,Natural Press - Sable,direct,
52f01bf7,CUST-00329,sample_request,2024-11-08,Original Ceramic - Aegean,direct,
fed6b5b6,CUST-00329,purchase,2024-11-07,Natural Press - Sable,direct,591.0
381ef9dd,CUST-00330,site_visit,2024-01-21,,showroom_walkin,
b89eba44,CUST-00330,sample_request,2024-02-01,Thin Brick - Charcoal,showroom_walkin,
a6d27ddd,CUST-00331,site_visit,2025-08-17,,organic_search,
97d042a3,CUST-00331,sample_request,2025-09-04,Thin Brick - Terracotta,organic_search,
8b0e1e97,CUST-00331,sample_request,2025-09-22,Natural Press - Oatmeal,organic_search,
8197547a,CUST-00331,purchase,2025-09-22,Natural Press - Sable,organic_search,699.75
d49a8f37,CUST-00332,site_visit,2024-11-20,,email_capture,
7b4ee6db,CUST-00332,sample_request,2024-12-01,Natural Press - Sable,email_capture,
18dbb4ad,CUST-00333,site_visit,2024-09-16,,trade_show,
b694f64d,CUST-00333,visualizer_use,2024-09-22,Natural Press - Sable,trade_show,
2d23f92b,CUST-00333,sample_request,2024-09-30,Natural Press - Oatmeal,trade_show,
1b2d18b0,CUST-00334,site_visit,2025-05-18,,direct,
9c455d91,CUST-00334,sample_request,2025-05-23,Thin Brick - Terracotta,direct,
92e3a03c,CUST-00335,site_visit,2024-07-07,,organic_search,
6b30488a,CUST-00335,visualizer_use,2024-07-08,Original Ceramic - Sage,organic_search,
892d177b,CUST-00335,sample_request,2024-07-16,Thin Brick - Terracotta,organic_search,
d2af79bb,CUST-00336,site_visit,2024-05-16,,direct,
5d2c6e69,CUST-00336,visualizer_use,2024-05-21,Original Ceramic - Clamshell,direct,
a7501ea1,CUST-00336,sample_request,2024-05-23,Thin Brick - Weathered White,direct,
b8f1337c,CUST-00337,site_visit,2024-06-21,,organic_search,
0b15f212,CUST-00337,purchase,2024-08-12,Glass - Midnight,organic_search,1136.17
14030555,CUST-00338,site_visit,2024-05-13,,paid_social,
e4e631ab,CUST-00338,sample_request,2024-05-26,Original Ceramic - Clamshell,paid_social,
d480ceca,CUST-00338,sample_request,2024-06-14,Natural Press - Oatmeal,paid_social,
ea87768e,CUST-00338,purchase,2024-07-15,Original Ceramic - Sage,paid_social,1306.13
699abd6a,CUST-00339,site_visit,2025-03-09,,architect_referral,
4378b6fb,CUST-00339,visualizer_use,2025-03-14,Thin Brick - Weathered White,architect_referral,
9b73efe5,CUST-00340,site_visit,2025-01-25,,paid_social,
4c2dcd21,CUST-00340,visualizer_use,2025-01-27,Natural Press - Sable,paid_social,
311fbe8c,CUST-00340,sample_request,2025-02-02,Natural Press - Fog,paid_social,
60b51897,CUST-00341,site_visit,2024-10-14,,trade_show,
ae309f90,CUST-00342,site_visit,2024-06-03,,architect_referral,
f94dc0c9,CUST-00342,sample_request,2024-06-17,Glass - Seaglass,architect_referral,
5ac25559,CUST-00343,site_visit,2024-05-06,,direct,
6033b04f,CUST-00344,site_visit,2025-08-07,,organic_search,
1a7edc7e,CUST-00344,visualizer_use,2025-08-17,Thin Brick - Charcoal,organic_search,
83a9ec66,CUST-00344,sample_request,2025-08-13,Thin Brick - Weathered White,organic_search,
04583ea4,CUST-00344,project_upload,2025-09-06,,organic_search,
20df1bd1,CUST-00344,purchase,2025-09-06,Original Ceramic - Aegean,organic_search,16342.06
2a8dcadb,CUST-00345,site_visit,2025-08-05,,email_capture,
943e9f18,CUST-00345,sample_request,2025-08-17,Natural Press - Sable,email_capture,
db2eaddb,CUST-00345,project_upload,2025-09-23,,email_capture,
7e49e57f,CUST-00345,purchase,2025-10-11,Original Ceramic - Clamshell,email_capture,24915.49
954b814e,CUST-00346,site_visit,2024-05-14,,showroom_walkin,
22b12fbb,CUST-00346,sample_request,2024-06-01,Thin Brick - Weathered White,showroom_walkin,
84e91e3c,CUST-00347,site_visit,2024-08-17,,email_capture,
f9b9b8d5,CUST-00347,sample_request,2024-09-01,Natural Press - Sable,email_capture,
866b7543,CUST-00348,site_visit,2025-06-09,,direct,
3b7d2301,CUST-00348,sample_request,2025-06-27,Original Ceramic - Sage,direct,
72df1020,CUST-00348,purchase,2025-08-23,Glass - Seaglass,direct,655.09
9bd146e7,CUST-00349,site_visit,2024-09-28,,trade_show,
df40d0f1,CUST-00349,sample_request,2024-10-15,Original Ceramic - Aegean,trade_show,
1f900a2b,CUST-00350,site_visit,2025-01-04,,paid_social,
5720610e,CUST-00350,sample_request,2025-01-10,Original Ceramic - Aegean,paid_social,
9e726404,CUST-00350,purchase,2025-02-26,Glass - Champagne,paid_social,1601.47
c3dc66bb,CUST-00351,site_visit,2024-06-05,,organic_search,
7fccf07a,CUST-00351,visualizer_use,2024-06-14,Glass - Seaglass,organic_search,
c58fce1a,CUST-00351,sample_request,2024-06-06,Original Ceramic - Sage,organic_search,
20365695,CUST-00352,site_visit,2025-02-13,,organic_search,
42833f42,CUST-00352,sample_request,2025-03-05,Glass - Seaglass,organic_search,
b10efb81,CUST-00352,purchase,2025-04-08,Natural Press - Sable,organic_search,2695.2
887308b5,CUST-00353,site_visit,2025-04-24,,architect_referral,
2bd9d23c,CUST-00353,sample_request,2025-05-05,Glass - Midnight,architect_referral,
2fc37813,CUST-00353,purchase,2025-06-28,Glass - Midnight,architect_referral,520.67
7621916f,CUST-00354,site_visit,2024-01-19,,referral,
02bf1b9c,CUST-00354,sample_request,2024-01-21,Natural Press - Fog,referral,
7f0fead6,CUST-00354,sample_request,2024-02-02,Glass - Midnight,referral,
4059227c,CUST-00354,purchase,2024-02-18,Original Ceramic - Aegean,referral,1498.84
896dc675,CUST-00355,site_visit,2024-04-16,,trade_show,
8510fb16,CUST-00356,site_visit,2025-06-03,,referral,
f5c60ff7,CUST-00357,site_visit,2024-06-06,,direct,
79c42fb2,CUST-00358,site_visit,2025-06-01,,showroom_walkin,
3884bf9b,CUST-00358,sample_request,2025-06-08,Original Ceramic - Clamshell,showroom_walkin,
a376682a,CUST-00359,site_visit,2025-06-13,,architect_referral,
47e30e92,CUST-00359,visualizer_use,2025-06-13,Thin Brick - Charcoal,architect_referral,
f20e8bf7,CUST-00359,purchase,2025-07-26,Thin Brick - Charcoal,architect_referral,480.93
042aaaf3,CUST-00360,site_visit,2025-07-20,,direct,
9d2d0a8a,CUST-00360,sample_request,2025-07-24,Thin Brick - Terracotta,direct,
d1fb1d43,CUST-00361,site_visit,2025-02-18,,architect_referral,
47c060bf,CUST-00362,site_visit,2025-06-07,,organic_search,
416d4611,CUST-00362,sample_request,2025-06-15,Natural Press - Oatmeal,organic_search,
cb1ca45b,CUST-00363,site_visit,2024-02-18,,referral,
656ee3c7,CUST-00363,visualizer_use,2024-02-27,Thin Brick - Weathered White,referral,
043d40b7,CUST-00363,sample_request,2024-02-29,Thin Brick - Charcoal,referral,
007cea05,CUST-00363,sample_request,2024-03-14,Thin Brick - Charcoal,referral,
47c28aec,CUST-00364,site_visit,2024-04-17,,showroom_walkin,
2acb5461,CUST-00364,visualizer_use,2024-04-23,Glass - Seaglass,showroom_walkin,
95a1ff9f,CUST-00364,sample_request,2024-04-18,Glass - Seaglass,showroom_walkin,
5b2fd42e,CUST-00364,purchase,2024-05-28,Glass - Champagne,showroom_walkin,963.86
4fbbf88e,CUST-00365,site_visit,2025-05-16,,paid_social,
4b8961b3,CUST-00365,visualizer_use,2025-05-24,Glass - Champagne,paid_social,
8223304d,CUST-00365,sample_request,2025-05-20,Glass - Midnight,paid_social,
7a553318,CUST-00365,purchase,2025-06-03,Glass - Seaglass,paid_social,1242.24
6d32b6fc,CUST-00366,site_visit,2025-01-18,,paid_social,
3521df11,CUST-00367,site_visit,2025-05-15,,organic_search,
c98b4695,CUST-00367,sample_request,2025-05-25,Glass - Seaglass,organic_search,
4f35d1d7,CUST-00368,site_visit,2024-11-29,,organic_search,
0c814088,CUST-00368,visualizer_use,2024-12-07,Original Ceramic - Aegean,organic_search,
694f7a5a,CUST-00369,site_visit,2024-11-12,,organic_search,
5f700dd5,CUST-00370,site_visit,2025-05-29,,trade_show,
d8e33b2f,CUST-00370,sample_request,2025-06-16,Glass - Midnight,trade_show,
6d4d99f0,CUST-00371,site_visit,2025-06-24,,paid_social,
004b977d,CUST-00371,visualizer_use,2025-06-26,Natural Press - Sable,paid_social,
65baa1f0,CUST-00371,sample_request,2025-06-27,Natural Press - Sable,paid_social,
05f36824,CUST-00371,sample_request,2025-07-12,Original Ceramic - Clamshell,paid_social,
1ef49536,CUST-00371,purchase,2025-07-07,Original Ceramic - Sage,paid_social,817.23
eca56a16,CUST-00372,site_visit,2024-07-26,,paid_social,
b9cd4e2b,CUST-00372,sample_request,2024-08-12,Glass - Seaglass,paid_social,
53966399,CUST-00372,purchase,2024-09-23,Thin Brick - Charcoal,paid_social,25130.7
f4e4fd90,CUST-00373,site_visit,2025-05-27,,direct,
3fab9957,CUST-00373,visualizer_use,2025-06-02,Glass - Champagne,direct,
cfc5563c,CUST-00373,sample_request,2025-05-28,Glass - Midnight,direct,
410dbd0b,CUST-00373,purchase,2025-06-07,Glass - Midnight,direct,1706.91
d272d0a6,CUST-00374,site_visit,2025-06-06,,referral,
28cd318c,CUST-00375,site_visit,2024-11-21,,paid_social,
ae95b634,CUST-00375,sample_request,2024-11-27,Glass - Midnight,paid_social,
d9c1aa10,CUST-00375,purchase,2024-12-04,Original Ceramic - Aegean,paid_social,1252.3
b2efe7ec,CUST-00376,site_visit,2025-07-05,,architect_referral,
5aa23bee,CUST-00376,sample_request,2025-07-26,Original Ceramic - Sage,architect_referral,
7aeb118b,CUST-00376,purchase,2025-08-13,Thin Brick - Terracotta,architect_referral,1574.8
64702cb0,CUST-00377,site_visit,2024-07-15,,architect_referral,
1a751864,CUST-00377,purchase,2024-08-22,Thin Brick - Terracotta,architect_referral,1666.31
1d978416,CUST-00378,site_visit,2025-05-27,,organic_search,
f8d0ca00,CUST-00378,sample_request,2025-06-14,Original Ceramic - Clamshell,organic_search,
639595f1,CUST-00379,site_visit,2024-07-15,,direct,
f15c0b1b,CUST-00379,sample_request,2024-07-28,Thin Brick - Charcoal,direct,
ef030ddb,CUST-00379,purchase,2024-08-30,Thin Brick - Charcoal,direct,783.65
efeaae5a,CUST-00380,site_visit,2025-06-29,,email_capture,
d3495f2d,CUST-00381,site_visit,2024-09-12,,email_capture,
cc300b60,CUST-00382,site_visit,2024-09-13,,referral,
aadeafd0,CUST-00382,visualizer_use,2024-09-16,Original Ceramic - Sage,referral,
e2318a32,CUST-00382,sample_request,2024-09-23,Glass - Midnight,referral,
b37f895f,CUST-00382,purchase,2024-10-03,Glass - Seaglass,referral,1683.4
b34a71ca,CUST-00382,repeat_purchase,2025-01-03,Glass - Midnight,referral,380.6
066e6ecb,CUST-00383,site_visit,2024-10-28,,showroom_walkin,
06ed910a,CUST-00383,sample_request,2024-11-11,Glass - Seaglass,showroom_walkin,
83401a49,CUST-00383,purchase,2024-12-29,Original Ceramic - Aegean,showroom_walkin,1712.62
14da0ddb,CUST-00383,repeat_purchase,2025-03-25,Thin Brick - Terracotta,showroom_walkin,315.98
69bef3a3,CUST-00384,site_visit,2025-06-05,,paid_social,
b4334e60,CUST-00384,visualizer_use,2025-06-14,Glass - Seaglass,paid_social,
20e58d8e,CUST-00384,sample_request,2025-06-16,Natural Press - Fog,paid_social,
b228ea3a,CUST-00384,project_upload,2025-07-05,,paid_social,
1dfd453a,CUST-00384,purchase,2025-07-30,Original Ceramic - Clamshell,paid_social,17852.71
81bb733d,CUST-00385,site_visit,2024-07-24,,organic_search,
7b804c1c,CUST-00385,sample_request,2024-08-03,Thin Brick - Weathered White,organic_search,
6f7d2e8c,CUST-00385,sample_request,2024-08-18,Original Ceramic - Clamshell,organic_search,
62f9f861,CUST-00385,purchase,2024-09-29,Glass - Midnight,organic_search,1674.76
058c9ef8,CUST-00386,site_visit,2025-02-13,,trade_show,
3688bfdd,CUST-00386,visualizer_use,2025-02-20,Natural Press - Oatmeal,trade_show,
99a655f6,CUST-00386,sample_request,2025-02-26,Natural Press - Fog,trade_show,
b830698d,CUST-00387,site_visit,2024-06-29,,organic_search,
b0c009a0,CUST-00387,sample_request,2024-07-05,Natural Press - Sable,organic_search,
ee291aa5,CUST-00387,purchase,2024-08-14,Thin Brick - Weathered White,organic_search,1767.94
a0f3688f,CUST-00387,repeat_purchase,2024-11-18,Original Ceramic - Clamshell,organic_search,1447.54
5bff580a,CUST-00388,site_visit,2025-01-18,,paid_social,
afb037b2,CUST-00388,sample_request,2025-02-04,Natural Press - Sable,paid_social,
8dc5c685,CUST-00388,sample_request,2025-03-06,Natural Press - Sable,paid_social,
95ae3bb8,CUST-00389,site_visit,2025-04-26,,showroom_walkin,
c7937134,CUST-00389,sample_request,2025-05-10,Original Ceramic - Clamshell,showroom_walkin,
6e143551,CUST-00390,site_visit,2024-02-07,,architect_referral,
d5e4ee9e,CUST-00390,visualizer_use,2024-02-13,Thin Brick - Weathered White,architect_referral,
29bbcdcc,CUST-00390,sample_request,2024-02-21,Natural Press - Fog,architect_referral,
382b19fd,CUST-00390,purchase,2024-04-01,Thin Brick - Weathered White,architect_referral,892.2
22128d53,CUST-00391,site_visit,2025-05-24,,paid_social,
0af73020,CUST-00391,visualizer_use,2025-05-25,Natural Press - Sable,paid_social,
54ad2121,CUST-00392,site_visit,2025-01-03,,organic_search,
4cfc72c4,CUST-00393,site_visit,2024-05-21,,referral,
fb2ec2e3,CUST-00393,sample_request,2024-06-02,Thin Brick - Weathered White,referral,
eed25f47,CUST-00394,site_visit,2025-04-30,,trade_show,
18b225ea,CUST-00395,site_visit,2025-03-03,,architect_referral,
6b9a0556,CUST-00395,sample_request,2025-03-03,Glass - Midnight,architect_referral,
345f1494,CUST-00395,purchase,2025-04-22,Thin Brick - Terracotta,architect_referral,1453.68
5c597f5f,CUST-00396,site_visit,2024-12-04,,email_capture,
34d8884f,CUST-00396,sample_request,2024-12-16,Original Ceramic - Sage,email_capture,
eff2635c,CUST-00396,sample_request,2025-01-08,Glass - Midnight,email_capture,
faa27694,CUST-00396,purchase,2025-01-11,Original Ceramic - Sage,email_capture,530.54
c8870207,CUST-00397,site_visit,2025-01-30,,organic_search,
3d81e200,CUST-00397,sample_request,2025-02-09,Glass - Seaglass,organic_search,
0d973c04,CUST-00397,sample_request,2025-02-27,Glass - Midnight,organic_search,
cc2720f0,CUST-00398,site_visit,2025-03-18,,organic_search,
b7e94c46,CUST-00398,sample_request,2025-03-24,Original Ceramic - Aegean,organic_search,
f7c3f6d8,CUST-00399,site_visit,2025-08-12,,trade_show,
972e0a0b,CUST-00400,site_visit,2025-03-18,,organic_search,
06af8158,CUST-00400,sample_request,2025-03-23,Natural Press - Sable,organic_search,
77275d93,CUST-00400,purchase,2025-05-15,Natural Press - Oatmeal,organic_search,1411.37
5f920e7b,CUST-00401,site_visit,2025-04-06,,showroom_walkin,
97f47744,CUST-00401,sample_request,2025-04-18,Natural Press - Oatmeal,showroom_walkin,
d6ce540a,CUST-00401,sample_request,2025-04-27,Natural Press - Fog,showroom_walkin,
af2daa46,CUST-00401,purchase,2025-05-24,Glass - Champagne,showroom_walkin,3824.04
627a2ac0,CUST-00402,site_visit,2024-01-19,,organic_search,
565442e5,CUST-00402,visualizer_use,2024-01-19,Thin Brick - Charcoal,organic_search,
0da1867c,CUST-00402,sample_request,2024-01-27,Natural Press - Fog,organic_search,
38a047bb,CUST-00403,site_visit,2024-04-15,,trade_show,
ab051395,CUST-00403,visualizer_use,2024-04-18,Natural Press - Fog,trade_show,
47901afb,CUST-00403,purchase,2024-04-23,Original Ceramic - Aegean,trade_show,12236.05
1b226eb9,CUST-00404,site_visit,2024-06-20,,architect_referral,
351d4b56,CUST-00404,sample_request,2024-07-03,Original Ceramic - Sage,architect_referral,
9c6317e3,CUST-00404,project_upload,2024-08-02,,architect_referral,
ba99aeb0,CUST-00404,purchase,2024-08-21,Thin Brick - Charcoal,architect_referral,21599.02
b17d8fc6,CUST-00405,site_visit,2024-04-14,,trade_show,
c95b8c87,CUST-00406,site_visit,2024-11-21,,referral,
ae720bfa,CUST-00407,site_visit,2024-01-22,,organic_search,
4333e2bb,CUST-00407,visualizer_use,2024-01-23,Original Ceramic - Aegean,organic_search,
fc9087e9,CUST-00407,sample_request,2024-01-30,Natural Press - Sable,organic_search,
f3cb6e81,CUST-00407,purchase,2024-03-23,Glass - Midnight,organic_search,1237.31
2d5a0562,CUST-00407,repeat_purchase,2024-11-02,Original Ceramic - Aegean,organic_search,1323.06
9c5319ae,CUST-00408,site_visit,2024-10-22,,architect_referral,
f21f01b1,CUST-00408,sample_request,2024-11-12,Thin Brick - Terracotta,architect_referral,
877cb528,CUST-00408,project_upload,2024-12-06,,architect_referral,
4c6bb2d2,CUST-00408,purchase,2024-12-01,Original Ceramic - Clamshell,architect_referral,3440.14
c21b5638,CUST-00408,repeat_purchase,2025-06-19,Natural Press - Oatmeal,architect_referral,16928.22
bcfccf3f,CUST-00409,site_visit,2025-03-10,,organic_search,
145f3c46,CUST-00409,visualizer_use,2025-03-17,Original Ceramic - Sage,organic_search,
c385810d,CUST-00410,site_visit,2024-06-08,,showroom_walkin,
c4b3faf7,CUST-00410,sample_request,2024-06-12,Glass - Champagne,showroom_walkin,
258a7d31,CUST-00410,purchase,2024-07-13,Glass - Midnight,showroom_walkin,1187.0
23813e01,CUST-00411,site_visit,2025-01-18,,direct,
4c7b84ef,CUST-00411,sample_request,2025-02-05,Original Ceramic - Sage,direct,
076369b8,CUST-00411,purchase,2025-03-20,Glass - Seaglass,direct,627.31
cef7d915,CUST-00412,site_visit,2025-01-12,,trade_show,
6f10be95,CUST-00412,visualizer_use,2025-01-17,Thin Brick - Charcoal,trade_show,
2bd9b7ec,CUST-00412,sample_request,2025-01-13,Thin Brick - Terracotta,trade_show,
2350f792,CUST-00413,site_visit,2024-01-13,,architect_referral,
6b273595,CUST-00414,site_visit,2025-05-27,,showroom_walkin,
bc23c12f,CUST-00414,purchase,2025-07-13,Natural Press - Fog,showroom_walkin,1201.66
5e02479b,CUST-00415,site_visit,2024-06-21,,organic_search,
72c8f18a,CUST-00415,purchase,2024-07-21,Original Ceramic - Clamshell,organic_search,660.96
3f707b32,CUST-00416,site_visit,2024-03-01,,referral,
4b104d73,CUST-00416,sample_request,2024-03-21,Original Ceramic - Clamshell,referral,
6f26e33d,CUST-00416,sample_request,2024-03-28,Natural Press - Fog,referral,
31156f0f,CUST-00416,project_upload,2024-04-07,,referral,
05f57291,CUST-00416,purchase,2024-04-14,Original Ceramic - Aegean,referral,20092.81
e4598d03,CUST-00416,repeat_purchase,2024-08-06,Original Ceramic - Aegean,referral,11306.49
78a99331,CUST-00417,site_visit,2024-09-29,,email_capture,
4134680a,CUST-00418,site_visit,2025-01-22,,architect_referral,
4041f64d,CUST-00419,site_visit,2025-06-27,,organic_search,
3df1d57b,CUST-00420,site_visit,2024-11-25,,organic_search,
1437699c,CUST-00420,sample_request,2024-12-10,Glass - Seaglass,organic_search,
bfe1da25,CUST-00420,sample_request,2024-12-30,Thin Brick - Charcoal,organic_search,
2dcd6c7b,CUST-00421,site_visit,2025-06-16,,architect_referral,
418fc1ca,CUST-00421,visualizer_use,2025-06-26,Glass - Champagne,architect_referral,
92525ee1,CUST-00422,site_visit,2025-07-07,,organic_search,
b4f3b9e2,CUST-00422,visualizer_use,2025-07-07,Original Ceramic - Clamshell,organic_search,
070730c2,CUST-00423,site_visit,2024-05-06,,paid_social,
6725782d,CUST-00423,visualizer_use,2024-05-09,Thin Brick - Weathered White,paid_social,
90196b8c,CUST-00423,sample_request,2024-05-16,Original Ceramic - Sage,paid_social,
af8ed826,CUST-00424,site_visit,2024-08-26,,trade_show,
d0d90971,CUST-00425,site_visit,2025-01-24,,paid_social,
cb1ef1c3,CUST-00425,sample_request,2025-02-04,Thin Brick - Charcoal,paid_social,
c5541070,CUST-00426,site_visit,2024-10-30,,organic_search,
e86ba66a,CUST-00427,site_visit,2024-05-06,,paid_social,
bd635678,CUST-00428,site_visit,2024-08-03,,trade_show,
34f71061,CUST-00428,purchase,2024-08-11,Natural Press - Fog,trade_show,15241.04
b2655e95,CUST-00429,site_visit,2024-10-16,,showroom_walkin,
e61fbef2,CUST-00429,purchase,2024-12-07,Thin Brick - Charcoal,showroom_walkin,825.7
37cd0458,CUST-00430,site_visit,2025-08-12,,organic_search,
3690df23,CUST-00431,site_visit,2024-07-02,,email_capture,
38602709,CUST-00431,visualizer_use,2024-07-08,Natural Press - Oatmeal,email_capture,
d67848fd,CUST-00431,sample_request,2024-07-06,Glass - Seaglass,email_capture,
c63ced8f,CUST-00432,site_visit,2025-04-19,,organic_search,
13a87d8b,CUST-00432,visualizer_use,2025-04-26,Thin Brick - Charcoal,organic_search,
0c7ac8c6,CUST-00432,sample_request,2025-04-28,Natural Press - Oatmeal,organic_search,
79598d6a,CUST-00432,purchase,2025-06-21,Thin Brick - Weathered White,organic_search,532.37
682bea70,CUST-00433,site_visit,2024-03-06,,organic_search,
de2905f0,CUST-00434,site_visit,2024-05-07,,referral,
45eda80b,CUST-00434,visualizer_use,2024-05-15,Glass - Midnight,referral,
fa2c5fec,CUST-00434,sample_request,2024-05-09,Original Ceramic - Aegean,referral,
406a29f4,CUST-00434,sample_request,2024-05-31,Natural Press - Sable,referral,
dc551dc4,CUST-00435,site_visit,2024-06-24,,email_capture,
74ad362b,CUST-00436,site_visit,2025-05-17,,organic_search,
4140530e,CUST-00436,visualizer_use,2025-05-18,Thin Brick - Charcoal,organic_search,
e671f05c,CUST-00436,sample_request,2025-05-21,Original Ceramic - Aegean,organic_search,
d0d719f3,CUST-00437,site_visit,2025-03-08,,showroom_walkin,
7eff9efb,CUST-00438,site_visit,2024-07-27,,referral,
bdd37556,CUST-00438,sample_request,2024-07-31,Natural Press - Fog,referral,
a40c2416,CUST-00438,sample_request,2024-08-24,Natural Press - Oatmeal,referral,
66968308,CUST-00438,project_upload,2024-08-13,,referral,
97434021,CUST-00438,purchase,2024-09-16,Natural Press - Fog,referral,4317.58
4d72193b,CUST-00439,site_visit,2025-01-22,,email_capture,
2023e9b9,CUST-00439,purchase,2025-02-20,Natural Press - Sable,email_capture,1380.64
a59e2f71,CUST-00440,site_visit,2025-06-28,,trade_show,
7f2b6e21,CUST-00440,purchase,2025-08-10,Original Ceramic - Aegean,trade_show,19703.05
29a79f24,CUST-00441,site_visit,2024-12-28,,organic_search,
a398316d,CUST-00442,site_visit,2025-02-20,,direct,
342d67ae,CUST-00442,visualizer_use,2025-02-24,Glass - Champagne,direct,
2f2d6077,CUST-00443,site_visit,2025-05-06,,showroom_walkin,
da8dfbf8,CUST-00443,sample_request,2025-05-06,Thin Brick - Terracotta,showroom_walkin,
48750fcb,CUST-00444,site_visit,2024-02-13,,trade_show,
c5c49255,CUST-00444,sample_request,2024-02-28,Glass - Seaglass,trade_show,
b78e3c48,CUST-00445,site_visit,2024-08-06,,organic_search,
a28926dc,CUST-00446,site_visit,2025-05-14,,paid_social,
ec3e2667,CUST-00446,visualizer_use,2025-05-16,Glass - Seaglass,paid_social,
d83a088e,CUST-00446,sample_request,2025-05-16,Glass - Seaglass,paid_social,
5a3425d7,CUST-00446,purchase,2025-05-30,Original Ceramic - Aegean,paid_social,1678.35
9d2ae215,CUST-00447,site_visit,2024-07-05,,paid_social,
8ab89447,CUST-00447,visualizer_use,2024-07-10,Thin Brick - Terracotta,paid_social,
cd7a2333,CUST-00447,sample_request,2024-07-11,Thin Brick - Terracotta,paid_social,
7f04c2f0,CUST-00447,sample_request,2024-07-28,Glass - Seaglass,paid_social,
993f2a4f,CUST-00448,site_visit,2024-09-29,,direct,
b63185e7,CUST-00449,site_visit,2024-04-20,,organic_search,
96244019,CUST-00449,visualizer_use,2024-04-25,Glass - Seaglass,organic_search,
d2267fba,CUST-00450,site_visit,2024-06-05,,paid_social,
09f206cc,CUST-00451,site_visit,2024-04-15,,direct,
42c38489,CUST-00451,visualizer_use,2024-04-16,Original Ceramic - Clamshell,direct,
11021834,CUST-00451,sample_request,2024-04-20,Natural Press - Oatmeal,direct,
2e9ab811,CUST-00451,purchase,2024-04-30,Glass - Champagne,direct,932.49
75088799,CUST-00452,site_visit,2024-10-14,,organic_search,
859c4fb3,CUST-00452,visualizer_use,2024-10-24,Thin Brick - Terracotta,organic_search,
972d17d4,CUST-00452,sample_request,2024-10-19,Glass - Midnight,organic_search,
6d0e4d5a,CUST-00452,purchase,2024-11-26,Natural Press - Sable,organic_search,909.01
5c59ed7f,CUST-00453,site_visit,2025-01-05,,paid_social,
ab79649e,CUST-00453,purchase,2025-02-28,Original Ceramic - Aegean,paid_social,1242.57
8abe3dba,CUST-00454,site_visit,2025-07-13,,organic_search,
5a2b3224,CUST-00455,site_visit,2025-07-27,,architect_referral,
31db78ca,CUST-00455,sample_request,2025-07-27,Original Ceramic - Clamshell,architect_referral,
3c185267,CUST-00455,sample_request,2025-08-02,Thin Brick - Weathered White,architect_referral,
6067bd92,CUST-00455,project_upload,2025-08-28,,architect_referral,
33634afb,CUST-00455,purchase,2025-09-04,Original Ceramic - Clamshell,architect_referral,25322.61
0da2f9f3,CUST-00456,site_visit,2024-01-04,,organic_search,
d8d6f7e7,CUST-00456,sample_request,2024-01-20,Natural Press - Sable,organic_search,
d74f1f5d,CUST-00456,purchase,2024-02-06,Glass - Champagne,organic_search,713.5
a076aa82,CUST-00456,repeat_purchase,2024-11-18,Original Ceramic - Clamshell,organic_search,661.08
67a2c9d0,CUST-00457,site_visit,2024-04-28,,referral,
3262d0c1,CUST-00458,site_visit,2024-01-11,,organic_search,
fd8f094d,CUST-00459,site_visit,2025-01-26,,organic_search,
39bc0d04,CUST-00459,purchase,2025-02-16,Glass - Seaglass,organic_search,19569.52
cc719d59,CUST-00459,repeat_purchase,2025-06-02,Original Ceramic - Clamshell,organic_search,10160.9
28f7bd89,CUST-00460,site_visit,2024-10-15,,referral,
88e5b8eb,CUST-00461,site_visit,2024-05-20,,showroom_walkin,
93d956f7,CUST-00461,purchase,2024-06-11,Natural Press - Sable,showroom_walkin,1478.16
84984e16,CUST-00461,repeat_purchase,2024-08-12,Original Ceramic - Sage,showroom_walkin,1544.9
960e882c,CUST-00462,site_visit,2024-03-28,,architect_referral,
bb95fafa,CUST-00462,sample_request,2024-04-14,Original Ceramic - Sage,architect_referral,
6fa7960d,CUST-00462,project_upload,2024-05-22,,architect_referral,
380fe40b,CUST-00462,purchase,2024-05-05,Original Ceramic - Clamshell,architect_referral,12365.82
c3e06076,CUST-00463,site_visit,2024-04-25,,architect_referral,
e010053b,CUST-00463,visualizer_use,2024-05-04,Natural Press - Fog,architect_referral,
76a57cd0,CUST-00463,sample_request,2024-04-27,Original Ceramic - Aegean,architect_referral,
d70d39d0,CUST-00464,site_visit,2024-10-20,,trade_show,
3705dbaa,CUST-00464,visualizer_use,2024-10-21,Original Ceramic - Aegean,trade_show,
037159e7,CUST-00464,sample_request,2024-10-23,Thin Brick - Charcoal,trade_show,
2c63386b,CUST-00464,sample_request,2024-11-22,Glass - Midnight,trade_show,
15366374,CUST-00465,site_visit,2024-05-10,,organic_search,
0cca1762,CUST-00465,sample_request,2024-05-30,Natural Press - Fog,organic_search,
0abca2f0,CUST-00465,purchase,2024-07-11,Glass - Champagne,organic_search,1095.94
273e0a98,CUST-00466,site_visit,2024-01-03,,paid_social,
8fc838a8,CUST-00466,sample_request,2024-01-14,Natural Press - Fog,paid_social,
6cc0d60b,CUST-00466,purchase,2024-01-30,Glass - Champagne,paid_social,1569.35
1eecb769,CUST-00466,repeat_purchase,2024-10-27,Thin Brick - Terracotta,paid_social,591.96
cc7fb11a,CUST-00467,site_visit,2025-03-10,,organic_search,
5bd0f972,CUST-00467,sample_request,2025-03-14,Natural Press - Fog,organic_search,
5bb088a8,CUST-00467,sample_request,2025-04-01,Original Ceramic - Clamshell,organic_search,
56a94f37,CUST-00468,site_visit,2025-02-25,,paid_social,
f830c263,CUST-00468,visualizer_use,2025-03-07,Original Ceramic - Aegean,paid_social,
28bbc3e5,CUST-00468,sample_request,2025-02-28,Glass - Champagne,paid_social,
30146d45,CUST-00468,sample_request,2025-03-19,Glass - Champagne,paid_social,
426130a9,CUST-00468,purchase,2025-03-23,Glass - Champagne,paid_social,1686.81
274794b4,CUST-00469,site_visit,2024-02-27,,referral,
84d85c55,CUST-00469,visualizer_use,2024-03-05,Glass - Midnight,referral,
beb4688d,CUST-00469,sample_request,2024-03-09,Glass - Seaglass,referral,
a1b9b58f,CUST-00470,site_visit,2024-12-09,,architect_referral,
948a429c,CUST-00470,visualizer_use,2024-12-13,Natural Press - Oatmeal,architect_referral,
be12d2d6,CUST-00470,sample_request,2024-12-20,Original Ceramic - Aegean,architect_referral,
36bfa0aa,CUST-00470,purchase,2025-02-15,Original Ceramic - Aegean,architect_referral,1077.33
3c69c59f,CUST-00470,repeat_purchase,2025-07-16,Glass - Seaglass,architect_referral,1277.18
16b56345,CUST-00471,site_visit,2024-12-30,,paid_social,
8be0fd48,CUST-00471,visualizer_use,2025-01-01,Original Ceramic - Aegean,paid_social,
13926ce3,CUST-00471,sample_request,2025-01-06,Glass - Midnight,paid_social,
9f5bceae,CUST-00471,sample_request,2025-01-15,Thin Brick - Charcoal,paid_social,
85b73b55,CUST-00471,purchase,2025-02-22,Thin Brick - Terracotta,paid_social,530.61
9439123d,CUST-00472,site_visit,2025-06-19,,trade_show,
712f8d00,CUST-00472,visualizer_use,2025-06-29,Glass - Seaglass,trade_show,
e07eb191,CUST-00472,sample_request,2025-06-29,Thin Brick - Weathered White,trade_show,
3c733732,CUST-00473,site_visit,2024-03-30,,architect_referral,
5ac3c970,CUST-00473,sample_request,2024-04-04,Thin Brick - Terracotta,architect_referral,
d73b5296,CUST-00473,project_upload,2024-05-12,,architect_referral,
f8ae1c0f,CUST-00473,purchase,2024-05-17,Natural Press - Fog,architect_referral,13820.56
abbc4a2d,CUST-00474,site_visit,2024-11-17,,paid_social,
149e8206,CUST-00474,sample_request,2024-12-07,Original Ceramic - Aegean,paid_social,
a17aaeee,CUST-00474,purchase,2024-12-20,Original Ceramic - Clamshell,paid_social,806.92
effb0f67,CUST-00475,site_visit,2025-04-24,,referral,
b7537cd1,CUST-00476,site_visit,2024-11-20,,paid_social,
c0d51a39,CUST-00476,visualizer_use,2024-11-20,Glass - Champagne,paid_social,
07eb84ce,CUST-00476,sample_request,2024-11-28,Original Ceramic - Clamshell,paid_social,
61c12f62,CUST-00476,sample_request,2024-12-22,Glass - Seaglass,paid_social,
0fbcf0c0,CUST-00476,purchase,2025-01-25,Glass - Seaglass,paid_social,906.09
abe7cd27,CUST-00477,site_visit,2024-03-11,,organic_search,
e870a02c,CUST-00477,sample_request,2024-03-19,Original Ceramic - Clamshell,organic_search,
2105201c,CUST-00477,purchase,2024-05-13,Natural Press - Oatmeal,organic_search,815.67
a6f2a4fa,CUST-00478,site_visit,2024-12-29,,showroom_walkin,
9df0cfbc,CUST-00478,visualizer_use,2025-01-08,Thin Brick - Weathered White,showroom_walkin,
064fa641,CUST-00478,sample_request,2025-01-04,Thin Brick - Charcoal,showroom_walkin,
211d9030,CUST-00479,site_visit,2024-11-20,,trade_show,
d1a99923,CUST-00479,sample_request,2024-12-04,Thin Brick - Charcoal,trade_show,
4d18d7c9,CUST-00479,purchase,2025-01-14,Thin Brick - Weathered White,trade_show,20630.35
f0011ad6,CUST-00480,site_visit,2025-01-07,,organic_search,
1fc0bd1a,CUST-00481,site_visit,2025-03-12,,direct,
711d0a62,CUST-00481,sample_request,2025-03-17,Glass - Champagne,direct,
92cea107,CUST-00482,site_visit,2024-03-30,,architect_referral,
e0dd71f3,CUST-00483,site_visit,2025-03-06,,trade_show,
b2589e29,CUST-00484,site_visit,2025-02-09,,trade_show,
5048f1e3,CUST-00485,site_visit,2024-02-03,,email_capture,
8aaf0a7e,CUST-00485,sample_request,2024-02-08,Thin Brick - Weathered White,email_capture,
df0c9048,CUST-00485,purchase,2024-03-27,Original Ceramic - Aegean,email_capture,950.64
f027862f,CUST-00485,repeat_purchase,2024-11-04,Thin Brick - Terracotta,email_capture,807.54
58b79782,CUST-00486,site_visit,2024-04-11,,paid_social,
4b93a236,CUST-00486,sample_request,2024-04-28,Original Ceramic - Clamshell,paid_social,
1d56e3b5,CUST-00486,sample_request,2024-05-16,Original Ceramic - Aegean,paid_social,
6127262c,CUST-00486,purchase,2024-06-11,Thin Brick - Weathered White,paid_social,614.27
b9f93178,CUST-00486,repeat_purchase,2024-11-15,Thin Brick - Terracotta,paid_social,332.88
2f904326,CUST-00487,site_visit,2024-08-15,,showroom_walkin,
167a9c7e,CUST-00487,sample_request,2024-08-16,Natural Press - Sable,showroom_walkin,
74de1526,CUST-00487,sample_request,2024-09-08,Original Ceramic - Sage,showroom_walkin,
f8984ba6,CUST-00487,purchase,2024-09-30,Original Ceramic - Clamshell,showroom_walkin,571.76
31c86bd9,CUST-00487,repeat_purchase,2025-04-04,Natural Press - Oatmeal,showroom_walkin,1398.01
49296e97,CUST-00488,site_visit,2024-03-16,,organic_search,
2b01915c,CUST-00488,visualizer_use,2024-03-23,Original Ceramic - Clamshell,organic_search,
b2018662,CUST-00488,sample_request,2024-03-17,Original Ceramic - Clamshell,organic_search,
1f4777bb,CUST-00488,purchase,2024-04-14,Glass - Midnight,organic_search,1791.24
7b734880,CUST-00488,repeat_purchase,2024-10-24,Original Ceramic - Sage,organic_search,1264.21
71cb57e2,CUST-00489,site_visit,2024-06-05,,paid_social,
c13cce2b,CUST-00489,visualizer_use,2024-06-07,Natural Press - Sable,paid_social,
8a4fc46a,CUST-00489,sample_request,2024-06-09,Original Ceramic - Sage,paid_social,
b6f0a5c4,CUST-00489,sample_request,2024-07-07,Glass - Midnight,paid_social,
6742eec6,CUST-00489,purchase,2024-07-11,Natural Press - Sable,paid_social,1691.29
c52ae29e,CUST-00490,site_visit,2025-05-14,,organic_search,
3a3b2ad7,CUST-00490,sample_request,2025-05-27,Natural Press - Oatmeal,organic_search,
81a27d1a,CUST-00490,purchase,2025-06-13,Glass - Champagne,organic_search,1645.23
29363237,CUST-00491,site_visit,2025-02-11,,trade_show,
81d77f4e,CUST-00491,sample_request,2025-02-21,Original Ceramic - Sage,trade_show,
77c5ab5a,CUST-00492,site_visit,2025-06-23,,referral,
ecbd14db,CUST-00492,sample_request,2025-07-13,Glass - Seaglass,referral,
35dd03bb,CUST-00492,purchase,2025-07-23,Glass - Midnight,referral,1523.82
104dfb31,CUST-00493,site_visit,2024-01-22,,paid_social,
30f0168b,CUST-00493,sample_request,2024-02-03,Original Ceramic - Aegean,paid_social,
1b985de9,CUST-00493,sample_request,2024-02-28,Original Ceramic - Aegean,paid_social,
2b65ff17,CUST-00493,purchase,2024-02-16,Glass - Seaglass,paid_social,1561.79
c2f0d806,CUST-00494,site_visit,2024-02-18,,paid_social,
37e3df27,CUST-00495,site_visit,2024-01-11,,organic_search,
d828b3c6,CUST-00495,visualizer_use,2024-01-14,Thin Brick - Terracotta,organic_search,
57e88bbd,CUST-00496,site_visit,2024-02-14,,organic_search,
0e4023de,CUST-00496,sample_request,2024-02-19,Original Ceramic - Clamshell,organic_search,
ae2a3262,CUST-00496,sample_request,2024-02-28,Thin Brick - Weathered White,organic_search,
f76d5464,CUST-00497,site_visit,2025-08-14,,referral,
c7169373,CUST-00497,visualizer_use,2025-08-18,Natural Press - Sable,referral,
b7f3a89f,CUST-00497,sample_request,2025-08-20,Glass - Champagne,referral,
5e3f230a,CUST-00498,site_visit,2024-03-02,,email_capture,
032bd753,CUST-00498,visualizer_use,2024-03-05,Thin Brick - Weathered White,email_capture,
d4511370,CUST-00498,sample_request,2024-03-11,Natural Press - Fog,email_capture,
d599b078,CUST-00498,purchase,2024-04-19,Original Ceramic - Clamshell,email_capture,547.92
9becc44a,CUST-00499,site_visit,2024-07-11,,direct,
f8482689,CUST-00499,sample_request,2024-07-14,Thin Brick - Terracotta,direct,
df641574,CUST-00499,purchase,2024-08-20,Glass - Midnight,direct,1326.64
fecd7c2b,CUST-00500,site_visit,2025-03-17,,paid_social,
ca820624,CUST-00501,site_visit,2024-10-09,,organic_search,
4e7cbe7a,CUST-00501,visualizer_use,2024-10-10,Natural Press - Oatmeal,organic_search,
cea7589d,CUST-00501,sample_request,2024-10-10,Thin Brick - Weathered White,organic_search,
5b498114,CUST-00501,sample_request,2024-10-22,Thin Brick - Weathered White,organic_search,
f3dac5f4,CUST-00502,site_visit,2024-10-01,,direct,
7a5e0ff6,CUST-00502,purchase,2024-11-09,Thin Brick - Weathered White,direct,1670.9
1457749c,CUST-00503,site_visit,2024-01-14,,paid_social,
2291f20b,CUST-00503,visualizer_use,2024-01-14,Thin Brick - Weathered White,paid_social,
450f720f,CUST-00503,sample_request,2024-01-22,Thin Brick - Weathered White,paid_social,
77219896,CUST-00503,purchase,2024-01-30,Natural Press - Sable,paid_social,1194.17
a77680f9,CUST-00504,site_visit,2024-12-09,,direct,
df3320c2,CUST-00504,visualizer_use,2024-12-16,Original Ceramic - Aegean,direct,
197621df,CUST-00504,sample_request,2024-12-14,Thin Brick - Terracotta,direct,
36095f6e,CUST-00505,site_visit,2024-01-22,,architect_referral,
7ba9b080,CUST-00505,sample_request,2024-02-04,Natural Press - Fog,architect_referral,
a053d74f,CUST-00505,purchase,2024-02-17,Thin Brick - Charcoal,architect_referral,1751.63
c222916e,CUST-00506,site_visit,2024-12-23,,organic_search,
a4957914,CUST-00506,visualizer_use,2024-12-31,Thin Brick - Terracotta,organic_search,
659da826,CUST-00506,sample_request,2025-01-02,Original Ceramic - Sage,organic_search,
b39e7ed8,CUST-00507,site_visit,2024-06-02,,paid_social,
b942311f,CUST-00507,sample_request,2024-06-20,Original Ceramic - Sage,paid_social,
cdffa0e0,CUST-00507,purchase,2024-07-13,Natural Press - Sable,paid_social,5477.71
3436dec1,CUST-00508,site_visit,2024-05-26,,architect_referral,
341e3579,CUST-00509,site_visit,2024-09-24,,organic_search,
775c915a,CUST-00509,sample_request,2024-09-28,Glass - Seaglass,organic_search,
accf7fa0,CUST-00509,sample_request,2024-10-21,Thin Brick - Charcoal,organic_search,
cc09ed00,CUST-00509,project_upload,2024-10-13,,organic_search,
c3bccf9e,CUST-00509,purchase,2024-11-07,Natural Press - Fog,organic_search,12717.25
01ac34cc,CUST-00510,site_visit,2025-04-17,,email_capture,
771bacc0,CUST-00510,visualizer_use,2025-04-21,Natural Press - Oatmeal,email_capture,
7100f20e,CUST-00510,sample_request,2025-04-23,Original Ceramic - Clamshell,email_capture,
416f6478,CUST-00510,purchase,2025-05-25,Thin Brick - Charcoal,email_capture,576.31
4f46bd01,CUST-00511,site_visit,2024-04-19,,organic_search,
bc187d98,CUST-00511,sample_request,2024-05-07,Thin Brick - Charcoal,organic_search,
d89c6520,CUST-00512,site_visit,2024-06-07,,showroom_walkin,
03e56a40,CUST-00512,sample_request,2024-06-09,Original Ceramic - Aegean,showroom_walkin,
684ba86b,CUST-00512,purchase,2024-06-22,Glass - Champagne,showroom_walkin,1063.24
0c859869,CUST-00512,repeat_purchase,2024-12-02,Original Ceramic - Clamshell,showroom_walkin,928.84
e0849967,CUST-00513,site_visit,2025-03-25,,trade_show,
e31df8ef,CUST-00513,visualizer_use,2025-04-02,Natural Press - Oatmeal,trade_show,
d054f378,CUST-00513,sample_request,2025-03-30,Natural Press - Sable,trade_show,
e9ced7f0,CUST-00514,site_visit,2024-10-17,,paid_social,
41a805a2,CUST-00514,sample_request,2024-10-28,Original Ceramic - Clamshell,paid_social,
b32ba730,CUST-00515,site_visit,2025-06-09,,trade_show,
0a31f9fb,CUST-00515,sample_request,2025-06-30,Natural Press - Sable,trade_show,
4ac290d9,CUST-00516,site_visit,2025-06-03,,showroom_walkin,
b0d3cfe1,CUST-00516,purchase,2025-06-11,Original Ceramic - Clamshell,showroom_walkin,1592.84
b864949c,CUST-00517,site_visit,2024-08-30,,organic_search,
af9f8733,CUST-00517,sample_request,2024-09-18,Natural Press - Sable,organic_search,
76fd82f0,CUST-00517,sample_request,2024-10-17,Natural Press - Fog,organic_search,
106334ea,CUST-00517,purchase,2024-11-17,Original Ceramic - Clamshell,organic_search,441.24
0d3559df,CUST-00518,site_visit,2024-09-15,,organic_search,
4b23b1d5,CUST-00518,purchase,2024-10-29,Thin Brick - Charcoal,organic_search,433.94
a470e97b,CUST-00518,repeat_purchase,2024-12-29,Glass - Seaglass,organic_search,767.43
6d1c87ac,CUST-00519,site_visit,2025-06-24,,showroom_walkin,
243af93c,CUST-00520,site_visit,2025-08-05,,direct,
c27c81e5,CUST-00520,visualizer_use,2025-08-13,Natural Press - Fog,direct,
ab703ca1,CUST-00520,sample_request,2025-08-19,Natural Press - Sable,direct,
bdd2ee31,CUST-00520,purchase,2025-09-05,Original Ceramic - Sage,direct,1755.36
370466f0,CUST-00521,site_visit,2025-07-13,,referral,
703467c8,CUST-00521,visualizer_use,2025-07-19,Natural Press - Sable,referral,
57f88cc6,CUST-00521,sample_request,2025-07-26,Original Ceramic - Aegean,referral,
e9de3923,CUST-00522,site_visit,2025-05-20,,organic_search,
89495f46,CUST-00522,sample_request,2025-06-06,Glass - Midnight,organic_search,
0df5f9ee,CUST-00522,sample_request,2025-06-12,Glass - Midnight,organic_search,
c6268b6c,CUST-00522,project_upload,2025-07-06,,organic_search,
e5d929d2,CUST-00522,purchase,2025-06-27,Original Ceramic - Aegean,organic_search,2710.35
00d37222,CUST-00523,site_visit,2025-07-19,,architect_referral,
a895786d,CUST-00523,sample_request,2025-08-02,Original Ceramic - Sage,architect_referral,
99f8a047,CUST-00523,sample_request,2025-08-13,Natural Press - Fog,architect_referral,
d939bab4,CUST-00523,purchase,2025-08-12,Original Ceramic - Sage,architect_referral,733.44
04986dc3,CUST-00524,site_visit,2024-01-16,,trade_show,
de6f2440,CUST-00525,site_visit,2025-05-05,,referral,
60114d3d,CUST-00526,site_visit,2024-11-05,,trade_show,
ccf515e4,CUST-00526,sample_request,2024-11-18,Thin Brick - Terracotta,trade_show,
d5610943,CUST-00526,sample_request,2024-11-27,Glass - Champagne,trade_show,
fd05f8a1,CUST-00526,project_upload,2024-12-21,,trade_show,
502f8a42,CUST-00526,purchase,2024-12-04,Natural Press - Oatmeal,trade_show,3053.65
2f9ceb39,CUST-00527,site_visit,2024-03-27,,paid_social,
a61a8bf3,CUST-00527,visualizer_use,2024-03-27,Natural Press - Oatmeal,paid_social,
040e8a25,CUST-00527,sample_request,2024-03-30,Thin Brick - Charcoal,paid_social,
4041f8b2,CUST-00527,sample_request,2024-04-21,Natural Press - Fog,paid_social,
9e305780,CUST-00528,site_visit,2025-08-28,,direct,
b35ef185,CUST-00529,site_visit,2024-10-21,,direct,
7ac17f90,CUST-00530,site_visit,2024-09-12,,paid_social,
4e3ac67f,CUST-00530,visualizer_use,2024-09-16,Thin Brick - Charcoal,paid_social,
a147cba0,CUST-00530,sample_request,2024-09-22,Original Ceramic - Aegean,paid_social,
7660e7f4,CUST-00530,sample_request,2024-10-05,Original Ceramic - Clamshell,paid_social,
0a8e5f36,CUST-00530,purchase,2024-09-30,Glass - Midnight,paid_social,1015.87
b634e8d0,CUST-00531,site_visit,2024-03-22,,referral,
d14ff180,CUST-00531,visualizer_use,2024-03-26,Natural Press - Sable,referral,
ff57eff7,CUST-00531,purchase,2024-05-08,Thin Brick - Weathered White,referral,644.29
9e95f95e,CUST-00532,site_visit,2024-02-12,,trade_show,
93920c5c,CUST-00532,sample_request,2024-02-13,Thin Brick - Weathered White,trade_show,
9bfd3245,CUST-00532,project_upload,2024-02-25,,trade_show,
a39234c5,CUST-00533,site_visit,2024-11-30,,paid_social,
5aa48c14,CUST-00533,sample_request,2024-12-11,Original Ceramic - Aegean,paid_social,
a2b58f0a,CUST-00533,project_upload,2024-12-27,,paid_social,
02c223f8,CUST-00533,purchase,2025-02-06,Natural Press - Fog,paid_social,16039.38
ff2ca556,CUST-00534,site_visit,2024-03-21,,architect_referral,
da164210,CUST-00535,site_visit,2024-02-22,,direct,
dd5d4268,CUST-00535,sample_request,2024-02-29,Natural Press - Fog,direct,
13992d47,CUST-00535,purchase,2024-04-23,Thin Brick - Terracotta,direct,1761.36
6383135b,CUST-00536,site_visit,2025-01-05,,paid_social,
3bfdba13,CUST-00536,sample_request,2025-01-22,Natural Press - Oatmeal,paid_social,
282befda,CUST-00536,purchase,2025-02-14,Natural Press - Fog,paid_social,1514.2
ca245397,CUST-00537,site_visit,2024-07-21,,trade_show,
c63402df,CUST-00538,site_visit,2025-03-17,,organic_search,
3baf256d,CUST-00539,site_visit,2024-10-27,,referral,
f370c263,CUST-00539,visualizer_use,2024-10-27,Original Ceramic - Sage,referral,
14863abc,CUST-00539,sample_request,2024-11-02,Glass - Midnight,referral,
5ec69a10,CUST-00539,purchase,2024-12-27,Original Ceramic - Clamshell,referral,1067.95
d49404d5,CUST-00540,site_visit,2024-01-08,,organic_search,
b9566f0c,CUST-00540,visualizer_use,2024-01-17,Natural Press - Sable,organic_search,
1a2cc5f4,CUST-00540,purchase,2024-02-03,Original Ceramic - Aegean,organic_search,1090.61
038cfc0a,CUST-00541,site_visit,2024-11-22,,paid_social,
bb8c6e23,CUST-00541,sample_request,2024-11-30,Thin Brick - Weathered White,paid_social,
230a0b6c,CUST-00541,purchase,2024-12-25,Glass - Midnight,paid_social,783.39
72f0cbcb,CUST-00542,site_visit,2024-07-30,,organic_search,
58391e6b,CUST-00542,sample_request,2024-08-05,Original Ceramic - Aegean,organic_search,
43feec51,CUST-00542,sample_request,2024-08-19,Thin Brick - Weathered White,organic_search,
8e1df1bd,CUST-00542,purchase,2024-09-09,Glass - Midnight,organic_search,1129.25
a5c3241b,CUST-00543,site_visit,2024-09-26,,paid_social,
4747fd66,CUST-00543,sample_request,2024-10-03,Thin Brick - Terracotta,paid_social,
55a5dce9,CUST-00543,purchase,2024-11-26,Original Ceramic - Sage,paid_social,1117.98
620ff0ec,CUST-00544,site_visit,2024-11-21,,architect_referral,
71efc4a9,CUST-00544,sample_request,2024-12-06,Original Ceramic - Clamshell,architect_referral,
6aed2246,CUST-00544,project_upload,2025-01-05,,architect_referral,
e89788f1,CUST-00545,site_visit,2024-07-01,,organic_search,
79fcbc1a,CUST-00545,sample_request,2024-07-22,Original Ceramic - Clamshell,organic_search,
8278955a,CUST-00546,site_visit,2024-04-08,,paid_social,
742dd3b4,CUST-00546,sample_request,2024-04-29,Glass - Seaglass,paid_social,
ae20bdf1,CUST-00546,purchase,2024-06-19,Original Ceramic - Clamshell,paid_social,957.33
239bb28a,CUST-00547,site_visit,2024-10-24,,organic_search,
a572b364,CUST-00547,sample_request,2024-11-03,Glass - Seaglass,organic_search,
dc3cea1f,CUST-00548,site_visit,2025-04-03,,organic_search,
e4f67a4e,CUST-00548,visualizer_use,2025-04-12,Thin Brick - Weathered White,organic_search,
fb716b13,CUST-00548,sample_request,2025-04-13,Glass - Champagne,organic_search,
924eafbd,CUST-00548,purchase,2025-06-04,Natural Press - Fog,organic_search,866.6
1361dfb0,CUST-00549,site_visit,2024-06-09,,organic_search,
8658f3e6,CUST-00549,sample_request,2024-06-26,Thin Brick - Terracotta,organic_search,
f44554a1,CUST-00550,site_visit,2024-11-04,,organic_search,
aba0ff4b,CUST-00550,visualizer_use,2024-11-10,Thin Brick - Charcoal,organic_search,
84cc13dd,CUST-00550,sample_request,2024-11-18,Thin Brick - Terracotta,organic_search,
07a73aab,CUST-00550,sample_request,2024-12-09,Thin Brick - Terracotta,organic_search,
19e098e7,CUST-00551,site_visit,2024-06-04,,trade_show,
a696cc83,CUST-00552,site_visit,2025-08-13,,organic_search,
b96e34b3,CUST-00552,visualizer_use,2025-08-17,Thin Brick - Terracotta,organic_search,
ce2d0188,CUST-00552,sample_request,2025-08-17,Glass - Seaglass,organic_search,
e5bfcc4c,CUST-00552,purchase,2025-09-27,Glass - Midnight,organic_search,1400.41
c9291064,CUST-00553,site_visit,2024-11-14,,organic_search,
8f541838,CUST-00553,visualizer_use,2024-11-21,Thin Brick - Weathered White,organic_search,
54387349,CUST-00553,sample_request,2024-11-17,Glass - Seaglass,organic_search,
846eeb54,CUST-00554,site_visit,2024-06-03,,trade_show,
4587cde6,CUST-00555,site_visit,2024-08-29,,paid_social,
86a663c8,CUST-00556,site_visit,2024-01-14,,organic_search,
acb801c6,CUST-00556,visualizer_use,2024-01-20,Glass - Midnight,organic_search,
e901fb28,CUST-00556,sample_request,2024-01-27,Glass - Champagne,organic_search,
a899db84,CUST-00556,purchase,2024-02-21,Natural Press - Sable,organic_search,564.62
f89229d1,CUST-00557,site_visit,2024-07-28,,referral,
6c2cdf21,CUST-00557,visualizer_use,2024-08-02,Thin Brick - Terracotta,referral,
b701af6f,CUST-00557,sample_request,2024-08-11,Original Ceramic - Clamshell,referral,
c148e5f0,CUST-00557,purchase,2024-08-29,Original Ceramic - Sage,referral,610.49
d7b578ef,CUST-00558,site_visit,2024-03-03,,paid_social,
f15728af,CUST-00558,visualizer_use,2024-03-13,Original Ceramic - Aegean,paid_social,
9451a7a9,CUST-00559,site_visit,2025-02-16,,referral,
563cf976,CUST-00559,visualizer_use,2025-02-19,Natural Press - Sable,referral,
a98b680e,CUST-00559,sample_request,2025-02-26,Original Ceramic - Sage,referral,
5956ed0d,CUST-00559,purchase,2025-04-10,Thin Brick - Weathered White,referral,1480.77
c237bd96,CUST-00560,site_visit,2024-01-03,,referral,
f1418479,CUST-00560,visualizer_use,2024-01-03,Original Ceramic - Clamshell,referral,
7cd6cbf4,CUST-00560,sample_request,2024-01-11,Glass - Seaglass,referral,
54689a8a,CUST-00560,project_upload,2024-02-07,,referral,
bc7c0f68,CUST-00560,purchase,2024-02-06,Natural Press - Fog,referral,22159.86
d0ad2bcc,CUST-00561,site_visit,2024-05-26,,architect_referral,
0f1e5ec9,CUST-00561,sample_request,2024-06-06,Glass - Midnight,architect_referral,
6444c589,CUST-00562,site_visit,2024-01-11,,trade_show,
18159710,CUST-00562,visualizer_use,2024-01-16,Natural Press - Sable,trade_show,
ac012984,CUST-00562,sample_request,2024-01-12,Thin Brick - Weathered White,trade_show,
c95a8d74,CUST-00562,purchase,2024-03-03,Natural Press - Sable,trade_show,1385.97
52aaf901,CUST-00563,site_visit,2025-04-10,,email_capture,
8968d742,CUST-00563,sample_request,2025-04-14,Original Ceramic - Sage,email_capture,
7bdeed03,CUST-00563,sample_request,2025-05-09,Thin Brick - Terracotta,email_capture,
223a7e65,CUST-00563,project_upload,2025-04-27,,email_capture,
5c3e71b2,CUST-00563,purchase,2025-05-30,Natural Press - Fog,email_capture,19751.4
b7da6afb,CUST-00564,site_visit,2025-02-16,,email_capture,
e8bb9fd8,CUST-00564,purchase,2025-03-23,Thin Brick - Weathered White,email_capture,462.31
89d86eb8,CUST-00565,site_visit,2024-10-07,,organic_search,
b3db1459,CUST-00565,sample_request,2024-10-09,Original Ceramic - Clamshell,organic_search,
ac133b1b,CUST-00566,site_visit,2024-09-09,,direct,
676260e4,CUST-00566,sample_request,2024-09-10,Glass - Seaglass,direct,
3763780e,CUST-00566,sample_request,2024-09-25,Glass - Seaglass,direct,
6a8d45b8,CUST-00566,purchase,2024-09-29,Natural Press - Oatmeal,direct,781.92
a1ba5b67,CUST-00567,site_visit,2025-06-19,,paid_social,
75690614,CUST-00567,sample_request,2025-07-07,Natural Press - Oatmeal,paid_social,
566f3cde,CUST-00568,site_visit,2024-10-02,,direct,
4eb052e6,CUST-00568,sample_request,2024-10-22,Original Ceramic - Clamshell,direct,
70de2881,CUST-00569,site_visit,2024-01-09,,trade_show,
5779738c,CUST-00569,sample_request,2024-01-23,Glass - Champagne,trade_show,
2d9219a1,CUST-00569,purchase,2024-03-06,Thin Brick - Terracotta,trade_show,1372.3
464131e9,CUST-00569,repeat_purchase,2024-08-08,Glass - Midnight,trade_show,1081.22
eb2cc931,CUST-00570,site_visit,2024-08-27,,email_capture,
c39bc98b,CUST-00570,sample_request,2024-09-01,Natural Press - Sable,email_capture,
f523a2a3,CUST-00570,purchase,2024-10-14,Original Ceramic - Clamshell,email_capture,1452.59
8891e83c,CUST-00570,repeat_purchase,2025-01-05,Original Ceramic - Clamshell,email_capture,702.06
5458dffd,CUST-00571,site_visit,2024-01-01,,organic_search,
8c7f66fc,CUST-00571,sample_request,2024-01-08,Original Ceramic - Clamshell,organic_search,
84d1117b,CUST-00571,purchase,2024-02-06,Glass - Champagne,organic_search,539.88
7e9a559e,CUST-00572,site_visit,2024-04-08,,architect_referral,
ee0c7058,CUST-00572,sample_request,2024-04-20,Glass - Champagne,architect_referral,
5e2d32c5,CUST-00573,site_visit,2024-01-02,,paid_social,
dda7eaf7,CUST-00573,sample_request,2024-01-11,Glass - Seaglass,paid_social,
54464084,CUST-00573,sample_request,2024-01-20,Natural Press - Sable,paid_social,
0995eea1,CUST-00573,purchase,2024-03-01,Original Ceramic - Aegean,paid_social,1549.79
e859b841,CUST-00574,site_visit,2024-03-25,,organic_search,
513245a4,CUST-00574,visualizer_use,2024-03-30,Original Ceramic - Clamshell,organic_search,
cafaf2ec,CUST-00574,sample_request,2024-04-01,Thin Brick - Charcoal,organic_search,
5a28b62d,CUST-00574,purchase,2024-05-27,Glass - Seaglass,organic_search,476.32
098bb7a3,CUST-00575,site_visit,2025-04-29,,paid_social,
bdd71405,CUST-00576,site_visit,2025-08-27,,organic_search,
052936b8,CUST-00576,visualizer_use,2025-08-31,Original Ceramic - Aegean,organic_search,
9c0e6996,CUST-00576,sample_request,2025-09-04,Glass - Midnight,organic_search,
7247ca01,CUST-00576,purchase,2025-10-02,Original Ceramic - Aegean,organic_search,1344.99
175b3663,CUST-00577,site_visit,2025-02-09,,organic_search,
dc43ed59,CUST-00578,site_visit,2025-06-20,,referral,
97668327,CUST-00579,site_visit,2024-03-21,,email_capture,
247729c9,CUST-00579,sample_request,2024-04-10,Thin Brick - Terracotta,email_capture,
4f5dd3c3,CUST-00579,purchase,2024-04-29,Natural Press - Sable,email_capture,1199.25
b4e0c077,CUST-00580,site_visit,2024-08-08,,referral,
44213926,CUST-00580,visualizer_use,2024-08-14,Original Ceramic - Clamshell,referral,
d9a1336c,CUST-00580,sample_request,2024-08-13,Original Ceramic - Aegean,referral,
90fddcc4,CUST-00580,purchase,2024-09-06,Thin Brick - Charcoal,referral,1047.42
3c402864,CUST-00580,repeat_purchase,2025-01-27,Thin Brick - Weathered White,referral,587.38
f189e8ee,CUST-00581,site_visit,2024-12-02,,trade_show,
91ecc077,CUST-00581,visualizer_use,2024-12-09,Original Ceramic - Clamshell,trade_show,
15a8080e,CUST-00581,sample_request,2024-12-14,Glass - Midnight,trade_show,
da561dc1,CUST-00581,purchase,2024-12-23,Thin Brick - Weathered White,trade_show,1324.98
de0d5ef3,CUST-00582,site_visit,2025-01-13,,email_capture,
a9b3767d,CUST-00582,sample_request,2025-01-24,Thin Brick - Weathered White,email_capture,
4e940ef0,CUST-00582,sample_request,2025-02-07,Glass - Champagne,email_capture,
078cedc4,CUST-00583,site_visit,2024-05-06,,email_capture,
daee1534,CUST-00584,site_visit,2024-12-26,,trade_show,
899a5619,CUST-00585,site_visit,2024-08-18,,referral,
1cb480d2,CUST-00585,sample_request,2024-08-27,Original Ceramic - Aegean,referral,
142f3608,CUST-00585,purchase,2024-09-09,Thin Brick - Charcoal,referral,936.69
1e4ef7f3,CUST-00586,site_visit,2025-02-22,,architect_referral,
5302c232,CUST-00587,site_visit,2024-07-16,,showroom_walkin,
51dc020e,CUST-00587,sample_request,2024-07-20,Natural Press - Sable,showroom_walkin,
6cd75575,CUST-00587,purchase,2024-09-08,Natural Press - Oatmeal,showroom_walkin,1244.55
4a0fa75d,CUST-00588,site_visit,2024-09-07,,direct,
5454a111,CUST-00588,sample_request,2024-09-19,Original Ceramic - Sage,direct,
cd04b3ae,CUST-00589,site_visit,2024-03-02,,paid_social,
6df33fd5,CUST-00590,site_visit,2024-04-16,,direct,
853467a9,CUST-00590,sample_request,2024-05-07,Natural Press - Fog,direct,
6c732178,CUST-00590,purchase,2024-06-04,Original Ceramic - Sage,direct,1298.85
6a435bdf,CUST-00591,site_visit,2024-12-04,,showroom_walkin,
1e38c5e4,CUST-00591,visualizer_use,2024-12-08,Original Ceramic - Aegean,showroom_walkin,
15d26812,CUST-00591,sample_request,2024-12-10,Thin Brick - Weathered White,showroom_walkin,
13c9681d,CUST-00591,purchase,2025-01-26,Thin Brick - Terracotta,showroom_walkin,826.64
bf426d1a,CUST-00592,site_visit,2025-01-28,,organic_search,
5820fa32,CUST-00592,sample_request,2025-02-13,Thin Brick - Terracotta,organic_search,
5b9565e9,CUST-00593,site_visit,2025-01-22,,referral,
5e352d07,CUST-00593,purchase,2025-02-12,Natural Press - Oatmeal,referral,833.03
321cc4d3,CUST-00594,site_visit,2025-06-20,,architect_referral,
c51b998b,CUST-00594,visualizer_use,2025-06-28,Glass - Champagne,architect_referral,
c648bac7,CUST-00595,site_visit,2024-09-19,,paid_social,
a18f63a5,CUST-00595,sample_request,2024-10-08,Natural Press - Sable,paid_social,
2e29d1e1,CUST-00595,sample_request,2024-10-15,Original Ceramic - Clamshell,paid_social,
5513ccf9,CUST-00595,purchase,2024-10-18,Natural Press - Oatmeal,paid_social,690.82
db1ee8ae,CUST-00596,site_visit,2024-03-15,,showroom_walkin,
45feba5a,CUST-00596,sample_request,2024-03-15,Thin Brick - Weathered White,showroom_walkin,
05cc371a,CUST-00597,site_visit,2025-02-20,,organic_search,
899ba421,CUST-00597,visualizer_use,2025-03-02,Natural Press - Sable,organic_search,
d585aca8,CUST-00597,sample_request,2025-03-01,Natural Press - Oatmeal,organic_search,
a4149173,CUST-00598,site_visit,2025-06-05,,paid_social,
91ba5dfa,CUST-00598,visualizer_use,2025-06-12,Natural Press - Fog,paid_social,
a99b5662,CUST-00598,sample_request,2025-06-14,Original Ceramic - Clamshell,paid_social,
5c9f648d,CUST-00598,sample_request,2025-06-28,Glass - Champagne,paid_social,
3e4c207e,CUST-00598,purchase,2025-08-09,Original Ceramic - Sage,paid_social,1142.56
3cb8239f,CUST-00599,site_visit,2025-02-09,,organic_search,
7105ab1d,CUST-00600,site_visit,2024-09-26,,referral,
dd7dae2c,CUST-00600,sample_request,2024-10-09,Thin Brick - Weathered White,referral,
c6502802,CUST-00601,site_visit,2024-07-26,,organic_search,
4e07c862,CUST-00601,sample_request,2024-08-12,Glass - Champagne,organic_search,
8e130345,CUST-00601,purchase,2024-09-05,Natural Press - Oatmeal,organic_search,549.57
ccbb1376,CUST-00602,site_visit,2025-02-03,,direct,
0192c308,CUST-00602,purchase,2025-02-18,Original Ceramic - Sage,direct,23164.22
d08e373e,CUST-00603,site_visit,2025-07-29,,showroom_walkin,
e4833f92,CUST-00604,site_visit,2024-11-17,,architect_referral,
857506ac,CUST-00604,sample_request,2024-11-27,Natural Press - Oatmeal,architect_referral,
9ea5c9d7,CUST-00604,sample_request,2024-12-25,Original Ceramic - Aegean,architect_referral,
854d7f27,CUST-00604,purchase,2025-01-14,Glass - Seaglass,architect_referral,975.09
ff02517c,CUST-00605,site_visit,2024-11-30,,direct,
e6fd01e6,CUST-00606,site_visit,2025-04-24,,organic_search,
d32db2c5,CUST-00607,site_visit,2025-08-12,,organic_search,
6cbd4a05,CUST-00607,sample_request,2025-08-21,Original Ceramic - Aegean,organic_search,
b2d28312,CUST-00607,sample_request,2025-09-05,Glass - Seaglass,organic_search,
bd5cad0c,CUST-00607,purchase,2025-09-11,Natural Press - Fog,organic_search,1218.13
239e3a28,CUST-00608,site_visit,2025-08-13,,direct,
ae523904,CUST-00608,purchase,2025-08-28,Original Ceramic - Sage,direct,1156.11
7bc11b56,CUST-00609,site_visit,2024-08-26,,email_capture,
d09c9a70,CUST-00609,visualizer_use,2024-09-01,Original Ceramic - Aegean,email_capture,
38cc80a5,CUST-00609,sample_request,2024-09-07,Thin Brick - Terracotta,email_capture,
d366f365,CUST-00609,purchase,2024-11-02,Original Ceramic - Sage,email_capture,932.71
7ba40c32,CUST-00610,site_visit,2024-05-03,,trade_show,
f835e226,CUST-00610,visualizer_use,2024-05-04,Glass - Champagne,trade_show,
af33b86f,CUST-00610,sample_request,2024-05-08,Glass - Champagne,trade_show,
53e0f20e,CUST-00610,sample_request,2024-06-07,Glass - Seaglass,trade_show,
acf3459b,CUST-00610,purchase,2024-05-21,Natural Press - Sable,trade_show,896.55
4f42139d,CUST-00611,site_visit,2024-10-08,,organic_search,
74dcd43c,CUST-00611,purchase,2024-12-05,Thin Brick - Terracotta,organic_search,7193.85
874972d6,CUST-00612,site_visit,2024-06-04,,paid_social,
af00cbd2,CUST-00612,visualizer_use,2024-06-10,Thin Brick - Charcoal,paid_social,
0a594490,CUST-00612,sample_request,2024-06-18,Natural Press - Sable,paid_social,
7136e76c,CUST-00612,sample_request,2024-06-23,Glass - Midnight,paid_social,
d5fcf44e,CUST-00612,purchase,2024-07-04,Original Ceramic - Aegean,paid_social,1679.01
4a2e0fb7,CUST-00613,site_visit,2024-04-25,,email_capture,
7791f301,CUST-00613,purchase,2024-06-01,Natural Press - Sable,email_capture,1057.28
58460ec8,CUST-00614,site_visit,2025-08-07,,referral,
1291a964,CUST-00615,site_visit,2024-09-12,,referral,
8706436d,CUST-00615,sample_request,2024-09-28,Thin Brick - Weathered White,referral,
e5385e97,CUST-00615,purchase,2024-10-28,Thin Brick - Weathered White,referral,1325.68
bd922420,CUST-00616,site_visit,2024-07-05,,architect_referral,
947b1033,CUST-00616,visualizer_use,2024-07-14,Glass - Midnight,architect_referral,
f78d0879,CUST-00616,sample_request,2024-07-11,Natural Press - Oatmeal,architect_referral,
32f8caae,CUST-00616,purchase,2024-07-31,Natural Press - Sable,architect_referral,1034.47
5c44e60a,CUST-00616,repeat_purchase,2025-04-13,Natural Press - Fog,architect_referral,968.84
0c78e350,CUST-00617,site_visit,2025-05-14,,direct,
016b4593,CUST-00617,visualizer_use,2025-05-19,Glass - Seaglass,direct,
7ee1fa6b,CUST-00617,sample_request,2025-05-23,Original Ceramic - Clamshell,direct,
b4e66d8f,CUST-00617,purchase,2025-07-14,Natural Press - Fog,direct,814.0
79642a3d,CUST-00618,site_visit,2025-06-07,,direct,
252e4a77,CUST-00618,sample_request,2025-06-23,Glass - Champagne,direct,
7e05d0ef,CUST-00619,site_visit,2024-08-19,,referral,
9818255c,CUST-00619,visualizer_use,2024-08-25,Natural Press - Sable,referral,
049f7cb3,CUST-00619,sample_request,2024-08-28,Glass - Seaglass,referral,
2d506d60,CUST-00619,sample_request,2024-09-11,Original Ceramic - Aegean,referral,
3203468b,CUST-00619,purchase,2024-10-19,Natural Press - Sable,referral,1178.06
c9345b3c,CUST-00620,site_visit,2024-06-13,,paid_social,
d603bda1,CUST-00620,visualizer_use,2024-06-18,Original Ceramic - Sage,paid_social,
318627f3,CUST-00620,sample_request,2024-06-18,Original Ceramic - Clamshell,paid_social,
0270a47b,CUST-00621,site_visit,2024-04-30,,paid_social,
a7caf03b,CUST-00621,sample_request,2024-05-03,Glass - Champagne,paid_social,
2b962302,CUST-00621,sample_request,2024-06-01,Thin Brick - Terracotta,paid_social,
bf83d16c,CUST-00621,purchase,2024-05-27,Original Ceramic - Aegean,paid_social,1729.28
64f605ab,CUST-00621,repeat_purchase,2024-11-22,Original Ceramic - Clamshell,paid_social,853.68
3f2aef30,CUST-00622,site_visit,2024-10-25,,architect_referral,
5f869f55,CUST-00622,sample_request,2024-11-15,Glass - Midnight,architect_referral,
0ce891b6,CUST-00622,sample_request,2024-12-10,Original Ceramic - Sage,architect_referral,
cc5cba3e,CUST-00623,site_visit,2024-12-02,,trade_show,
c9d2773e,CUST-00623,visualizer_use,2024-12-09,Natural Press - Oatmeal,trade_show,
69ff8a46,CUST-00623,sample_request,2024-12-13,Natural Press - Sable,trade_show,
9986cd7d,CUST-00624,site_visit,2024-04-20,,organic_search,
89ef87bc,CUST-00624,sample_request,2024-05-08,Thin Brick - Charcoal,organic_search,
dfe52d72,CUST-00625,site_visit,2025-06-19,,trade_show,
2f97b5dc,CUST-00625,sample_request,2025-07-02,Original Ceramic - Aegean,trade_show,
1dd03da1,CUST-00626,site_visit,2024-09-26,,showroom_walkin,
ee8f3ac5,CUST-00626,sample_request,2024-10-01,Glass - Midnight,showroom_walkin,
e9041753,CUST-00627,site_visit,2024-04-02,,email_capture,
57a7c30f,CUST-00627,visualizer_use,2024-04-09,Natural Press - Fog,email_capture,
879cfdd4,CUST-00627,sample_request,2024-04-10,Natural Press - Fog,email_capture,
2cece393,CUST-00627,purchase,2024-05-24,Glass - Champagne,email_capture,834.74
189ca0cc,CUST-00628,site_visit,2024-07-22,,showroom_walkin,
ca17d497,CUST-00628,visualizer_use,2024-07-27,Glass - Champagne,showroom_walkin,
a87c5544,CUST-00628,sample_request,2024-07-25,Glass - Seaglass,showroom_walkin,
d1b53a22,CUST-00629,site_visit,2024-02-11,,organic_search,
892783b8,CUST-00630,site_visit,2024-08-09,,showroom_walkin,
14fa4c04,CUST-00630,sample_request,2024-08-26,Thin Brick - Weathered White,showroom_walkin,
9abf0128,CUST-00630,purchase,2024-10-08,Glass - Seaglass,showroom_walkin,1644.05
51c0fb02,CUST-00631,site_visit,2024-08-28,,paid_social,
89ff6887,CUST-00632,site_visit,2025-06-03,,organic_search,
8839c43c,CUST-00632,visualizer_use,2025-06-13,Glass - Champagne,organic_search,
b5311454,CUST-00632,sample_request,2025-06-07,Glass - Midnight,organic_search,
4d320f83,CUST-00632,purchase,2025-07-21,Original Ceramic - Clamshell,organic_search,1010.66
0d67d355,CUST-00633,site_visit,2024-03-06,,showroom_walkin,
8a96199b,CUST-00634,site_visit,2025-02-09,,email_capture,
34c77ef4,CUST-00634,visualizer_use,2025-02-17,Glass - Seaglass,email_capture,
0103d0d7,CUST-00634,sample_request,2025-02-18,Thin Brick - Charcoal,email_capture,
6da0dbd4,CUST-00634,purchase,2025-04-14,Original Ceramic - Sage,email_capture,901.69
6edb7f1a,CUST-00635,site_visit,2024-07-02,,paid_social,
fe579352,CUST-00635,visualizer_use,2024-07-08,Thin Brick - Weathered White,paid_social,
0c1e23f0,CUST-00635,sample_request,2024-07-13,Glass - Seaglass,paid_social,
8fd2ecda,CUST-00636,site_visit,2025-05-26,,direct,
9afbe6b8,CUST-00636,sample_request,2025-05-29,Glass - Champagne,direct,
e70ce730,CUST-00636,sample_request,2025-06-20,Original Ceramic - Aegean,direct,
289fbe7f,CUST-00636,purchase,2025-06-11,Glass - Champagne,direct,635.92
da2d7976,CUST-00637,site_visit,2024-03-12,,referral,
8a55375e,CUST-00637,visualizer_use,2024-03-22,Original Ceramic - Clamshell,referral,
a090fa22,CUST-00637,sample_request,2024-03-22,Original Ceramic - Clamshell,referral,
94c5bc71,CUST-00637,purchase,2024-04-07,Glass - Midnight,referral,1540.11
d300aa7f,CUST-00638,site_visit,2024-11-15,,architect_referral,
00e3aa1d,CUST-00639,site_visit,2025-02-02,,trade_show,
55dca90b,CUST-00639,purchase,2025-02-12,Glass - Midnight,trade_show,24015.33
242d139e,CUST-00640,site_visit,2024-11-24,,paid_social,
7b8b8ca0,CUST-00640,sample_request,2024-11-28,Glass - Midnight,paid_social,
c2df779f,CUST-00640,purchase,2024-12-29,Original Ceramic - Aegean,paid_social,515.34
f85d22d0,CUST-00641,site_visit,2024-10-21,,direct,
ef489f2d,CUST-00642,site_visit,2025-07-01,,architect_referral,
269504ec,CUST-00642,visualizer_use,2025-07-11,Glass - Seaglass,architect_referral,
dce73c96,CUST-00642,sample_request,2025-07-10,Original Ceramic - Clamshell,architect_referral,
ea9008e3,CUST-00642,sample_request,2025-07-21,Original Ceramic - Sage,architect_referral,
fca74167,CUST-00642,purchase,2025-07-28,Thin Brick - Terracotta,architect_referral,1649.3
4c9072bb,CUST-00643,site_visit,2025-01-25,,organic_search,
4abac3fa,CUST-00644,site_visit,2024-08-21,,paid_social,
f76f4767,CUST-00644,sample_request,2024-09-03,Thin Brick - Charcoal,paid_social,
c5915c5f,CUST-00644,purchase,2024-10-21,Natural Press - Sable,paid_social,1431.29
c9300c48,CUST-00645,site_visit,2025-05-14,,referral,
6df5c396,CUST-00645,visualizer_use,2025-05-24,Original Ceramic - Sage,referral,
2dd04655,CUST-00645,sample_request,2025-05-27,Glass - Midnight,referral,
e425fb81,CUST-00645,sample_request,2025-06-24,Natural Press - Sable,referral,
f9291daf,CUST-00646,site_visit,2024-04-21,,referral,
e1bcaa52,CUST-00646,sample_request,2024-05-07,Original Ceramic - Aegean,referral,
9a9ed0c3,CUST-00646,sample_request,2024-05-24,Original Ceramic - Clamshell,referral,
5ad42365,CUST-00646,purchase,2024-06-27,Natural Press - Oatmeal,referral,1528.97
69873df2,CUST-00647,site_visit,2025-05-30,,trade_show,
a60495f6,CUST-00648,site_visit,2025-02-04,,showroom_walkin,
67102176,CUST-00648,visualizer_use,2025-02-14,Thin Brick - Terracotta,showroom_walkin,
0bf46f43,CUST-00648,sample_request,2025-02-18,Glass - Midnight,showroom_walkin,
f40f0b8d,CUST-00649,site_visit,2025-06-14,,organic_search,
b138fff2,CUST-00649,visualizer_use,2025-06-15,Thin Brick - Charcoal,organic_search,
7259083f,CUST-00649,sample_request,2025-06-21,Original Ceramic - Aegean,organic_search,
3a5e7a74,CUST-00649,purchase,2025-07-12,Original Ceramic - Aegean,organic_search,1467.05
b0488ec8,CUST-00650,site_visit,2024-10-16,,architect_referral,
faf055ca,CUST-00650,purchase,2024-11-26,Natural Press - Oatmeal,architect_referral,23130.77
72bc39eb,CUST-00650,repeat_purchase,2025-05-04,Original Ceramic - Clamshell,architect_referral,19984.36
f84c425e,CUST-00651,site_visit,2024-05-27,,direct,
c108f350,CUST-00652,site_visit,2025-03-03,,trade_show,
4fb831e3,CUST-00652,visualizer_use,2025-03-11,Natural Press - Oatmeal,trade_show,
fd9bcd77,CUST-00652,sample_request,2025-03-15,Natural Press - Oatmeal,trade_show,
edc26c1f,CUST-00652,purchase,2025-04-20,Glass - Seaglass,trade_show,15247.29
c64123c9,CUST-00653,site_visit,2025-02-26,,paid_social,
b4dcbc53,CUST-00653,sample_request,2025-03-12,Original Ceramic - Aegean,paid_social,
b95f3ae9,CUST-00653,purchase,2025-05-05,Original Ceramic - Clamshell,paid_social,1352.88
bcc5dec2,CUST-00654,site_visit,2025-06-27,,trade_show,
a0e42d53,CUST-00654,sample_request,2025-07-08,Natural Press - Oatmeal,trade_show,
3b7a8e50,CUST-00654,project_upload,2025-08-06,,trade_show,
dee8b1c9,CUST-00654,purchase,2025-08-05,Natural Press - Sable,trade_show,18945.76
6b772ab3,CUST-00655,site_visit,2025-02-23,,email_capture,
e5ea625e,CUST-00655,sample_request,2025-02-26,Thin Brick - Charcoal,email_capture,
b270cc68,CUST-00655,sample_request,2025-03-04,Original Ceramic - Clamshell,email_capture,
e4f794f2,CUST-00656,site_visit,2025-01-06,,showroom_walkin,
80a59a4d,CUST-00656,sample_request,2025-01-16,Original Ceramic - Sage,showroom_walkin,
b3974cfa,CUST-00656,sample_request,2025-01-30,Thin Brick - Charcoal,showroom_walkin,
3101338c,CUST-00656,purchase,2025-02-01,Thin Brick - Charcoal,showroom_walkin,555.36
8faa63cf,CUST-00657,site_visit,2025-05-21,,showroom_walkin,
cd160311,CUST-00657,purchase,2025-06-17,Original Ceramic - Aegean,showroom_walkin,23758.44
a125bd0e,CUST-00658,site_visit,2024-02-02,,referral,
5689d5d8,CUST-00658,visualizer_use,2024-02-05,Glass - Midnight,referral,
7861700f,CUST-00658,sample_request,2024-02-03,Thin Brick - Terracotta,referral,
46bfdc3c,CUST-00658,sample_request,2024-03-04,Glass - Champagne,referral,
aa1ec518,CUST-00659,site_visit,2024-09-24,,paid_social,
5e1b96b2,CUST-00660,site_visit,2024-01-24,,direct,
7b1fe98d,CUST-00661,site_visit,2024-12-15,,organic_search,
e9704c76,CUST-00661,sample_request,2025-01-05,Original Ceramic - Sage,organic_search,
9300bbbf,CUST-00661,sample_request,2025-02-02,Original Ceramic - Sage,organic_search,
dbce7688,CUST-00661,purchase,2025-02-26,Original Ceramic - Aegean,organic_search,1731.95
4d9c3fe7,CUST-00662,site_visit,2024-07-16,,referral,
d7fc0928,CUST-00663,site_visit,2025-06-03,,trade_show,
66c8ebd7,CUST-00663,purchase,2025-06-21,Natural Press - Oatmeal,trade_show,22397.07
53c78188,CUST-00664,site_visit,2025-03-12,,organic_search,
036526a8,CUST-00664,sample_request,2025-03-17,Original Ceramic - Sage,organic_search,
a6ab422b,CUST-00664,purchase,2025-05-11,Original Ceramic - Sage,organic_search,1544.78
c66eb4bc,CUST-00665,site_visit,2025-01-05,,paid_social,
c31424e9,CUST-00666,site_visit,2024-11-16,,architect_referral,
035f750a,CUST-00666,sample_request,2024-11-30,Natural Press - Fog,architect_referral,
2f370b6f,CUST-00666,purchase,2025-01-05,Original Ceramic - Clamshell,architect_referral,1033.05
48809d70,CUST-00667,site_visit,2024-06-01,,trade_show,
5723797b,CUST-00667,visualizer_use,2024-06-08,Original Ceramic - Clamshell,trade_show,
584ab392,CUST-00667,sample_request,2024-06-05,Original Ceramic - Aegean,trade_show,
a83020e6,CUST-00668,site_visit,2024-06-12,,email_capture,
e6af2306,CUST-00668,visualizer_use,2024-06-19,Thin Brick - Weathered White,email_capture,
0c1aa945,CUST-00668,sample_request,2024-06-16,Glass - Champagne,email_capture,
4b30b29d,CUST-00668,purchase,2024-07-12,Natural Press - Fog,email_capture,1284.11
16587811,CUST-00669,site_visit,2025-01-17,,paid_social,
f70811a9,CUST-00669,sample_request,2025-01-27,Thin Brick - Terracotta,paid_social,
5210c3f1,CUST-00670,site_visit,2024-07-18,,referral,
740007d0,CUST-00670,sample_request,2024-07-25,Glass - Midnight,referral,
cdd1330f,CUST-00670,sample_request,2024-08-02,Glass - Seaglass,referral,
b393b0fd,CUST-00670,purchase,2024-09-09,Glass - Champagne,referral,850.32
12974ce6,CUST-00671,site_visit,2024-07-16,,paid_social,
c5795caa,CUST-00671,visualizer_use,2024-07-16,Natural Press - Fog,paid_social,
a4c052c3,CUST-00671,sample_request,2024-07-26,Glass - Midnight,paid_social,
8398a078,CUST-00672,site_visit,2024-05-03,,trade_show,
1de753be,CUST-00672,sample_request,2024-05-09,Original Ceramic - Clamshell,trade_show,
fc030526,CUST-00673,site_visit,2025-08-31,,showroom_walkin,
76e6fc9f,CUST-00673,sample_request,2025-09-05,Thin Brick - Weathered White,showroom_walkin,
0f83753f,CUST-00673,sample_request,2025-09-20,Glass - Champagne,showroom_walkin,
746ca33d,CUST-00673,purchase,2025-09-21,Thin Brick - Terracotta,showroom_walkin,841.38
db7b4f6f,CUST-00674,site_visit,2025-08-05,,referral,
0f32cdd7,CUST-00674,visualizer_use,2025-08-06,Original Ceramic - Clamshell,referral,
917d19b9,CUST-00674,sample_request,2025-08-14,Original Ceramic - Clamshell,referral,
a85b8829,CUST-00675,site_visit,2024-03-12,,paid_social,
cb509d3c,CUST-00675,sample_request,2024-03-14,Natural Press - Oatmeal,paid_social,
2010a303,CUST-00675,purchase,2024-04-05,Thin Brick - Charcoal,paid_social,479.12
7603074c,CUST-00676,site_visit,2024-06-05,,trade_show,
46655fd8,CUST-00676,visualizer_use,2024-06-09,Glass - Midnight,trade_show,
ff94e526,CUST-00676,sample_request,2024-06-17,Thin Brick - Terracotta,trade_show,
a9770a6b,CUST-00676,sample_request,2024-06-23,Natural Press - Oatmeal,trade_show,
3bd4c2c5,CUST-00676,purchase,2024-07-25,Thin Brick - Terracotta,trade_show,410.01
5de670e4,CUST-00677,site_visit,2024-01-08,,organic_search,
cab02b02,CUST-00677,visualizer_use,2024-01-17,Natural Press - Sable,organic_search,
7cf978ae,CUST-00677,sample_request,2024-01-14,Natural Press - Sable,organic_search,
3ad36cbf,CUST-00677,purchase,2024-03-02,Glass - Seaglass,organic_search,1340.58
063e7012,CUST-00678,site_visit,2025-08-30,,trade_show,
31a77a55,CUST-00678,sample_request,2025-09-05,Original Ceramic - Clamshell,trade_show,
85323617,CUST-00679,site_visit,2025-05-18,,organic_search,
0fffa266,CUST-00679,visualizer_use,2025-05-27,Original Ceramic - Sage,organic_search,
75c01a15,CUST-00679,sample_request,2025-06-01,Original Ceramic - Aegean,organic_search,
e6c24373,CUST-00680,site_visit,2025-01-11,,organic_search,
1461a251,CUST-00681,site_visit,2024-07-28,,email_capture,
975d04de,CUST-00681,sample_request,2024-07-28,Original Ceramic - Sage,email_capture,
0e74cb99,CUST-00682,site_visit,2024-06-05,,organic_search,
095aa0bf,CUST-00682,sample_request,2024-06-05,Thin Brick - Weathered White,organic_search,
b744ae79,CUST-00683,site_visit,2024-10-05,,organic_search,
19719881,CUST-00683,sample_request,2024-10-20,Natural Press - Oatmeal,organic_search,
30306de1,CUST-00683,project_upload,2024-11-10,,organic_search,
dfd3b7c8,CUST-00683,purchase,2024-11-19,Glass - Champagne,organic_search,19483.53
b1da397d,CUST-00683,repeat_purchase,2025-03-03,Natural Press - Fog,organic_search,12359.85
2d8ab00e,CUST-00684,site_visit,2025-05-21,,organic_search,
4b27c5b0,CUST-00684,visualizer_use,2025-05-26,Thin Brick - Charcoal,organic_search,
5adfed89,CUST-00684,sample_request,2025-06-03,Glass - Champagne,organic_search,
299112ea,CUST-00684,sample_request,2025-06-24,Thin Brick - Charcoal,organic_search,
abf70118,CUST-00684,purchase,2025-07-01,Thin Brick - Terracotta,organic_search,1156.3
74dfae90,CUST-00685,site_visit,2025-03-05,,trade_show,
a80c0672,CUST-00686,site_visit,2024-11-29,,trade_show,
47653c18,CUST-00686,sample_request,2024-12-19,Thin Brick - Charcoal,trade_show,
c4a3e632,CUST-00686,purchase,2025-02-14,Original Ceramic - Sage,trade_show,25268.88
b5387128,CUST-00687,site_visit,2024-04-08,,organic_search,
a7ba69a5,CUST-00687,sample_request,2024-04-16,Glass - Midnight,organic_search,
d680c0c6,CUST-00687,purchase,2024-06-06,Natural Press - Fog,organic_search,1236.59
eab34abf,CUST-00688,site_visit,2024-02-12,,referral,
d16a3621,CUST-00689,site_visit,2025-08-24,,trade_show,
0c428240,CUST-00689,visualizer_use,2025-08-28,Glass - Champagne,trade_show,
c032fe9e,CUST-00689,sample_request,2025-08-28,Thin Brick - Terracotta,trade_show,
ed875892,CUST-00689,sample_request,2025-09-14,Thin Brick - Terracotta,trade_show,
d0a8b4fa,CUST-00689,project_upload,2025-09-26,,trade_show,
dcfa3eb5,CUST-00689,purchase,2025-10-02,Glass - Seaglass,trade_show,7354.02
d0582c41,CUST-00690,site_visit,2024-03-11,,paid_social,
bd4175b5,CUST-00691,site_visit,2024-06-27,,paid_social,
cd863144,CUST-00691,visualizer_use,2024-06-29,Original Ceramic - Sage,paid_social,
ee5b48f0,CUST-00691,sample_request,2024-07-05,Natural Press - Oatmeal,paid_social,
252d132c,CUST-00692,site_visit,2025-08-20,,direct,
7edbf64e,CUST-00692,visualizer_use,2025-08-22,Original Ceramic - Clamshell,direct,
5c838c5c,CUST-00692,sample_request,2025-08-30,Thin Brick - Weathered White,direct,
f56d1171,CUST-00692,purchase,2025-10-21,Thin Brick - Terracotta,direct,1135.25
bacb7dde,CUST-00693,site_visit,2025-01-01,,organic_search,
bb4423e2,CUST-00693,visualizer_use,2025-01-03,Original Ceramic - Sage,organic_search,
1932a506,CUST-00693,sample_request,2025-01-12,Natural Press - Oatmeal,organic_search,
e25ce966,CUST-00693,purchase,2025-01-23,Thin Brick - Charcoal,organic_search,1759.21
1508982a,CUST-00694,site_visit,2025-02-04,,trade_show,
ce89b578,CUST-00694,visualizer_use,2025-02-12,Original Ceramic - Aegean,trade_show,
4af159b0,CUST-00694,sample_request,2025-02-17,Original Ceramic - Clamshell,trade_show,
46945b29,CUST-00694,purchase,2025-04-07,Glass - Midnight,trade_show,1064.66
50a92951,CUST-00695,site_visit,2024-05-10,,organic_search,
8eb69b31,CUST-00695,visualizer_use,2024-05-16,Thin Brick - Charcoal,organic_search,
6c35e961,CUST-00695,sample_request,2024-05-14,Natural Press - Sable,organic_search,
1d4f4acc,CUST-00695,sample_request,2024-05-29,Glass - Seaglass,organic_search,
a9e682bc,CUST-00695,project_upload,2024-06-14,,organic_search,
4899fe0f,CUST-00695,purchase,2024-06-04,Original Ceramic - Clamshell,organic_search,20016.88
9ef0fe87,CUST-00696,site_visit,2024-09-04,,trade_show,
ba35481c,CUST-00696,visualizer_use,2024-09-06,Thin Brick - Charcoal,trade_show,
b10ffe4c,CUST-00696,sample_request,2024-09-09,Glass - Seaglass,trade_show,
9dbf5042,CUST-00697,site_visit,2025-01-30,,trade_show,
ca3345d4,CUST-00697,purchase,2025-03-18,Natural Press - Sable,trade_show,8583.44
f015719c,CUST-00698,site_visit,2024-12-22,,trade_show,
a6022848,CUST-00698,visualizer_use,2024-12-31,Original Ceramic - Clamshell,trade_show,
4317f738,CUST-00699,site_visit,2025-04-18,,paid_social,
4a505c02,CUST-00699,visualizer_use,2025-04-27,Thin Brick - Charcoal,paid_social,
cf1e9960,CUST-00699,sample_request,2025-04-21,Thin Brick - Charcoal,paid_social,
6d26f592,CUST-00700,site_visit,2024-09-15,,referral,
fa0c0518,CUST-00700,visualizer_use,2024-09-19,Glass - Midnight,referral,
0dc02569,CUST-00700,sample_request,2024-09-24,Thin Brick - Weathered White,referral,
265023b0,CUST-00700,purchase,2024-10-28,Glass - Midnight,referral,1279.36
2f4a2c25,CUST-00701,site_visit,2024-04-20,,organic_search,
ae634d6c,CUST-00701,sample_request,2024-05-11,Thin Brick - Weathered White,organic_search,
36aff060,CUST-00702,site_visit,2024-09-30,,showroom_walkin,
49e4485f,CUST-00702,sample_request,2024-10-12,Natural Press - Oatmeal,showroom_walkin,
1462b98c,CUST-00702,sample_request,2024-11-04,Thin Brick - Terracotta,showroom_walkin,
aa8e9bc9,CUST-00702,purchase,2024-11-05,Original Ceramic - Sage,showroom_walkin,1533.37
46e12fea,CUST-00702,repeat_purchase,2025-05-01,Original Ceramic - Clamshell,showroom_walkin,1092.49
34052194,CUST-00703,site_visit,2024-11-11,,organic_search,
155da7b8,CUST-00703,visualizer_use,2024-11-12,Glass - Seaglass,organic_search,
fa2499cb,CUST-00703,sample_request,2024-11-19,Original Ceramic - Clamshell,organic_search,
dcf5b028,CUST-00703,purchase,2024-12-30,Natural Press - Oatmeal,organic_search,1471.08
5d129c02,CUST-00704,site_visit,2025-02-01,,paid_social,
9993b2ff,CUST-00704,sample_request,2025-02-13,Natural Press - Oatmeal,paid_social,
6b3a9b34,CUST-00704,sample_request,2025-03-12,Natural Press - Sable,paid_social,
fd42acc8,CUST-00705,site_visit,2024-09-06,,email_capture,
c0141856,CUST-00705,sample_request,2024-09-20,Glass - Seaglass,email_capture,
1c8989ea,CUST-00705,sample_request,2024-10-06,Natural Press - Sable,email_capture,
b52a9f45,CUST-00705,purchase,2024-10-07,Thin Brick - Weathered White,email_capture,706.79
99a32bd4,CUST-00706,site_visit,2024-08-22,,trade_show,
1eaef756,CUST-00706,sample_request,2024-08-26,Natural Press - Sable,trade_show,
eba9107b,CUST-00706,purchase,2024-09-12,Natural Press - Oatmeal,trade_show,14588.09
86c36916,CUST-00707,site_visit,2024-06-29,,direct,
b1fa190c,CUST-00707,sample_request,2024-07-02,Natural Press - Sable,direct,
dc213f0b,CUST-00707,sample_request,2024-07-21,Glass - Champagne,direct,
21cc4767,CUST-00708,site_visit,2024-06-24,,showroom_walkin,
3659a177,CUST-00708,sample_request,2024-07-13,Natural Press - Fog,showroom_walkin,
f5b5432e,CUST-00708,project_upload,2024-07-26,,showroom_walkin,
345f81ca,CUST-00709,site_visit,2025-05-16,,referral,
82a35e49,CUST-00709,sample_request,2025-06-04,Thin Brick - Weathered White,referral,
0fa0c721,CUST-00710,site_visit,2024-03-16,,organic_search,
1074d81a,CUST-00710,sample_request,2024-03-16,Natural Press - Fog,organic_search,
3304ec87,CUST-00710,sample_request,2024-04-14,Thin Brick - Charcoal,organic_search,
6746b2c7,CUST-00711,site_visit,2024-11-05,,architect_referral,
0cc68248,CUST-00711,sample_request,2024-11-19,Natural Press - Fog,architect_referral,
d7d755e6,CUST-00711,sample_request,2024-11-25,Natural Press - Oatmeal,architect_referral,
d9074901,CUST-00712,site_visit,2025-01-30,,paid_social,
9e9e09c2,CUST-00712,visualizer_use,2025-02-06,Original Ceramic - Sage,paid_social,
5df0faab,CUST-00712,sample_request,2025-02-03,Natural Press - Sable,paid_social,
d8640237,CUST-00712,purchase,2025-03-27,Original Ceramic - Aegean,paid_social,1186.23
86c49e25,CUST-00713,site_visit,2024-12-21,,referral,
64bb483a,CUST-00714,site_visit,2025-07-15,,showroom_walkin,
0675c9e5,CUST-00714,visualizer_use,2025-07-22,Thin Brick - Terracotta,showroom_walkin,
691b46f2,CUST-00714,sample_request,2025-07-20,Original Ceramic - Clamshell,showroom_walkin,
483bc748,CUST-00714,sample_request,2025-08-06,Natural Press - Sable,showroom_walkin,
04cbb463,CUST-00714,purchase,2025-07-29,Original Ceramic - Aegean,showroom_walkin,461.62
4796f3a4,CUST-00715,site_visit,2025-07-14,,paid_social,
8117a96b,CUST-00716,site_visit,2025-05-20,,referral,
395deb88,CUST-00716,sample_request,2025-06-06,Glass - Champagne,referral,
d11c2073,CUST-00717,site_visit,2025-08-31,,organic_search,
6018583c,CUST-00717,sample_request,2025-09-12,Original Ceramic - Aegean,organic_search,
ea9b38c8,CUST-00717,purchase,2025-09-28,Natural Press - Oatmeal,organic_search,1177.02
a754be99,CUST-00718,site_visit,2025-02-26,,showroom_walkin,
6289e255,CUST-00718,purchase,2025-03-25,Original Ceramic - Aegean,showroom_walkin,1696.57
56528392,CUST-00719,site_visit,2024-11-11,,paid_social,
e11f703e,CUST-00719,visualizer_use,2024-11-17,Natural Press - Oatmeal,paid_social,
785de6c8,CUST-00719,sample_request,2024-11-21,Original Ceramic - Clamshell,paid_social,
61d0c28f,CUST-00720,site_visit,2025-05-19,,referral,
98b26eb2,CUST-00720,visualizer_use,2025-05-26,Original Ceramic - Clamshell,referral,
552e6fef,CUST-00720,sample_request,2025-05-24,Natural Press - Fog,referral,
8abffb0d,CUST-00721,site_visit,2025-08-19,,organic_search,
388df659,CUST-00721,visualizer_use,2025-08-25,Glass - Midnight,organic_search,
b674ac65,CUST-00721,sample_request,2025-08-29,Natural Press - Sable,organic_search,
5be89cc8,CUST-00721,purchase,2025-09-09,Natural Press - Sable,organic_search,1047.27
b5a9bf33,CUST-00722,site_visit,2025-02-06,,organic_search,
63be88eb,CUST-00722,sample_request,2025-02-18,Glass - Seaglass,organic_search,
441d923c,CUST-00722,purchase,2025-03-17,Glass - Midnight,organic_search,694.77
012dd565,CUST-00723,site_visit,2024-05-09,,email_capture,
f0744bfc,CUST-00723,visualizer_use,2024-05-16,Glass - Seaglass,email_capture,
5ea1d890,CUST-00723,sample_request,2024-05-20,Thin Brick - Charcoal,email_capture,
461527b7,CUST-00724,site_visit,2024-12-19,,paid_social,
994505bf,CUST-00724,sample_request,2024-12-31,Thin Brick - Terracotta,paid_social,
425a519d,CUST-00725,site_visit,2024-07-07,,trade_show,
78744600,CUST-00725,visualizer_use,2024-07-09,Natural Press - Oatmeal,trade_show,
734549f9,CUST-00725,sample_request,2024-07-15,Natural Press - Sable,trade_show,
90158b94,CUST-00726,site_visit,2025-05-28,,organic_search,
8e143501,CUST-00726,sample_request,2025-06-13,Thin Brick - Weathered White,organic_search,
fdea2b94,CUST-00727,site_visit,2025-08-28,,email_capture,
7b6e83b4,CUST-00727,visualizer_use,2025-09-06,Thin Brick - Charcoal,email_capture,
7d2a147e,CUST-00727,purchase,2025-10-27,Glass - Midnight,email_capture,1629.53
73ba9c28,CUST-00728,site_visit,2024-08-22,,architect_referral,
dc61f480,CUST-00728,sample_request,2024-09-04,Original Ceramic - Aegean,architect_referral,
e8c4c1ac,CUST-00729,site_visit,2024-11-09,,architect_referral,
8647541e,CUST-00730,site_visit,2024-12-02,,trade_show,
dac66f4f,CUST-00730,sample_request,2024-12-06,Thin Brick - Terracotta,trade_show,
d115bcaf,CUST-00730,purchase,2025-01-09,Original Ceramic - Clamshell,trade_show,7057.42
19026a41,CUST-00730,repeat_purchase,2025-07-26,Thin Brick - Charcoal,trade_show,14386.35
ed834841,CUST-00731,site_visit,2024-01-04,,architect_referral,
ea606f29,CUST-00732,site_visit,2024-10-11,,showroom_walkin,
f48f51cf,CUST-00732,sample_request,2024-10-11,Thin Brick - Weathered White,showroom_walkin,
c50caf3a,CUST-00732,sample_request,2024-10-18,Original Ceramic - Clamshell,showroom_walkin,
abc3d02d,CUST-00732,purchase,2024-10-28,Thin Brick - Terracotta,showroom_walkin,1130.92
320dbfe7,CUST-00733,site_visit,2025-03-18,,direct,
0320da90,CUST-00733,sample_request,2025-04-05,Thin Brick - Terracotta,direct,
2ba57dd8,CUST-00734,site_visit,2025-01-12,,trade_show,
fb37c7ea,CUST-00734,sample_request,2025-01-22,Glass - Seaglass,trade_show,
20f8053c,CUST-00734,purchase,2025-02-04,Glass - Champagne,trade_show,16352.63
37d9b820,CUST-00735,site_visit,2024-05-02,,architect_referral,
1fba2077,CUST-00735,sample_request,2024-05-03,Original Ceramic - Sage,architect_referral,
7271d3bc,CUST-00735,purchase,2024-05-26,Original Ceramic - Clamshell,architect_referral,1541.97
9092b527,CUST-00736,site_visit,2024-11-03,,paid_social,
b4efde9f,CUST-00737,site_visit,2024-04-07,,trade_show,
60053208,CUST-00737,visualizer_use,2024-04-11,Natural Press - Sable,trade_show,
69c637c3,CUST-00738,site_visit,2025-07-13,,direct,
610d13f0,CUST-00738,sample_request,2025-07-26,Original Ceramic - Sage,direct,
f70f0cd4,CUST-00738,sample_request,2025-08-02,Original Ceramic - Sage,direct,
c8fd7461,CUST-00739,site_visit,2024-02-13,,direct,
5a4cb5be,CUST-00740,site_visit,2025-08-05,,organic_search,
24afb76f,CUST-00740,visualizer_use,2025-08-15,Glass - Champagne,organic_search,
28b47973,CUST-00740,sample_request,2025-08-12,Original Ceramic - Aegean,organic_search,
6627f38a,CUST-00741,site_visit,2024-03-01,,referral,
ddf0ecae,CUST-00741,sample_request,2024-03-19,Glass - Seaglass,referral,
424b5537,CUST-00741,sample_request,2024-03-27,Thin Brick - Terracotta,referral,
f295464b,CUST-00741,purchase,2024-05-06,Original Ceramic - Aegean,referral,1247.36
fc24293f,CUST-00742,site_visit,2024-02-11,,showroom_walkin,
a2b8d627,CUST-00743,site_visit,2024-01-15,,architect_referral,
0252bcf0,CUST-00744,site_visit,2024-10-08,,showroom_walkin,
b033b6ab,CUST-00744,visualizer_use,2024-10-18,Thin Brick - Charcoal,showroom_walkin,
3ecfac9f,CUST-00744,sample_request,2024-10-16,Natural Press - Sable,showroom_walkin,
5fbf003f,CUST-00744,purchase,2024-12-12,Original Ceramic - Aegean,showroom_walkin,1644.51
c49c5286,CUST-00745,site_visit,2025-03-12,,organic_search,
99436b89,CUST-00745,visualizer_use,2025-03-15,Glass - Midnight,organic_search,
dd3ab79e,CUST-00745,sample_request,2025-03-26,Natural Press - Sable,organic_search,
b4d4ff89,CUST-00745,sample_request,2025-04-15,Natural Press - Oatmeal,organic_search,
863f4fd3,CUST-00745,purchase,2025-04-10,Natural Press - Oatmeal,organic_search,424.0
d3e9942f,CUST-00746,site_visit,2024-10-01,,organic_search,
690244d6,CUST-00746,purchase,2024-11-13,Original Ceramic - Sage,organic_search,1740.02
0a359f93,CUST-00747,site_visit,2025-08-11,,showroom_walkin,
f19ee1ce,CUST-00747,sample_request,2025-08-28,Glass - Seaglass,showroom_walkin,
bc7c29d7,CUST-00747,sample_request,2025-09-05,Thin Brick - Terracotta,showroom_walkin,
30f95796,CUST-00747,purchase,2025-10-22,Thin Brick - Terracotta,showroom_walkin,994.79
3201a0f1,CUST-00748,site_visit,2024-12-31,,architect_referral,
99bb454d,CUST-00749,site_visit,2024-03-19,,referral,
11b547df,CUST-00749,sample_request,2024-03-21,Original Ceramic - Sage,referral,
1807165a,CUST-00749,purchase,2024-05-14,Natural Press - Fog,referral,700.35
1ddfc4fc,CUST-00750,site_visit,2025-04-05,,architect_referral,
e9e4f903,CUST-00751,site_visit,2024-06-20,,organic_search,
b9f2fdcb,CUST-00751,sample_request,2024-07-06,Thin Brick - Weathered White,organic_search,
2f7273bf,CUST-00751,sample_request,2024-08-02,Natural Press - Fog,organic_search,
23e13e25,CUST-00752,site_visit,2025-08-08,,organic_search,
d00f3c41,CUST-00752,visualizer_use,2025-08-10,Natural Press - Oatmeal,organic_search,
45ca9e84,CUST-00752,sample_request,2025-08-12,Original Ceramic - Clamshell,organic_search,
d9472a88,CUST-00753,site_visit,2024-07-28,,email_capture,
3ccce32c,CUST-00753,visualizer_use,2024-07-29,Original Ceramic - Clamshell,email_capture,
4763f8e6,CUST-00753,sample_request,2024-07-29,Original Ceramic - Clamshell,email_capture,
c696f330,CUST-00754,site_visit,2025-03-21,,paid_social,
1da778be,CUST-00754,sample_request,2025-04-08,Thin Brick - Weathered White,paid_social,
3b7b0b83,CUST-00754,sample_request,2025-05-02,Glass - Champagne,paid_social,
4ef39f21,CUST-00754,purchase,2025-04-28,Glass - Seaglass,paid_social,1735.07
debfc930,CUST-00755,site_visit,2025-07-02,,organic_search,
1372e112,CUST-00755,sample_request,2025-07-19,Original Ceramic - Sage,organic_search,
eeb5e7e5,CUST-00756,site_visit,2025-07-05,,paid_social,
bacbff1a,CUST-00756,sample_request,2025-07-22,Glass - Champagne,paid_social,
b2afe649,CUST-00756,sample_request,2025-08-04,Natural Press - Fog,paid_social,
467d81c1,CUST-00756,purchase,2025-09-19,Glass - Seaglass,paid_social,649.63
fa8f7444,CUST-00757,site_visit,2024-03-14,,referral,
e689d8ae,CUST-00757,visualizer_use,2024-03-18,Natural Press - Fog,referral,
d59fa86a,CUST-00757,sample_request,2024-03-27,Original Ceramic - Aegean,referral,
286dfc23,CUST-00758,site_visit,2025-08-22,,architect_referral,
c99c9f4e,CUST-00758,sample_request,2025-09-11,Thin Brick - Terracotta,architect_referral,
c33ca949,CUST-00758,sample_request,2025-09-27,Natural Press - Fog,architect_referral,
d22bc594,CUST-00758,project_upload,2025-09-24,,architect_referral,
8f5fb77e,CUST-00758,purchase,2025-10-04,Glass - Champagne,architect_referral,5990.73
bc612c8a,CUST-00759,site_visit,2024-03-19,,email_capture,
93a5a919,CUST-00759,visualizer_use,2024-03-26,Original Ceramic - Aegean,email_capture,
50434c44,CUST-00759,sample_request,2024-03-27,Original Ceramic - Aegean,email_capture,
729c59ba,CUST-00760,site_visit,2025-06-26,,paid_social,
a84f2c10,CUST-00760,visualizer_use,2025-06-29,Natural Press - Fog,paid_social,
313b27c6,CUST-00760,sample_request,2025-06-27,Natural Press - Fog,paid_social,
60f248b4,CUST-00761,site_visit,2025-02-24,,organic_search,
1e880599,CUST-00761,visualizer_use,2025-03-05,Thin Brick - Charcoal,organic_search,
71fb0fef,CUST-00762,site_visit,2024-05-05,,organic_search,
02dd5b96,CUST-00762,sample_request,2024-05-13,Thin Brick - Charcoal,organic_search,
0efba70c,CUST-00763,site_visit,2025-02-13,,showroom_walkin,
aaf463c5,CUST-00764,site_visit,2024-11-10,,architect_referral,
c90d8777,CUST-00764,visualizer_use,2024-11-18,Glass - Seaglass,architect_referral,
d1dbb584,CUST-00764,sample_request,2024-11-15,Natural Press - Sable,architect_referral,
411ddd8a,CUST-00764,purchase,2025-01-01,Natural Press - Fog,architect_referral,945.83
127ac78b,CUST-00765,site_visit,2024-10-27,,showroom_walkin,
ffff9c61,CUST-00765,sample_request,2024-11-04,Natural Press - Sable,showroom_walkin,
f093cdab,CUST-00766,site_visit,2025-05-27,,referral,
48d4f158,CUST-00766,purchase,2025-07-17,Natural Press - Sable,referral,875.9
92bed19f,CUST-00767,site_visit,2024-12-29,,architect_referral,
067b4ab6,CUST-00767,sample_request,2025-01-02,Original Ceramic - Sage,architect_referral,
6338b8f0,CUST-00767,purchase,2025-02-28,Original Ceramic - Aegean,architect_referral,573.29
37a4f2b0,CUST-00768,site_visit,2025-02-18,,organic_search,
7796228e,CUST-00768,visualizer_use,2025-02-19,Thin Brick - Weathered White,organic_search,
ddc01313,CUST-00768,sample_request,2025-02-26,Natural Press - Fog,organic_search,
cc7b6ab8,CUST-00769,site_visit,2024-07-08,,organic_search,
97ced923,CUST-00769,sample_request,2024-07-08,Natural Press - Oatmeal,organic_search,
d7eb94de,CUST-00770,site_visit,2024-01-04,,referral,
6313b108,CUST-00770,sample_request,2024-01-23,Original Ceramic - Sage,referral,
38289855,CUST-00770,purchase,2024-02-05,Natural Press - Oatmeal,referral,1154.92
d087afcd,CUST-00771,site_visit,2024-08-08,,showroom_walkin,
3f32d0b5,CUST-00771,visualizer_use,2024-08-09,Original Ceramic - Sage,showroom_walkin,
9ce8777e,CUST-00771,sample_request,2024-08-09,Thin Brick - Terracotta,showroom_walkin,
300156ef,CUST-00771,sample_request,2024-08-31,Glass - Seaglass,showroom_walkin,
e4f90f7a,CUST-00772,site_visit,2025-05-19,,showroom_walkin,
c65c5d74,CUST-00772,visualizer_use,2025-05-19,Natural Press - Oatmeal,showroom_walkin,
6e7d0626,CUST-00772,purchase,2025-06-08,Glass - Seaglass,showroom_walkin,10799.47
af75bfc6,CUST-00773,site_visit,2024-08-05,,organic_search,
6cd82a05,CUST-00773,visualizer_use,2024-08-11,Glass - Champagne,organic_search,
dfd8063a,CUST-00773,sample_request,2024-08-12,Thin Brick - Weathered White,organic_search,
0af5f658,CUST-00774,site_visit,2024-10-24,,architect_referral,
1ec711e4,CUST-00774,sample_request,2024-11-14,Glass - Champagne,architect_referral,
7e0580f3,CUST-00774,project_upload,2024-12-14,,architect_referral,
20b4acf8,CUST-00774,purchase,2024-12-14,Thin Brick - Terracotta,architect_referral,12946.51
4a3c5f4a,CUST-00775,site_visit,2024-10-23,,organic_search,
d1ea3c1d,CUST-00775,visualizer_use,2024-10-25,Glass - Seaglass,organic_search,
34538e28,CUST-00775,sample_request,2024-11-04,Thin Brick - Weathered White,organic_search,
3e9b206c,CUST-00775,purchase,2024-12-05,Thin Brick - Charcoal,organic_search,1617.41
50770cc0,CUST-00776,site_visit,2025-04-12,,architect_referral,
9c6b17b6,CUST-00776,visualizer_use,2025-04-21,Natural Press - Oatmeal,architect_referral,
d4070b20,CUST-00776,sample_request,2025-04-22,Original Ceramic - Sage,architect_referral,
07f2d5c7,CUST-00776,purchase,2025-06-18,Natural Press - Oatmeal,architect_referral,1764.8
15defdb4,CUST-00777,site_visit,2024-05-24,,referral,
74509b61,CUST-00777,visualizer_use,2024-06-03,Original Ceramic - Sage,referral,
cd0efb13,CUST-00777,sample_request,2024-05-31,Original Ceramic - Aegean,referral,
6dc38dbe,CUST-00777,sample_request,2024-06-22,Thin Brick - Terracotta,referral,
49cf6c4c,CUST-00777,project_upload,2024-06-29,,referral,
9b2d1a77,CUST-00777,purchase,2024-07-18,Glass - Champagne,referral,8006.29
2c372c0d,CUST-00778,site_visit,2024-12-18,,architect_referral,
d39e516b,CUST-00778,visualizer_use,2024-12-20,Glass - Seaglass,architect_referral,
7bf8b84e,CUST-00778,sample_request,2024-12-24,Glass - Champagne,architect_referral,
a5f7653a,CUST-00778,purchase,2025-01-24,Thin Brick - Charcoal,architect_referral,10404.27
03873b42,CUST-00778,repeat_purchase,2025-07-26,Original Ceramic - Sage,architect_referral,16519.11
e129bf29,CUST-00779,site_visit,2024-07-13,,organic_search,
baf86642,CUST-00780,site_visit,2024-11-14,,referral,
c5cfcddb,CUST-00780,visualizer_use,2024-11-17,Original Ceramic - Aegean,referral,
8dc7799b,CUST-00780,sample_request,2024-11-28,Glass - Champagne,referral,
0bafcc82,CUST-00780,purchase,2024-12-08,Glass - Seaglass,referral,563.5
6f3aecf4,CUST-00781,site_visit,2024-01-27,,email_capture,
39028a07,CUST-00781,visualizer_use,2024-02-06,Thin Brick - Weathered White,email_capture,
6ae65cc0,CUST-00781,sample_request,2024-02-08,Natural Press - Fog,email_capture,
88ea7c29,CUST-00781,sample_request,2024-03-04,Glass - Champagne,email_capture,
7e93491c,CUST-00781,purchase,2024-03-23,Thin Brick - Charcoal,email_capture,1729.19
69072e71,CUST-00782,site_visit,2025-02-04,,referral,
efbd713d,CUST-00782,sample_request,2025-02-08,Thin Brick - Weathered White,referral,
5d5e3f93,CUST-00783,site_visit,2024-06-13,,direct,
57803163,CUST-00783,purchase,2024-07-19,Original Ceramic - Clamshell,direct,7724.29
96ea7a0b,CUST-00784,site_visit,2025-04-23,,trade_show,
7148bbc8,CUST-00784,sample_request,2025-04-28,Original Ceramic - Aegean,trade_show,
12da7c07,CUST-00785,site_visit,2024-05-04,,referral,
8aeaf35c,CUST-00785,visualizer_use,2024-05-04,Thin Brick - Terracotta,referral,
b67561dc,CUST-00786,site_visit,2024-04-06,,organic_search,
c19f12ce,CUST-00786,visualizer_use,2024-04-07,Glass - Seaglass,organic_search,
e58a5e1d,CUST-00786,sample_request,2024-04-08,Original Ceramic - Clamshell,organic_search,
fd01e28a,CUST-00787,site_visit,2025-05-18,,organic_search,
d58443e3,CUST-00787,sample_request,2025-06-05,Glass - Champagne,organic_search,
e0390a58,CUST-00788,site_visit,2025-07-06,,direct,
9c8f7c83,CUST-00789,site_visit,2025-03-14,,showroom_walkin,
36624ef2,CUST-00789,purchase,2025-04-15,Original Ceramic - Clamshell,showroom_walkin,1125.59
09c7c2f9,CUST-00790,site_visit,2024-06-24,,showroom_walkin,
4a66073b,CUST-00791,site_visit,2025-04-03,,trade_show,
ca998a66,CUST-00791,visualizer_use,2025-04-12,Original Ceramic - Clamshell,trade_show,
8c61d143,CUST-00791,sample_request,2025-04-10,Glass - Midnight,trade_show,
5c201e39,CUST-00792,site_visit,2024-01-17,,referral,
e7a4a701,CUST-00793,site_visit,2024-09-13,,trade_show,
c5535f05,CUST-00794,site_visit,2025-07-12,,paid_social,
a6575b2d,CUST-00794,sample_request,2025-07-17,Natural Press - Oatmeal,paid_social,
170d709c,CUST-00794,purchase,2025-09-11,Original Ceramic - Clamshell,paid_social,1760.95
ee57ce58,CUST-00795,site_visit,2025-04-17,,organic_search,
b765dfe2,CUST-00796,site_visit,2025-06-12,,paid_social,
17ea0bd7,CUST-00797,site_visit,2025-01-04,,direct,
435a9bef,CUST-00797,visualizer_use,2025-01-05,Original Ceramic - Clamshell,direct,
08708632,CUST-00797,sample_request,2025-01-13,Original Ceramic - Clamshell,direct,
5489bee5,CUST-00797,sample_request,2025-01-26,Original Ceramic - Clamshell,direct,
9dfa7e69,CUST-00798,site_visit,2024-10-28,,direct,
4c1f4df2,CUST-00798,sample_request,2024-11-09,Natural Press - Oatmeal,direct,
dd9e51fe,CUST-00799,site_visit,2024-12-01,,showroom_walkin,
f1a9a528,CUST-00799,sample_request,2024-12-06,Thin Brick - Weathered White,showroom_walkin,
f2cc7719,CUST-00799,sample_request,2025-01-02,Natural Press - Oatmeal,showroom_walkin,
026f0b0f,CUST-00799,purchase,2025-01-20,Natural Press - Fog,showroom_walkin,1494.36
c5b91c56,CUST-00800,site_visit,2024-09-26,,trade_show,
00da023b,CUST-00800,sample_request,2024-09-26,Natural Press - Oatmeal,trade_show,
a8574493,CUST-00801,site_visit,2024-02-18,,paid_social,
036cd77e,CUST-00801,visualizer_use,2024-02-23,Natural Press - Oatmeal,paid_social,
64378f4d,CUST-00801,sample_request,2024-02-20,Natural Press - Fog,paid_social,
91a86267,CUST-00801,purchase,2024-03-11,Natural Press - Fog,paid_social,1420.51
69fbae66,CUST-00802,site_visit,2025-03-12,,organic_search,
2e2ac016,CUST-00802,purchase,2025-05-07,Original Ceramic - Aegean,organic_search,21060.41
2cf9fb8c,CUST-00803,site_visit,2025-06-20,,architect_referral,
8e5ccd2e,CUST-00804,site_visit,2024-12-04,,direct,
3cda03dc,CUST-00804,visualizer_use,2024-12-13,Glass - Champagne,direct,
0fd09b20,CUST-00804,sample_request,2024-12-17,Glass - Midnight,direct,
e857f8f7,CUST-00804,purchase,2025-02-07,Natural Press - Fog,direct,873.05
3ed289b9,CUST-00805,site_visit,2025-01-07,,referral,
bc369afa,CUST-00805,visualizer_use,2025-01-16,Original Ceramic - Sage,referral,
553c5fd5,CUST-00806,site_visit,2024-02-10,,organic_search,
4cf76a22,CUST-00806,visualizer_use,2024-02-13,Original Ceramic - Clamshell,organic_search,
0edb4c3a,CUST-00807,site_visit,2024-11-27,,organic_search,
d98d9710,CUST-00808,site_visit,2025-01-27,,paid_social,
32153561,CUST-00809,site_visit,2025-03-27,,referral,
7c9ac8a8,CUST-00809,purchase,2025-04-26,Original Ceramic - Sage,referral,803.08
df6c319a,CUST-00810,site_visit,2024-07-13,,architect_referral,
7b9980ef,CUST-00811,site_visit,2024-07-27,,paid_social,
f91314bc,CUST-00811,sample_request,2024-08-10,Original Ceramic - Clamshell,paid_social,
6c238e7f,CUST-00811,purchase,2024-10-03,Glass - Champagne,paid_social,1762.61
542069f7,CUST-00812,site_visit,2024-04-02,,trade_show,
a20dffd8,CUST-00813,site_visit,2025-04-25,,organic_search,
70f27c91,CUST-00814,site_visit,2024-01-30,,direct,
8ebd999c,CUST-00815,site_visit,2024-08-29,,architect_referral,
3be129f7,CUST-00815,sample_request,2024-09-16,Glass - Champagne,architect_referral,
d513f48f,CUST-00815,sample_request,2024-10-04,Original Ceramic - Sage,architect_referral,
c704da5a,CUST-00815,purchase,2024-11-03,Thin Brick - Terracotta,architect_referral,1048.24
f1031525,CUST-00816,site_visit,2024-09-16,,paid_social,
386efa85,CUST-00816,visualizer_use,2024-09-23,Thin Brick - Weathered White,paid_social,
61294048,CUST-00816,sample_request,2024-09-30,Thin Brick - Weathered White,paid_social,
1bc9faeb,CUST-00816,sample_request,2024-10-07,Original Ceramic - Clamshell,paid_social,
5b2ca727,CUST-00816,purchase,2024-10-22,Thin Brick - Weathered White,paid_social,1333.41
bf24aca8,CUST-00817,site_visit,2025-06-15,,email_capture,
6be2f8f2,CUST-00817,visualizer_use,2025-06-20,Glass - Seaglass,email_capture,
df569356,CUST-00817,sample_request,2025-06-27,Original Ceramic - Aegean,email_capture,
2e7f2da8,CUST-00817,purchase,2025-08-08,Thin Brick - Charcoal,email_capture,1084.52
13ad656d,CUST-00818,site_visit,2025-01-16,,organic_search,
1ec79f0c,CUST-00819,site_visit,2024-01-18,,organic_search,
806f383b,CUST-00819,sample_request,2024-01-20,Natural Press - Fog,organic_search,
e5e2462f,CUST-00819,sample_request,2024-02-17,Thin Brick - Weathered White,organic_search,
e3a9fafb,CUST-00820,site_visit,2025-08-23,,email_capture,
98bd722c,CUST-00820,sample_request,2025-08-24,Thin Brick - Weathered White,email_capture,
68426959,CUST-00821,site_visit,2024-04-05,,referral,
48ef9529,CUST-00821,visualizer_use,2024-04-08,Original Ceramic - Clamshell,referral,
fa63b5cb,CUST-00821,sample_request,2024-04-16,Thin Brick - Terracotta,referral,
5448b210,CUST-00821,purchase,2024-04-30,Thin Brick - Terracotta,referral,1248.17
a4b10970,CUST-00822,site_visit,2024-02-02,,referral,
de286060,CUST-00822,sample_request,2024-02-21,Thin Brick - Terracotta,referral,
1fc508f5,CUST-00822,purchase,2024-03-20,Original Ceramic - Aegean,referral,691.76
2d405eee,CUST-00823,site_visit,2024-10-15,,organic_search,
94bc11bf,CUST-00823,visualizer_use,2024-10-20,Original Ceramic - Aegean,organic_search,
980b64f5,CUST-00823,sample_request,2024-10-21,Original Ceramic - Clamshell,organic_search,
bf54b532,CUST-00823,sample_request,2024-11-13,Natural Press - Oatmeal,organic_search,
428d2d65,CUST-00823,purchase,2024-11-19,Original Ceramic - Sage,organic_search,19373.47
19986417,CUST-00824,site_visit,2024-01-18,,trade_show,
039cac41,CUST-00824,sample_request,2024-01-30,Natural Press - Sable,trade_show,
a01928e8,CUST-00824,purchase,2024-03-24,Original Ceramic - Aegean,trade_show,20728.8
059f7f14,CUST-00824,repeat_purchase,2024-06-23,Original Ceramic - Clamshell,trade_show,8385.17
412855b6,CUST-00825,site_visit,2024-06-19,,paid_social,
ee298172,CUST-00825,sample_request,2024-07-02,Natural Press - Oatmeal,paid_social,
344da6f4,CUST-00826,site_visit,2024-01-08,,architect_referral,
31a533d8,CUST-00826,sample_request,2024-01-23,Thin Brick - Weathered White,architect_referral,
b75784d0,CUST-00827,site_visit,2024-10-18,,showroom_walkin,
874bd39a,CUST-00827,visualizer_use,2024-10-24,Original Ceramic - Aegean,showroom_walkin,
565180f5,CUST-00827,sample_request,2024-10-27,Original Ceramic - Aegean,showroom_walkin,
f2a93243,CUST-00827,project_upload,2024-11-06,,showroom_walkin,
c890b6ca,CUST-00827,purchase,2024-11-09,Natural Press - Sable,showroom_walkin,12893.95
e2a6a005,CUST-00827,repeat_purchase,2025-05-20,Original Ceramic - Aegean,showroom_walkin,2575.75
83c62a8e,CUST-00828,site_visit,2025-04-03,,trade_show,
d4c28aca,CUST-00828,visualizer_use,2025-04-03,Glass - Seaglass,trade_show,
088f9bb7,CUST-00828,sample_request,2025-04-07,Original Ceramic - Aegean,trade_show,
5ab9fb70,CUST-00828,sample_request,2025-04-13,Natural Press - Sable,trade_show,
5ca089c4,CUST-00828,project_upload,2025-05-03,,trade_show,
f29c7dd3,CUST-00828,purchase,2025-04-25,Natural Press - Oatmeal,trade_show,4918.1
3e8422e8,CUST-00829,site_visit,2025-03-15,,referral,
e1dce06a,CUST-00829,visualizer_use,2025-03-25,Natural Press - Oatmeal,referral,
101fec4b,CUST-00829,sample_request,2025-03-18,Glass - Midnight,referral,
a8efc4a4,CUST-00829,purchase,2025-04-03,Thin Brick - Weathered White,referral,510.51
d5dee3aa,CUST-00830,site_visit,2025-02-16,,email_capture,
268030df,CUST-00830,purchase,2025-04-01,Glass - Midnight,email_capture,1079.92
52c97c1c,CUST-00831,site_visit,2024-03-10,,email_capture,
4d4cf36c,CUST-00831,visualizer_use,2024-03-13,Thin Brick - Charcoal,email_capture,
bde22ad1,CUST-00831,purchase,2024-05-06,Natural Press - Sable,email_capture,640.97
d5677f51,CUST-00832,site_visit,2025-05-19,,trade_show,
70eeac4c,CUST-00832,sample_request,2025-05-28,Original Ceramic - Sage,trade_show,
8a521a3c,CUST-00832,sample_request,2025-06-08,Glass - Midnight,trade_show,
51d7dcc5,CUST-00832,project_upload,2025-06-08,,trade_show,
4188e95d,CUST-00832,purchase,2025-06-15,Glass - Seaglass,trade_show,20340.24
d6cd0678,CUST-00833,site_visit,2024-04-26,,trade_show,
5ac303c6,CUST-00833,visualizer_use,2024-05-02,Thin Brick - Charcoal,trade_show,
be2eae21,CUST-00833,sample_request,2024-04-30,Glass - Midnight,trade_show,
9030957b,CUST-00834,site_visit,2024-01-29,,showroom_walkin,
2c7dfd5e,CUST-00834,sample_request,2024-02-19,Thin Brick - Terracotta,showroom_walkin,
33c4b568,CUST-00835,site_visit,2025-03-31,,organic_search,
577cd91f,CUST-00836,site_visit,2025-04-07,,trade_show,
f05beb3e,CUST-00836,sample_request,2025-04-07,Glass - Champagne,trade_show,
8324ed23,CUST-00836,sample_request,2025-04-13,Glass - Seaglass,trade_show,
c7927720,CUST-00836,purchase,2025-05-14,Original Ceramic - Clamshell,trade_show,1333.22
c3af4736,CUST-00837,site_visit,2024-06-10,,trade_show,
cc26f8a6,CUST-00837,visualizer_use,2024-06-16,Thin Brick - Weathered White,trade_show,
a879c007,CUST-00838,site_visit,2024-08-22,,referral,
b2db57dc,CUST-00838,sample_request,2024-09-08,Thin Brick - Charcoal,referral,
8237cefa,CUST-00839,site_visit,2025-04-16,,organic_search,
00afcea4,CUST-00839,visualizer_use,2025-04-16,Thin Brick - Weathered White,organic_search,
a0e43347,CUST-00840,site_visit,2025-03-15,,showroom_walkin,
c31c48b1,CUST-00840,visualizer_use,2025-03-20,Original Ceramic - Sage,showroom_walkin,
9cccccee,CUST-00840,sample_request,2025-03-18,Natural Press - Fog,showroom_walkin,
fda892ee,CUST-00840,purchase,2025-04-28,Glass - Champagne,showroom_walkin,575.08
79ced947,CUST-00841,site_visit,2024-02-12,,paid_social,
c8f9ab6a,CUST-00841,sample_request,2024-03-01,Original Ceramic - Sage,paid_social,
0bbbf66d,CUST-00841,sample_request,2024-03-15,Original Ceramic - Sage,paid_social,
88ebc7c0,CUST-00841,purchase,2024-04-30,Thin Brick - Terracotta,paid_social,558.12
07fa10bd,CUST-00842,site_visit,2024-07-28,,direct,
084f04a6,CUST-00842,purchase,2024-08-20,Glass - Champagne,direct,849.7
83dd4278,CUST-00843,site_visit,2024-09-25,,trade_show,
b668df81,CUST-00844,site_visit,2025-05-10,,trade_show,
fb50d72f,CUST-00844,visualizer_use,2025-05-18,Thin Brick - Terracotta,trade_show,
7f299184,CUST-00844,sample_request,2025-05-17,Glass - Midnight,trade_show,
bf49045f,CUST-00845,site_visit,2025-02-07,,trade_show,
824469e6,CUST-00845,sample_request,2025-02-23,Glass - Seaglass,trade_show,
9bac7566,CUST-00846,site_visit,2024-07-03,,organic_search,
9223994a,CUST-00846,purchase,2024-07-17,Original Ceramic - Sage,organic_search,498.54
ba72ebeb,CUST-00847,site_visit,2025-02-08,,trade_show,
49f713c4,CUST-00847,sample_request,2025-02-27,Original Ceramic - Aegean,trade_show,
e939c962,CUST-00847,sample_request,2025-03-24,Thin Brick - Charcoal,trade_show,
8993037d,CUST-00847,project_upload,2025-04-03,,trade_show,
355753e4,CUST-00847,purchase,2025-03-09,Glass - Seaglass,trade_show,9180.95
6d8f18f0,CUST-00848,site_visit,2025-05-24,,referral,
16b8d319,CUST-00848,sample_request,2025-06-06,Natural Press - Fog,referral,
13b6d3e1,CUST-00848,purchase,2025-07-11,Natural Press - Sable,referral,1495.52
2d5e10bd,CUST-00849,site_visit,2025-01-13,,organic_search,
2a21b206,CUST-00849,visualizer_use,2025-01-19,Natural Press - Fog,organic_search,
bd45de22,CUST-00849,sample_request,2025-01-14,Original Ceramic - Sage,organic_search,
18b4cbbd,CUST-00849,purchase,2025-01-24,Thin Brick - Charcoal,organic_search,412.82
a8d0f216,CUST-00849,repeat_purchase,2025-05-02,Glass - Midnight,organic_search,682.35
23d2e90a,CUST-00850,site_visit,2025-04-30,,trade_show,
96ec89c1,CUST-00850,sample_request,2025-05-11,Glass - Champagne,trade_show,
98a14395,CUST-00851,site_visit,2025-06-12,,paid_social,
b8645886,CUST-00851,visualizer_use,2025-06-21,Thin Brick - Weathered White,paid_social,
8bde0d17,CUST-00852,site_visit,2024-10-06,,organic_search,
30ce99f1,CUST-00852,visualizer_use,2024-10-07,Original Ceramic - Clamshell,organic_search,
eb3054be,CUST-00852,sample_request,2024-10-15,Natural Press - Sable,organic_search,
8429477d,CUST-00852,project_upload,2024-11-05,,organic_search,
741ebd52,CUST-00853,site_visit,2024-09-28,,referral,
448d5863,CUST-00853,sample_request,2024-10-06,Original Ceramic - Aegean,referral,
aa282484,CUST-00854,site_visit,2024-04-24,,direct,
1f13e28c,CUST-00854,sample_request,2024-05-09,Thin Brick - Charcoal,direct,
2e3006e0,CUST-00854,purchase,2024-07-04,Natural Press - Oatmeal,direct,957.4
3b85b03e,CUST-00855,site_visit,2025-07-22,,organic_search,
cf1177e4,CUST-00855,purchase,2025-08-02,Glass - Seaglass,organic_search,1249.44
350c4b8f,CUST-00856,site_visit,2024-08-23,,paid_social,
6e23d1dc,CUST-00856,visualizer_use,2024-08-26,Natural Press - Sable,paid_social,
bf55cadb,CUST-00856,sample_request,2024-09-06,Thin Brick - Terracotta,paid_social,
c2f221a0,CUST-00857,site_visit,2025-03-11,,organic_search,
89357518,CUST-00857,sample_request,2025-03-12,Glass - Champagne,organic_search,
15266c57,CUST-00857,purchase,2025-04-26,Glass - Midnight,organic_search,1267.36
efbec799,CUST-00858,site_visit,2024-11-24,,architect_referral,
6f40d2e3,CUST-00858,visualizer_use,2024-12-02,Thin Brick - Terracotta,architect_referral,
3e7ab488,CUST-00858,sample_request,2024-12-04,Thin Brick - Weathered White,architect_referral,
2198b4ca,CUST-00859,site_visit,2025-08-15,,trade_show,
d8115737,CUST-00860,site_visit,2025-01-25,,trade_show,
324d4882,CUST-00860,sample_request,2025-02-12,Original Ceramic - Sage,trade_show,
e9f3afb3,CUST-00860,purchase,2025-04-12,Thin Brick - Weathered White,trade_show,5939.37
038b63ec,CUST-00861,site_visit,2024-08-05,,showroom_walkin,
fa02ac88,CUST-00861,visualizer_use,2024-08-05,Original Ceramic - Aegean,showroom_walkin,
e2fde5fe,CUST-00861,sample_request,2024-08-14,Glass - Seaglass,showroom_walkin,
00dfeef2,CUST-00861,sample_request,2024-08-19,Glass - Champagne,showroom_walkin,
3f038f1b,CUST-00862,site_visit,2025-01-30,,trade_show,
3510c910,CUST-00862,visualizer_use,2025-02-02,Glass - Champagne,trade_show,
673f2abe,CUST-00862,sample_request,2025-02-05,Thin Brick - Charcoal,trade_show,
e247e8dd,CUST-00863,site_visit,2024-07-18,,trade_show,
41ef40d0,CUST-00863,visualizer_use,2024-07-24,Original Ceramic - Clamshell,trade_show,
48c6b9c2,CUST-00863,sample_request,2024-08-01,Natural Press - Sable,trade_show,
0f06ee0a,CUST-00863,purchase,2024-08-09,Original Ceramic - Aegean,trade_show,23689.96
21fb0797,CUST-00864,site_visit,2025-02-06,,organic_search,
45d9afed,CUST-00864,sample_request,2025-02-15,Original Ceramic - Aegean,organic_search,
d922aaa8,CUST-00864,sample_request,2025-03-11,Thin Brick - Weathered White,organic_search,
3867f863,CUST-00864,purchase,2025-04-02,Glass - Champagne,organic_search,1057.21
f9dd6acc,CUST-00865,site_visit,2024-05-24,,organic_search,
a6b06121,CUST-00866,site_visit,2025-06-16,,referral,
9e8727bd,CUST-00866,sample_request,2025-06-16,Natural Press - Fog,referral,
d700ba7a,CUST-00867,site_visit,2024-01-23,,paid_social,
f8c77425,CUST-00867,sample_request,2024-02-10,Glass - Champagne,paid_social,
2b96b543,CUST-00867,sample_request,2024-02-17,Glass - Champagne,paid_social,
8ba729a8,CUST-00868,site_visit,2024-03-15,,organic_search,
b63551ef,CUST-00868,sample_request,2024-03-17,Thin Brick - Charcoal,organic_search,
3208c2e7,CUST-00868,purchase,2024-03-28,Thin Brick - Charcoal,organic_search,535.2
34d33a2d,CUST-00868,repeat_purchase,2024-06-19,Thin Brick - Weathered White,organic_search,1091.12
8c94f9c7,CUST-00869,site_visit,2024-06-15,,organic_search,
8a2961fa,CUST-00869,visualizer_use,2024-06-19,Thin Brick - Terracotta,organic_search,
b0499846,CUST-00869,sample_request,2024-06-20,Original Ceramic - Clamshell,organic_search,
7661b2df,CUST-00869,purchase,2024-08-19,Natural Press - Fog,organic_search,1569.01
4aa7ea02,CUST-00869,repeat_purchase,2025-03-14,Natural Press - Fog,organic_search,484.0
7fdd98ba,CUST-00870,site_visit,2024-02-20,,referral,
81c4b92c,CUST-00870,visualizer_use,2024-02-20,Glass - Midnight,referral,
0212ac54,CUST-00870,sample_request,2024-03-05,Original Ceramic - Clamshell,referral,
21576aba,CUST-00871,site_visit,2024-01-06,,architect_referral,
a38cae45,CUST-00871,visualizer_use,2024-01-10,Thin Brick - Terracotta,architect_referral,
a5106847,CUST-00871,sample_request,2024-01-08,Original Ceramic - Clamshell,architect_referral,
2808fc45,CUST-00871,purchase,2024-03-05,Original Ceramic - Aegean,architect_referral,1481.4
0c9f7ca0,CUST-00872,site_visit,2024-04-03,,email_capture,
4fb62607,CUST-00872,sample_request,2024-04-24,Original Ceramic - Sage,email_capture,
eaadca4d,CUST-00872,purchase,2024-05-24,Glass - Midnight,email_capture,718.38
8773659c,CUST-00872,repeat_purchase,2024-07-31,Glass - Seaglass,email_capture,901.09
f6db7cd0,CUST-00873,site_visit,2025-05-10,,organic_search,
d6e34954,CUST-00873,sample_request,2025-05-20,Thin Brick - Terracotta,organic_search,
1f25eb78,CUST-00873,sample_request,2025-06-12,Glass - Champagne,organic_search,
a96b8b25,CUST-00873,purchase,2025-07-03,Natural Press - Oatmeal,organic_search,1177.47
85d9891a,CUST-00874,site_visit,2025-06-11,,architect_referral,
16897506,CUST-00874,sample_request,2025-06-19,Natural Press - Fog,architect_referral,
6d38e56b,CUST-00874,purchase,2025-07-07,Natural Press - Sable,architect_referral,3835.55
43852c16,CUST-00875,site_visit,2024-09-04,,architect_referral,
98d29176,CUST-00875,visualizer_use,2024-09-12,Glass - Seaglass,architect_referral,
6a46e9a5,CUST-00875,sample_request,2024-09-11,Glass - Midnight,architect_referral,
2c334898,CUST-00876,site_visit,2024-06-30,,paid_social,
e4f49971,CUST-00876,sample_request,2024-07-04,Glass - Champagne,paid_social,
804daa14,CUST-00876,purchase,2024-07-28,Glass - Seaglass,paid_social,1386.56
67cf8d76,CUST-00877,site_visit,2024-07-06,,organic_search,
0b64fb8f,CUST-00877,visualizer_use,2024-07-13,Thin Brick - Charcoal,organic_search,
041835f2,CUST-00877,sample_request,2024-07-18,Original Ceramic - Aegean,organic_search,
0664fbbb,CUST-00877,purchase,2024-07-30,Glass - Midnight,organic_search,1795.49
44684c76,CUST-00877,repeat_purchase,2025-03-22,Natural Press - Fog,organic_search,324.83
efe29e22,CUST-00878,site_visit,2025-02-02,,referral,
64f93775,CUST-00879,site_visit,2024-03-26,,referral,
48545618,CUST-00879,sample_request,2024-03-27,Original Ceramic - Aegean,referral,
53ed1460,CUST-00879,purchase,2024-04-10,Thin Brick - Terracotta,referral,10226.8
46c88a4a,CUST-00879,repeat_purchase,2024-12-30,Thin Brick - Charcoal,referral,13715.11
a36bd678,CUST-00880,site_visit,2024-12-13,,direct,
c7b94e15,CUST-00880,sample_request,2024-12-17,Glass - Midnight,direct,
4a34a819,CUST-00881,site_visit,2024-03-08,,trade_show,
96add7e5,CUST-00881,purchase,2024-04-28,Original Ceramic - Sage,trade_show,1656.17
b3ffc8d1,CUST-00882,site_visit,2024-10-18,,paid_social,
5280f9cc,CUST-00882,visualizer_use,2024-10-28,Natural Press - Fog,paid_social,
5ff40e6d,CUST-00883,site_visit,2025-01-17,,referral,
d825d66e,CUST-00883,purchase,2025-01-25,Glass - Seaglass,referral,11667.25
13784521,CUST-00884,site_visit,2024-02-15,,referral,
0e4ccf79,CUST-00884,sample_request,2024-02-21,Thin Brick - Weathered White,referral,
3aac3a22,CUST-00885,site_visit,2024-06-09,,paid_social,
aae8f547,CUST-00885,visualizer_use,2024-06-12,Glass - Seaglass,paid_social,
f076bf7f,CUST-00885,sample_request,2024-06-12,Glass - Seaglass,paid_social,
ed50f868,CUST-00885,purchase,2024-06-22,Thin Brick - Charcoal,paid_social,1278.83
7b03ce0f,CUST-00885,repeat_purchase,2025-03-11,Natural Press - Fog,paid_social,587.72
72e0af3c,CUST-00886,site_visit,2024-02-02,,showroom_walkin,
4ca05577,CUST-00886,sample_request,2024-02-19,Glass - Champagne,showroom_walkin,
e254645a,CUST-00886,sample_request,2024-02-28,Original Ceramic - Sage,showroom_walkin,
b97072f3,CUST-00886,purchase,2024-03-22,Original Ceramic - Clamshell,showroom_walkin,1021.7
fea72d4e,CUST-00887,site_visit,2025-07-23,,email_capture,
e72dfa67,CUST-00887,sample_request,2025-07-30,Natural Press - Oatmeal,email_capture,
5fe72ba3,CUST-00887,sample_request,2025-08-04,Thin Brick - Terracotta,email_capture,
226628a2,CUST-00887,project_upload,2025-08-20,,email_capture,
5fa481cc,CUST-00887,purchase,2025-09-04,Thin Brick - Terracotta,email_capture,23380.29
281b5c51,CUST-00888,site_visit,2025-07-17,,referral,
51fa12a2,CUST-00888,visualizer_use,2025-07-22,Glass - Champagne,referral,
f4d40981,CUST-00888,sample_request,2025-07-26,Thin Brick - Weathered White,referral,
a3606aa5,CUST-00889,site_visit,2025-07-02,,paid_social,
8c34507b,CUST-00889,sample_request,2025-07-17,Original Ceramic - Clamshell,paid_social,
18d886f7,CUST-00889,purchase,2025-07-27,Natural Press - Fog,paid_social,1450.58
d103221c,CUST-00890,site_visit,2025-01-19,,organic_search,
08abac4c,CUST-00890,sample_request,2025-01-22,Glass - Champagne,organic_search,
bcd4d433,CUST-00890,project_upload,2025-02-06,,organic_search,
4bd0927e,CUST-00890,purchase,2025-03-23,Original Ceramic - Clamshell,organic_search,25509.3
bdf76204,CUST-00890,repeat_purchase,2025-08-01,Natural Press - Sable,organic_search,6873.15
0950a2e5,CUST-00891,site_visit,2025-06-21,,direct,
894a2392,CUST-00892,site_visit,2024-05-10,,architect_referral,
9059735f,CUST-00892,visualizer_use,2024-05-12,Original Ceramic - Clamshell,architect_referral,
84de52d7,CUST-00892,sample_request,2024-05-18,Natural Press - Fog,architect_referral,
509b77f3,CUST-00892,purchase,2024-07-09,Original Ceramic - Clamshell,architect_referral,671.55
03da902f,CUST-00893,site_visit,2024-02-28,,organic_search,
73b1e3f3,CUST-00893,sample_request,2024-03-17,Original Ceramic - Sage,organic_search,
dc5972e5,CUST-00894,site_visit,2024-03-16,,direct,
0ee2cf16,CUST-00895,site_visit,2024-09-10,,organic_search,
52375c6b,CUST-00896,site_visit,2025-02-19,,organic_search,
b63e732c,CUST-00897,site_visit,2025-02-07,,organic_search,
3002fa1d,CUST-00897,visualizer_use,2025-02-11,Natural Press - Sable,organic_search,
133a0cb0,CUST-00897,sample_request,2025-02-08,Glass - Midnight,organic_search,
ff6d9df0,CUST-00897,sample_request,2025-02-22,Thin Brick - Weathered White,organic_search,
23513acd,CUST-00898,site_visit,2025-01-20,,showroom_walkin,
fd2b7898,CUST-00898,sample_request,2025-01-29,Original Ceramic - Clamshell,showroom_walkin,
c11b0842,CUST-00899,site_visit,2024-06-03,,paid_social,
e598699d,CUST-00899,sample_request,2024-06-22,Thin Brick - Charcoal,paid_social,
21ddaf36,CUST-00899,purchase,2024-07-14,Thin Brick - Terracotta,paid_social,1414.1
828f5282,CUST-00900,site_visit,2024-10-15,,architect_referral,
ebe3448a,CUST-00900,visualizer_use,2024-10-18,Original Ceramic - Aegean,architect_referral,
9cb5e893,CUST-00901,site_visit,2024-01-29,,referral,
7ffd0fdc,CUST-00901,visualizer_use,2024-02-07,Thin Brick - Charcoal,referral,
e37a2308,CUST-00901,sample_request,2024-02-04,Glass - Midnight,referral,
65167fca,CUST-00902,site_visit,2025-01-04,,email_capture,
43755fcf,CUST-00902,visualizer_use,2025-01-13,Glass - Champagne,email_capture,
02921170,CUST-00902,sample_request,2025-01-17,Original Ceramic - Sage,email_capture,
d38901e4,CUST-00902,sample_request,2025-01-27,Natural Press - Fog,email_capture,
f551811e,CUST-00902,purchase,2025-01-25,Original Ceramic - Aegean,email_capture,1149.68
a09c89b0,CUST-00903,site_visit,2024-12-15,,organic_search,
880e4067,CUST-00903,sample_request,2024-12-29,Original Ceramic - Clamshell,organic_search,
dedd4250,CUST-00903,sample_request,2025-01-11,Original Ceramic - Clamshell,organic_search,
597c31fd,CUST-00903,purchase,2025-02-23,Original Ceramic - Sage,organic_search,1404.37
13d325cf,CUST-00904,site_visit,2024-09-10,,trade_show,
0d7dd9d6,CUST-00904,visualizer_use,2024-09-10,Glass - Midnight,trade_show,
05d6fe0d,CUST-00904,sample_request,2024-09-14,Thin Brick - Charcoal,trade_show,
b9db7cd0,CUST-00905,site_visit,2025-06-27,,referral,
a52423d3,CUST-00905,sample_request,2025-07-14,Natural Press - Sable,referral,
edf2bcd1,CUST-00906,site_visit,2025-06-01,,trade_show,
7032a676,CUST-00907,site_visit,2024-12-15,,referral,
f54bd64c,CUST-00907,sample_request,2024-12-21,Natural Press - Oatmeal,referral,
219e7b1e,CUST-00908,site_visit,2025-03-25,,organic_search,
db646b7b,CUST-00908,sample_request,2025-03-25,Original Ceramic - Clamshell,organic_search,
1da09f28,CUST-00908,purchase,2025-04-12,Thin Brick - Charcoal,organic_search,847.7
64da6407,CUST-00909,site_visit,2024-05-06,,referral,
0fa8dc22,CUST-00910,site_visit,2024-12-25,,referral,
2d6e4001,CUST-00910,sample_request,2025-01-14,Glass - Midnight,referral,
025b1aac,CUST-00911,site_visit,2024-05-31,,direct,
5ad1d96b,CUST-00912,site_visit,2025-04-30,,organic_search,
42cf84d6,CUST-00913,site_visit,2025-04-15,,organic_search,
f66a3922,CUST-00914,site_visit,2024-01-15,,organic_search,
81777704,CUST-00914,sample_request,2024-02-01,Thin Brick - Charcoal,organic_search,
343b99bd,CUST-00915,site_visit,2024-09-25,,showroom_walkin,
68d31bda,CUST-00915,sample_request,2024-10-01,Natural Press - Oatmeal,showroom_walkin,
fab711df,CUST-00915,sample_request,2024-10-11,Thin Brick - Terracotta,showroom_walkin,
6d49c8e5,CUST-00915,purchase,2024-11-17,Thin Brick - Weathered White,showroom_walkin,548.58
0de69c15,CUST-00916,site_visit,2024-07-07,,trade_show,
1bed73db,CUST-00916,sample_request,2024-07-18,Thin Brick - Charcoal,trade_show,
860443d1,CUST-00917,site_visit,2024-10-05,,showroom_walkin,
ab388903,CUST-00917,sample_request,2024-10-22,Natural Press - Sable,showroom_walkin,
47af4a43,CUST-00917,sample_request,2024-10-27,Thin Brick - Charcoal,showroom_walkin,
dd9d720e,CUST-00917,purchase,2024-12-17,Glass - Seaglass,showroom_walkin,939.51
e3531dc9,CUST-00917,repeat_purchase,2025-05-28,Thin Brick - Terracotta,showroom_walkin,598.01
7405535b,CUST-00918,site_visit,2024-10-10,,organic_search,
af3c722f,CUST-00919,site_visit,2024-03-14,,showroom_walkin,
de0933b2,CUST-00919,visualizer_use,2024-03-24,Original Ceramic - Sage,showroom_walkin,
ff5d5135,CUST-00919,sample_request,2024-03-21,Thin Brick - Weathered White,showroom_walkin,
b4f4a6db,CUST-00920,site_visit,2024-09-16,,organic_search,
eeea5499,CUST-00920,sample_request,2024-10-07,Original Ceramic - Sage,organic_search,
e21ce070,CUST-00920,sample_request,2024-10-19,Thin Brick - Terracotta,organic_search,
1d74f868,CUST-00920,purchase,2024-11-22,Glass - Champagne,organic_search,964.95
10fd4205,CUST-00920,repeat_purchase,2025-06-03,Original Ceramic - Sage,organic_search,916.94
2f834fea,CUST-00921,site_visit,2024-07-08,,email_capture,
7aafd225,CUST-00922,site_visit,2024-07-31,,organic_search,
18fd9ba4,CUST-00922,visualizer_use,2024-08-06,Natural Press - Fog,organic_search,
7288b3c1,CUST-00922,sample_request,2024-08-01,Glass - Champagne,organic_search,
16ac1b6a,CUST-00922,purchase,2024-08-15,Original Ceramic - Clamshell,organic_search,602.62
1858a465,CUST-00923,site_visit,2024-10-16,,paid_social,
b6af3fb1,CUST-00923,visualizer_use,2024-10-18,Glass - Seaglass,paid_social,
93bba272,CUST-00924,site_visit,2025-08-09,,paid_social,
58cdc10a,CUST-00924,sample_request,2025-08-20,Glass - Seaglass,paid_social,
771692e0,CUST-00924,purchase,2025-09-22,Natural Press - Fog,paid_social,741.97
e0df2c32,CUST-00925,site_visit,2024-07-09,,paid_social,
d02d6e0f,CUST-00925,visualizer_use,2024-07-15,Natural Press - Oatmeal,paid_social,
52e95e45,CUST-00925,sample_request,2024-07-10,Thin Brick - Terracotta,paid_social,
9adb9144,CUST-00925,sample_request,2024-07-26,Natural Press - Fog,paid_social,
cbcd1991,CUST-00925,purchase,2024-08-19,Glass - Seaglass,paid_social,625.54
98d0083e,CUST-00926,site_visit,2025-07-27,,direct,
3f105be7,CUST-00926,sample_request,2025-08-06,Natural Press - Sable,direct,
07a922a9,CUST-00926,sample_request,2025-08-18,Natural Press - Sable,direct,
6c88ceab,CUST-00926,purchase,2025-10-02,Natural Press - Sable,direct,502.19
e1de7809,CUST-00927,site_visit,2024-09-21,,referral,
bea9f917,CUST-00927,visualizer_use,2024-10-01,Thin Brick - Charcoal,referral,
72f6894c,CUST-00927,sample_request,2024-09-24,Original Ceramic - Clamshell,referral,
9ea85dfe,CUST-00927,project_upload,2024-10-27,,referral,
4ef9c597,CUST-00927,purchase,2024-11-22,Glass - Champagne,referral,14889.65
422e6e39,CUST-00927,repeat_purchase,2025-03-02,Original Ceramic - Aegean,referral,3685.73
8481d3d0,CUST-00928,site_visit,2024-03-03,,trade_show,
657488e3,CUST-00928,sample_request,2024-03-16,Natural Press - Fog,trade_show,
6a98698f,CUST-00928,purchase,2024-03-23,Natural Press - Sable,trade_show,3221.28
7501baf4,CUST-00929,site_visit,2024-12-30,,paid_social,
0041b8bc,CUST-00929,sample_request,2025-01-18,Glass - Seaglass,paid_social,
ece2021c,CUST-00930,site_visit,2024-08-11,,referral,
6f5e0ea9,CUST-00930,visualizer_use,2024-08-17,Natural Press - Oatmeal,referral,
854a79d4,CUST-00930,sample_request,2024-08-15,Glass - Champagne,referral,
d1ad6ae7,CUST-00930,sample_request,2024-08-25,Natural Press - Oatmeal,referral,
8739721e,CUST-00931,site_visit,2024-11-13,,organic_search,
45b09f16,CUST-00931,visualizer_use,2024-11-23,Glass - Midnight,organic_search,
543fd6de,CUST-00931,sample_request,2024-11-20,Glass - Champagne,organic_search,
a612f0f9,CUST-00932,site_visit,2024-11-17,,email_capture,
976c7677,CUST-00932,sample_request,2024-12-08,Glass - Midnight,email_capture,
7c25c9ad,CUST-00932,project_upload,2024-12-19,,email_capture,
a89c0d2b,CUST-00932,purchase,2025-01-18,Natural Press - Fog,email_capture,21095.75
c1d30905,CUST-00933,site_visit,2024-07-04,,paid_social,
0b822a65,CUST-00933,visualizer_use,2024-07-06,Glass - Champagne,paid_social,
59d435c8,CUST-00934,site_visit,2024-04-20,,referral,
daaddd8a,CUST-00934,sample_request,2024-04-23,Thin Brick - Charcoal,referral,
2c9f474e,CUST-00935,site_visit,2024-11-18,,referral,
05128a7b,CUST-00935,visualizer_use,2024-11-20,Natural Press - Oatmeal,referral,
47b11fbe,CUST-00935,sample_request,2024-11-27,Natural Press - Sable,referral,
d2db520e,CUST-00935,sample_request,2024-12-10,Thin Brick - Terracotta,referral,
c25754c2,CUST-00936,site_visit,2025-08-18,,organic_search,
85c7b861,CUST-00936,visualizer_use,2025-08-18,Natural Press - Fog,organic_search,
4346dfbd,CUST-00936,sample_request,2025-09-01,Thin Brick - Terracotta,organic_search,
6da10971,CUST-00937,site_visit,2025-05-02,,organic_search,
daf95386,CUST-00937,purchase,2025-06-01,Natural Press - Oatmeal,organic_search,17427.69
03d2a046,CUST-00938,site_visit,2024-03-06,,paid_social,
dd8e5b58,CUST-00938,sample_request,2024-03-23,Natural Press - Sable,paid_social,
b29f8e2a,CUST-00938,purchase,2024-04-14,Thin Brick - Charcoal,paid_social,1079.65
dc60ecad,CUST-00939,site_visit,2024-02-18,,organic_search,
f884fd16,CUST-00939,sample_request,2024-03-08,Original Ceramic - Aegean,organic_search,
09abf017,CUST-00939,purchase,2024-03-18,Glass - Midnight,organic_search,1608.14
7664a587,CUST-00940,site_visit,2024-09-14,,referral,
14805a8d,CUST-00940,sample_request,2024-09-18,Glass - Midnight,referral,
1302fdd4,CUST-00940,sample_request,2024-10-10,Glass - Midnight,referral,
efd0e4d6,CUST-00940,purchase,2024-09-26,Natural Press - Sable,referral,905.0
58732daa,CUST-00941,site_visit,2025-01-26,,paid_social,
1f990e09,CUST-00941,visualizer_use,2025-01-30,Natural Press - Sable,paid_social,
d67c3a75,CUST-00941,sample_request,2025-02-09,Original Ceramic - Aegean,paid_social,
aac22c9b,CUST-00942,site_visit,2025-01-18,,organic_search,
c0eadbfa,CUST-00942,sample_request,2025-02-08,Glass - Midnight,organic_search,
e25e2da4,CUST-00942,purchase,2025-03-27,Original Ceramic - Clamshell,organic_search,1321.11
d336748e,CUST-00943,site_visit,2025-01-02,,organic_search,
45cfdf21,CUST-00943,visualizer_use,2025-01-11,Original Ceramic - Clamshell,organic_search,
45905a18,CUST-00943,sample_request,2025-01-08,Thin Brick - Weathered White,organic_search,
b3783555,CUST-00943,purchase,2025-02-04,Glass - Seaglass,organic_search,1693.68
6033a78e,CUST-00944,site_visit,2025-03-22,,referral,
802d2120,CUST-00945,site_visit,2025-01-21,,organic_search,
72cfb324,CUST-00945,sample_request,2025-02-10,Glass - Champagne,organic_search,
9fa0d477,CUST-00946,site_visit,2024-06-04,,organic_search,
1a336ef2,CUST-00946,purchase,2024-07-04,Glass - Seaglass,organic_search,1153.66
1a15a7b0,CUST-00947,site_visit,2025-06-27,,referral,
97e834b2,CUST-00948,site_visit,2025-08-06,,paid_social,
4935f11c,CUST-00948,sample_request,2025-08-18,Thin Brick - Charcoal,paid_social,
e116067a,CUST-00948,purchase,2025-10-11,Glass - Seaglass,paid_social,566.25
75d822de,CUST-00949,site_visit,2024-01-18,,organic_search,
a96c9a97,CUST-00949,visualizer_use,2024-01-19,Natural Press - Sable,organic_search,
494dc668,CUST-00949,sample_request,2024-01-27,Thin Brick - Weathered White,organic_search,
48533938,CUST-00949,sample_request,2024-02-16,Thin Brick - Weathered White,organic_search,
24b0dea2,CUST-00949,purchase,2024-03-26,Thin Brick - Weathered White,organic_search,1464.49
253b6959,CUST-00950,site_visit,2024-07-22,,organic_search,
41290091,CUST-00951,site_visit,2024-12-22,,organic_search,
690c62f7,CUST-00951,sample_request,2025-01-11,Original Ceramic - Aegean,organic_search,
adfa2ef2,CUST-00951,sample_request,2025-02-01,Natural Press - Oatmeal,organic_search,
6f3853c1,CUST-00951,purchase,2025-01-18,Glass - Champagne,organic_search,1709.44
e6a958a4,CUST-00952,site_visit,2024-03-04,,showroom_walkin,
c5611545,CUST-00953,site_visit,2024-07-30,,referral,
54375c4b,CUST-00953,visualizer_use,2024-08-06,Glass - Seaglass,referral,
cc4cf187,CUST-00953,purchase,2024-08-27,Thin Brick - Charcoal,referral,1289.0
8cd716dd,CUST-00954,site_visit,2024-09-10,,paid_social,
7c517972,CUST-00954,visualizer_use,2024-09-20,Glass - Champagne,paid_social,
fdacafd0,CUST-00954,sample_request,2024-09-14,Natural Press - Oatmeal,paid_social,
14bbb915,CUST-00955,site_visit,2024-03-05,,showroom_walkin,
f2de2108,CUST-00955,visualizer_use,2024-03-12,Glass - Midnight,showroom_walkin,
fefffe86,CUST-00955,sample_request,2024-03-16,Original Ceramic - Aegean,showroom_walkin,
b4037058,CUST-00956,site_visit,2024-09-29,,direct,
9c37df73,CUST-00956,sample_request,2024-10-15,Thin Brick - Terracotta,direct,
48e2461b,CUST-00957,site_visit,2024-01-18,,paid_social,
a1660d36,CUST-00958,site_visit,2024-05-21,,direct,
f8835716,CUST-00958,sample_request,2024-05-28,Thin Brick - Weathered White,direct,
daeaeaad,CUST-00959,site_visit,2024-10-01,,organic_search,
3cae9dbf,CUST-00960,site_visit,2025-04-13,,showroom_walkin,
9dcfaf30,CUST-00960,sample_request,2025-04-21,Original Ceramic - Sage,showroom_walkin,
7df812cb,CUST-00960,purchase,2025-05-17,Glass - Midnight,showroom_walkin,557.56
d4b0e191,CUST-00961,site_visit,2025-07-03,,showroom_walkin,
9b7bc657,CUST-00961,visualizer_use,2025-07-08,Original Ceramic - Aegean,showroom_walkin,
92d1b29d,CUST-00961,sample_request,2025-07-06,Thin Brick - Charcoal,showroom_walkin,
01d39061,CUST-00961,purchase,2025-07-23,Original Ceramic - Aegean,showroom_walkin,565.57
ac41ca9b,CUST-00962,site_visit,2024-03-03,,referral,
9460d1c7,CUST-00962,purchase,2024-04-13,Natural Press - Oatmeal,referral,1202.39
d821b42a,CUST-00963,site_visit,2025-04-30,,trade_show,
6ed63f84,CUST-00963,sample_request,2025-05-04,Glass - Midnight,trade_show,
bd8314a8,CUST-00963,sample_request,2025-05-15,Original Ceramic - Aegean,trade_show,
6e50c8a5,CUST-00963,purchase,2025-06-26,Thin Brick - Charcoal,trade_show,946.53
378468c5,CUST-00964,site_visit,2025-01-01,,organic_search,
2ac103f9,CUST-00964,sample_request,2025-01-10,Glass - Seaglass,organic_search,
a3275efd,CUST-00965,site_visit,2024-02-05,,paid_social,
eed6964e,CUST-00965,visualizer_use,2024-02-08,Natural Press - Sable,paid_social,
55740869,CUST-00966,site_visit,2024-12-17,,paid_social,
a3818842,CUST-00966,visualizer_use,2024-12-17,Glass - Seaglass,paid_social,
97e46b94,CUST-00966,sample_request,2024-12-30,Original Ceramic - Clamshell,paid_social,
7565142f,CUST-00966,purchase,2025-02-05,Glass - Seaglass,paid_social,591.7
0b3e6607,CUST-00967,site_visit,2025-05-25,,organic_search,
b43a70a8,CUST-00967,visualizer_use,2025-06-03,Natural Press - Oatmeal,organic_search,
dbe54f73,CUST-00967,sample_request,2025-05-31,Original Ceramic - Clamshell,organic_search,
ace97774,CUST-00967,sample_request,2025-06-12,Natural Press - Fog,organic_search,
7c981e66,CUST-00967,purchase,2025-07-30,Original Ceramic - Clamshell,organic_search,514.57
eecec344,CUST-00968,site_visit,2024-05-10,,organic_search,
a0a8cd8a,CUST-00969,site_visit,2024-06-09,,referral,
fad26fa7,CUST-00969,visualizer_use,2024-06-14,Thin Brick - Terracotta,referral,
27eddba3,CUST-00969,sample_request,2024-06-18,Natural Press - Fog,referral,
dd821b69,CUST-00969,sample_request,2024-07-14,Natural Press - Fog,referral,
c6db1839,CUST-00969,purchase,2024-07-15,Original Ceramic - Sage,referral,541.96
41bbd6b4,CUST-00970,site_visit,2025-01-06,,referral,
78112ba6,CUST-00970,visualizer_use,2025-01-11,Thin Brick - Charcoal,referral,
21314861,CUST-00970,sample_request,2025-01-19,Original Ceramic - Clamshell,referral,
6cf5b775,CUST-00971,site_visit,2024-11-03,,paid_social,
e1faf893,CUST-00971,visualizer_use,2024-11-06,Glass - Midnight,paid_social,
75c84d7a,CUST-00971,sample_request,2024-11-04,Natural Press - Oatmeal,paid_social,
ce2aab84,CUST-00972,site_visit,2024-07-05,,direct,
daf94955,CUST-00972,sample_request,2024-07-16,Original Ceramic - Clamshell,direct,
5485d21b,CUST-00972,sample_request,2024-08-07,Glass - Seaglass,direct,
ecdbfd40,CUST-00972,purchase,2024-09-04,Original Ceramic - Clamshell,direct,487.63
ab24a0cc,CUST-00973,site_visit,2024-08-19,,paid_social,
3f756d8a,CUST-00973,sample_request,2024-09-09,Glass - Midnight,paid_social,
e02fa90d,CUST-00973,purchase,2024-10-16,Glass - Seaglass,paid_social,1019.77
c1432d4c,CUST-00974,site_visit,2025-02-09,,showroom_walkin,
9f06d365,CUST-00975,site_visit,2024-04-24,,trade_show,
1a4f0523,CUST-00976,site_visit,2025-08-31,,organic_search,
a6c7b341,CUST-00977,site_visit,2025-04-13,,referral,
3bf0b4e3,CUST-00977,sample_request,2025-05-03,Thin Brick - Terracotta,referral,
152abbb1,CUST-00977,sample_request,2025-05-24,Thin Brick - Terracotta,referral,
5da6aa47,CUST-00977,purchase,2025-06-16,Original Ceramic - Clamshell,referral,471.88
4851c929,CUST-00978,site_visit,2024-03-16,,architect_referral,
0243f5b6,CUST-00978,sample_request,2024-03-16,Natural Press - Fog,architect_referral,
669f50a6,CUST-00978,purchase,2024-04-13,Natural Press - Sable,architect_referral,1535.24
7d4e4d13,CUST-00979,site_visit,2025-06-19,,paid_social,
df7dc2d9,CUST-00980,site_visit,2024-09-08,,organic_search,
7850e597,CUST-00980,sample_request,2024-09-08,Thin Brick - Terracotta,organic_search,
0f64d51a,CUST-00981,site_visit,2024-02-18,,paid_social,
bf134999,CUST-00981,visualizer_use,2024-02-23,Original Ceramic - Sage,paid_social,
c36bcb45,CUST-00981,sample_request,2024-02-29,Natural Press - Fog,paid_social,
59cd0bcc,CUST-00981,sample_request,2024-03-28,Glass - Midnight,paid_social,
b8fe0dbe,CUST-00982,site_visit,2024-01-21,,showroom_walkin,
59e2e30b,CUST-00982,sample_request,2024-02-08,Glass - Midnight,showroom_walkin,
c836c208,CUST-00982,purchase,2024-04-01,Thin Brick - Weathered White,showroom_walkin,997.23
835cd695,CUST-00983,site_visit,2024-02-13,,architect_referral,
27f96596,CUST-00984,site_visit,2025-02-15,,organic_search,
39b865be,CUST-00984,sample_request,2025-02-21,Natural Press - Fog,organic_search,
77789c6e,CUST-00985,site_visit,2024-04-02,,email_capture,
1b31389f,CUST-00985,sample_request,2024-04-20,Glass - Midnight,email_capture,
426c0c0c,CUST-00985,project_upload,2024-05-12,,email_capture,
80b21462,CUST-00985,purchase,2024-06-08,Glass - Champagne,email_capture,5389.77
f3b2b197,CUST-00985,repeat_purchase,2024-08-14,Glass - Champagne,email_capture,17365.74
e794df97,CUST-00986,site_visit,2025-02-23,,architect_referral,
0485ddc2,CUST-00987,site_visit,2025-04-17,,direct,
6070e875,CUST-00987,sample_request,2025-04-25,Original Ceramic - Aegean,direct,
046b9395,CUST-00987,sample_request,2025-05-21,Glass - Champagne,direct,
44f7fe1e,CUST-00987,purchase,2025-05-10,Natural Press - Oatmeal,direct,1086.58
a4996412,CUST-00988,site_visit,2024-04-14,,trade_show,
fe5aa4ff,CUST-00988,sample_request,2024-04-14,Thin Brick - Weathered White,trade_show,
82a5b026,CUST-00989,site_visit,2024-01-04,,architect_referral,
87e30357,CUST-00989,sample_request,2024-01-12,Natural Press - Fog,architect_referral,
a94ad9f2,CUST-00989,purchase,2024-03-12,Glass - Champagne,architect_referral,1473.69
7a8f801b,CUST-00990,site_visit,2025-03-11,,organic_search,
f074620f,CUST-00990,purchase,2025-04-06,Thin Brick - Weathered White,organic_search,24741.24
3ff176f0,CUST-00991,site_visit,2024-08-27,,showroom_walkin,
a5ee924f,CUST-00991,visualizer_use,2024-08-27,Thin Brick - Weathered White,showroom_walkin,
ca6eac41,CUST-00992,site_visit,2024-07-09,,email_capture,
fe5538dd,CUST-00992,purchase,2024-07-30,Thin Brick - Weathered White,email_capture,23487.64
f0f3f2be,CUST-00993,site_visit,2024-02-27,,organic_search,
439d1f08,CUST-00994,site_visit,2024-11-12,,paid_social,
1ffd3f0c,CUST-00994,sample_request,2024-11-29,Glass - Midnight,paid_social,
3c2beeb5,CUST-00994,sample_request,2024-12-22,Glass - Seaglass,paid_social,
ac2d2f76,CUST-00994,purchase,2024-12-17,Glass - Midnight,paid_social,922.47
632056ac,CUST-00995,site_visit,2025-06-30,,organic_search,
eb031405,CUST-00995,sample_request,2025-07-15,Original Ceramic - Aegean,organic_search,
7101d29b,CUST-00995,purchase,2025-07-31,Original Ceramic - Aegean,organic_search,1490.65
b9011598,CUST-00996,site_visit,2025-08-07,,organic_search,
982854f9,CUST-00996,sample_request,2025-08-07,Original Ceramic - Aegean,organic_search,
2fe7b9e9,CUST-00997,site_visit,2025-04-17,,paid_social,
a5293c8d,CUST-00997,visualizer_use,2025-04-20,Glass - Champagne,paid_social,
8092ca36,CUST-00997,sample_request,2025-04-27,Original Ceramic - Aegean,paid_social,
c469a871,CUST-00997,sample_request,2025-05-14,Glass - Midnight,paid_social,
139b9992,CUST-00997,purchase,2025-05-11,Natural Press - Sable,paid_social,434.93
7fc02a72,CUST-00998,site_visit,2024-04-23,,email_capture,
c16a6751,CUST-00998,purchase,2024-05-14,Natural Press - Sable,email_capture,20277.92
6965b672,CUST-00998,repeat_purchase,2024-10-13,Thin Brick - Charcoal,email_capture,4424.89
656bd5cf,CUST-00999,site_visit,2025-08-24,,organic_search,
4634a044,CUST-00999,sample_request,2025-09-02,Thin Brick - Terracotta,organic_search,
2d6782ed,CUST-00999,purchase,2025-10-18,Thin Brick - Charcoal,organic_search,431.65
8da5957a,CUST-01000,site_visit,2025-04-21,,organic_search,
a6694794,CUST-01000,visualizer_use,2025-04-26,Thin Brick - Terracotta,organic_search,
0c880c9a,CUST-01000,sample_request,2025-04-30,Natural Press - Fog,organic_search,
83608066,CUST-01000,sample_request,2025-05-23,Thin Brick - Charcoal,organic_search,
4628be5b,CUST-01000,purchase,2025-06-10,Original Ceramic - Sage,organic_search,1214.02
f56bf65d,CUST-01001,site_visit,2025-07-02,,architect_referral,
42caf35b,CUST-01001,sample_request,2025-07-08,Glass - Midnight,architect_referral,
a0ace4f4,CUST-01001,sample_request,2025-07-29,Natural Press - Sable,architect_referral,
d0e90740,CUST-01001,purchase,2025-07-31,Thin Brick - Terracotta,architect_referral,433.09
1552b233,CUST-01002,site_visit,2024-05-13,,direct,
7f6532e8,CUST-01003,site_visit,2024-05-10,,referral,
f18cf049,CUST-01003,sample_request,2024-05-15,Original Ceramic - Sage,referral,
d85b04ee,CUST-01003,project_upload,2024-05-30,,referral,
b5b88044,CUST-01003,purchase,2024-06-01,Thin Brick - Terracotta,referral,6943.38
11d69126,CUST-01003,repeat_purchase,2024-08-03,Natural Press - Fog,referral,8338.89
d6ce26fe,CUST-01004,site_visit,2024-01-22,,organic_search,
33c1a54b,CUST-01005,site_visit,2025-08-04,,referral,
7b1b16d5,CUST-01006,site_visit,2024-08-28,,trade_show,
1cc668cb,CUST-01007,site_visit,2025-07-08,,referral,
3e16b1ed,CUST-01007,sample_request,2025-07-23,Natural Press - Sable,referral,
feb5a644,CUST-01007,sample_request,2025-08-16,Thin Brick - Weathered White,referral,
948191b3,CUST-01007,purchase,2025-09-11,Glass - Seaglass,referral,706.77
ca5f6e44,CUST-01008,site_visit,2024-03-28,,organic_search,
0b31ef8c,CUST-01008,visualizer_use,2024-03-30,Thin Brick - Weathered White,organic_search,
7d5e2c8e,CUST-01009,site_visit,2025-01-06,,organic_search,
712e86dc,CUST-01010,site_visit,2025-02-18,,architect_referral,
afcf2347,CUST-01010,visualizer_use,2025-02-28,Thin Brick - Terracotta,architect_referral,
888d0e8f,CUST-01010,sample_request,2025-02-21,Thin Brick - Terracotta,architect_referral,
04252851,CUST-01010,purchase,2025-03-08,Glass - Champagne,architect_referral,1313.67
79811f0a,CUST-01010,repeat_purchase,2025-05-07,Glass - Seaglass,architect_referral,494.08
739764ac,CUST-01011,site_visit,2024-05-19,,showroom_walkin,
8b84192c,CUST-01011,visualizer_use,2024-05-22,Natural Press - Fog,showroom_walkin,
6dd81a1f,CUST-01011,purchase,2024-06-13,Thin Brick - Weathered White,showroom_walkin,522.07
9d3bc4f7,CUST-01012,site_visit,2025-03-04,,referral,
6ebb6e87,CUST-01012,visualizer_use,2025-03-14,Glass - Seaglass,referral,
d4770ab8,CUST-01012,sample_request,2025-03-05,Original Ceramic - Aegean,referral,
599aa535,CUST-01012,sample_request,2025-03-23,Glass - Seaglass,referral,
59f2d928,CUST-01012,purchase,2025-03-17,Natural Press - Oatmeal,referral,578.9
189c9442,CUST-01013,site_visit,2024-05-10,,referral,
665d5390,CUST-01013,sample_request,2024-05-21,Original Ceramic - Aegean,referral,
eef4201d,CUST-01013,project_upload,2024-06-26,,referral,
dc5f8053,CUST-01014,site_visit,2024-05-27,,trade_show,
4164676f,CUST-01014,visualizer_use,2024-05-30,Original Ceramic - Aegean,trade_show,
356bff39,CUST-01014,sample_request,2024-06-08,Thin Brick - Terracotta,trade_show,
8327e0f0,CUST-01015,site_visit,2025-02-23,,paid_social,
014ecf6b,CUST-01015,visualizer_use,2025-03-02,Thin Brick - Charcoal,paid_social,
0e13489e,CUST-01016,site_visit,2024-12-25,,referral,
82ef390b,CUST-01017,site_visit,2025-06-06,,referral,
a65d3c9c,CUST-01017,visualizer_use,2025-06-06,Thin Brick - Charcoal,referral,
a493c683,CUST-01017,sample_request,2025-06-07,Original Ceramic - Aegean,referral,
a778ab89,CUST-01017,purchase,2025-07-20,Natural Press - Sable,referral,1076.72
efd2c8e7,CUST-01018,site_visit,2025-03-05,,paid_social,
c6091789,CUST-01019,site_visit,2024-09-19,,referral,
ebbf3a8b,CUST-01019,purchase,2024-11-10,Natural Press - Oatmeal,referral,16776.53
f28c043b,CUST-01019,repeat_purchase,2025-03-13,Thin Brick - Charcoal,referral,1845.89
3ac45b97,CUST-01020,site_visit,2025-08-23,,paid_social,
4e705395,CUST-01020,sample_request,2025-09-05,Glass - Champagne,paid_social,
9cdd6b9d,CUST-01020,sample_request,2025-10-04,Original Ceramic - Aegean,paid_social,
5d7fced6,CUST-01020,purchase,2025-09-18,Original Ceramic - Aegean,paid_social,1543.18
b9fb1b0d,CUST-01021,site_visit,2025-02-15,,organic_search,
0e9eddc2,CUST-01021,sample_request,2025-02-18,Thin Brick - Terracotta,organic_search,
ac54165b,CUST-01022,site_visit,2025-07-17,,referral,
365c36d8,CUST-01022,visualizer_use,2025-07-17,Natural Press - Oatmeal,referral,
c94ef701,CUST-01022,sample_request,2025-07-25,Original Ceramic - Sage,referral,
f26fd075,CUST-01022,purchase,2025-09-22,Thin Brick - Charcoal,referral,1053.29
d43c3f7f,CUST-01023,site_visit,2024-06-08,,direct,
8f3b03dc,CUST-01024,site_visit,2024-05-03,,organic_search,
e05220bc,CUST-01024,sample_request,2024-05-08,Glass - Champagne,organic_search,
98e15926,CUST-01025,site_visit,2025-04-24,,architect_referral,
9f328a10,CUST-01025,purchase,2025-05-13,Thin Brick - Weathered White,architect_referral,18308.94
c8937982,CUST-01026,site_visit,2024-08-20,,paid_social,
11dd6326,CUST-01026,visualizer_use,2024-08-24,Glass - Champagne,paid_social,
df7b46e5,CUST-01026,sample_request,2024-09-01,Thin Brick - Terracotta,paid_social,
76bbffe7,CUST-01027,site_visit,2024-05-18,,paid_social,
9bb0a343,CUST-01027,visualizer_use,2024-05-18,Glass - Seaglass,paid_social,
9c905996,CUST-01027,sample_request,2024-05-31,Glass - Seaglass,paid_social,
1b6878aa,CUST-01027,sample_request,2024-06-26,Glass - Midnight,paid_social,
6588bcbe,CUST-01027,purchase,2024-07-28,Thin Brick - Charcoal,paid_social,1019.48
d96af536,CUST-01028,site_visit,2024-05-25,,direct,
0222898b,CUST-01028,sample_request,2024-05-25,Glass - Midnight,direct,
509872a9,CUST-01028,sample_request,2024-06-19,Glass - Champagne,direct,
50cb1fd8,CUST-01028,purchase,2024-07-21,Natural Press - Oatmeal,direct,619.16
2abe5b96,CUST-01029,site_visit,2024-10-26,,paid_social,
24e7989a,CUST-01029,purchase,2024-11-02,Natural Press - Oatmeal,paid_social,842.95
c5958412,CUST-01030,site_visit,2025-07-17,,architect_referral,
a59eb774,CUST-01030,sample_request,2025-07-27,Natural Press - Oatmeal,architect_referral,
b3affa00,CUST-01030,sample_request,2025-08-01,Original Ceramic - Sage,architect_referral,
1ac6025c,CUST-01031,site_visit,2024-06-08,,trade_show,
43198421,CUST-01031,purchase,2024-07-19,Glass - Midnight,trade_show,20536.2
1ab15a44,CUST-01031,repeat_purchase,2024-11-15,Thin Brick - Weathered White,trade_show,12579.41
f93afb3d,CUST-01032,site_visit,2024-06-07,,paid_social,
6cd7b558,CUST-01032,sample_request,2024-06-19,Original Ceramic - Aegean,paid_social,
1c0a6520,CUST-01033,site_visit,2025-01-01,,organic_search,
9543f68c,CUST-01033,sample_request,2025-01-09,Thin Brick - Charcoal,organic_search,
b3608b40,CUST-01034,site_visit,2025-06-26,,email_capture,
85fa147e,CUST-01034,visualizer_use,2025-07-01,Thin Brick - Terracotta,email_capture,
d7970164,CUST-01034,sample_request,2025-06-29,Glass - Seaglass,email_capture,
414980dc,CUST-01035,site_visit,2025-07-22,,paid_social,
15789cff,CUST-01035,visualizer_use,2025-07-29,Thin Brick - Charcoal,paid_social,
c6f5bbda,CUST-01036,site_visit,2024-07-30,,organic_search,
a385340d,CUST-01036,sample_request,2024-08-03,Natural Press - Oatmeal,organic_search,
58f69009,CUST-01036,purchase,2024-08-13,Thin Brick - Charcoal,organic_search,969.01
de20ce0b,CUST-01037,site_visit,2024-08-27,,architect_referral,
e1d0a0e3,CUST-01037,visualizer_use,2024-09-04,Thin Brick - Weathered White,architect_referral,
30e52067,CUST-01038,site_visit,2025-04-05,,trade_show,
b2a26730,CUST-01039,site_visit,2024-12-13,,trade_show,
9e75fa45,CUST-01039,sample_request,2024-12-18,Glass - Midnight,trade_show,
5c24f7da,CUST-01040,site_visit,2024-04-18,,referral,
b74737ad,CUST-01040,purchase,2024-05-05,Natural Press - Sable,referral,480.09
71d04221,CUST-01041,site_visit,2024-04-16,,paid_social,
f7a3b0a3,CUST-01041,visualizer_use,2024-04-18,Thin Brick - Terracotta,paid_social,
838672d7,CUST-01041,sample_request,2024-04-26,Glass - Champagne,paid_social,
e869e8b6,CUST-01041,purchase,2024-05-28,Original Ceramic - Sage,paid_social,776.09
6a1c07a8,CUST-01042,site_visit,2024-08-09,,architect_referral,
432a0d45,CUST-01042,visualizer_use,2024-08-09,Natural Press - Sable,architect_referral,
bbe71897,CUST-01042,sample_request,2024-08-13,Original Ceramic - Clamshell,architect_referral,
10bb386b,CUST-01042,project_upload,2024-09-10,,architect_referral,
e3916780,CUST-01042,purchase,2024-09-25,Glass - Midnight,architect_referral,8831.56
e9a48ce2,CUST-01043,site_visit,2025-02-11,,organic_search,
b66e68e2,CUST-01044,site_visit,2024-06-10,,organic_search,
2f8619d6,CUST-01044,sample_request,2024-06-30,Original Ceramic - Aegean,organic_search,
6ef6b238,CUST-01044,purchase,2024-08-29,Glass - Seaglass,organic_search,1002.63
c0573591,CUST-01045,site_visit,2024-12-30,,showroom_walkin,
aece17f4,CUST-01045,visualizer_use,2024-12-30,Glass - Champagne,showroom_walkin,
b606dafe,CUST-01046,site_visit,2024-01-23,,architect_referral,
90ff04a8,CUST-01046,visualizer_use,2024-01-25,Original Ceramic - Sage,architect_referral,
cdfa812d,CUST-01047,site_visit,2025-07-09,,paid_social,
646bc7b3,CUST-01047,sample_request,2025-07-14,Original Ceramic - Aegean,paid_social,
10a1e97f,CUST-01047,sample_request,2025-07-23,Natural Press - Fog,paid_social,
3332c7d1,CUST-01048,site_visit,2024-03-01,,direct,
3268c380,CUST-01048,purchase,2024-04-02,Glass - Champagne,direct,1213.25
3400b870,CUST-01049,site_visit,2024-06-15,,referral,
93f395b2,CUST-01049,visualizer_use,2024-06-24,Thin Brick - Terracotta,referral,
0c86839e,CUST-01049,sample_request,2024-06-26,Natural Press - Oatmeal,referral,
f18d5701,CUST-01049,purchase,2024-08-09,Natural Press - Fog,referral,3569.27
7b23433f,CUST-01050,site_visit,2024-04-30,,email_capture,
304f1631,CUST-01050,visualizer_use,2024-05-05,Natural Press - Sable,email_capture,
ce5f148d,CUST-01050,sample_request,2024-05-01,Glass - Seaglass,email_capture,
466b4436,CUST-01050,sample_request,2024-05-08,Thin Brick - Weathered White,email_capture,
fc760af1,CUST-01050,purchase,2024-06-05,Original Ceramic - Sage,email_capture,878.66
933a398f,CUST-01051,site_visit,2025-02-14,,paid_social,
b162ac04,CUST-01051,sample_request,2025-02-26,Natural Press - Sable,paid_social,
8fc5788b,CUST-01051,sample_request,2025-03-03,Thin Brick - Weathered White,paid_social,
fc7c0cbb,CUST-01051,purchase,2025-04-02,Natural Press - Oatmeal,paid_social,1532.11
1e6d2334,CUST-01052,site_visit,2024-05-20,,showroom_walkin,
4a89d618,CUST-01052,sample_request,2024-05-28,Natural Press - Oatmeal,showroom_walkin,
9c0d5dee,CUST-01052,project_upload,2024-06-14,,showroom_walkin,
d269bb1f,CUST-01052,purchase,2024-07-11,Original Ceramic - Clamshell,showroom_walkin,13171.69
ea063226,CUST-01052,repeat_purchase,2025-03-05,Original Ceramic - Clamshell,showroom_walkin,15290.73
2d4d1e25,CUST-01053,site_visit,2024-09-17,,organic_search,
6e124c18,CUST-01053,sample_request,2024-10-04,Glass - Midnight,organic_search,
cd26a0e7,CUST-01054,site_visit,2025-07-25,,trade_show,
e0fe3d38,CUST-01054,sample_request,2025-07-26,Glass - Champagne,trade_show,
a92ac4e1,CUST-01055,site_visit,2024-11-24,,organic_search,
7aa51062,CUST-01055,sample_request,2024-12-09,Original Ceramic - Clamshell,organic_search,
0ae314b5,CUST-01055,sample_request,2024-12-20,Thin Brick - Charcoal,organic_search,
ada4fefa,CUST-01056,site_visit,2024-06-25,,referral,
f3d4c56e,CUST-01057,site_visit,2024-11-03,,direct,
1277d047,CUST-01057,visualizer_use,2024-11-03,Original Ceramic - Sage,direct,
20470418,CUST-01057,purchase,2024-11-20,Natural Press - Sable,direct,743.96
09dda295,CUST-01058,site_visit,2025-03-30,,direct,
4df69934,CUST-01059,site_visit,2024-03-09,,organic_search,
597ad619,CUST-01059,visualizer_use,2024-03-10,Thin Brick - Weathered White,organic_search,
761ab380,CUST-01059,sample_request,2024-03-15,Natural Press - Oatmeal,organic_search,
1cc8b08e,CUST-01059,sample_request,2024-04-03,Original Ceramic - Sage,organic_search,
2da6c8e7,CUST-01059,purchase,2024-04-28,Original Ceramic - Aegean,organic_search,711.07
b43e6d2b,CUST-01059,repeat_purchase,2024-11-09,Glass - Midnight,organic_search,486.64
859920b1,CUST-01060,site_visit,2024-04-23,,organic_search,
d3db466d,CUST-01060,sample_request,2024-05-09,Thin Brick - Terracotta,organic_search,
189fc20d,CUST-01060,purchase,2024-05-27,Glass - Seaglass,organic_search,679.84
dc37b910,CUST-01061,site_visit,2024-07-21,,organic_search,
4f5db60a,CUST-01062,site_visit,2025-02-02,,architect_referral,
eaf32a60,CUST-01063,site_visit,2024-02-02,,paid_social,
2b5c451e,CUST-01063,sample_request,2024-02-10,Glass - Seaglass,paid_social,
29ea74f6,CUST-01063,purchase,2024-03-23,Original Ceramic - Sage,paid_social,1017.93
fea92886,CUST-01064,site_visit,2024-06-21,,organic_search,
60d49351,CUST-01064,sample_request,2024-06-29,Natural Press - Fog,organic_search,
e9bab2dc,CUST-01064,sample_request,2024-07-16,Thin Brick - Weathered White,organic_search,
95f3bef7,CUST-01064,purchase,2024-08-11,Original Ceramic - Aegean,organic_search,1465.2
df1f7085,CUST-01065,site_visit,2024-05-20,,direct,
ba2938fe,CUST-01066,site_visit,2024-01-04,,email_capture,
b75367a1,CUST-01066,purchase,2024-02-05,Natural Press - Oatmeal,email_capture,1416.56
6f596b24,CUST-01066,repeat_purchase,2024-10-26,Natural Press - Oatmeal,email_capture,342.25
03c429fa,CUST-01067,site_visit,2024-02-21,,showroom_walkin,
36b6e434,CUST-01067,visualizer_use,2024-02-29,Glass - Champagne,showroom_walkin,
0cb1f691,CUST-01067,sample_request,2024-02-25,Glass - Midnight,showroom_walkin,
6416fb4f,CUST-01067,sample_request,2024-03-25,Glass - Midnight,showroom_walkin,
08f1f87e,CUST-01068,site_visit,2024-05-14,,architect_referral,
b30bd4f9,CUST-01069,site_visit,2024-06-01,,direct,
48ac491c,CUST-01069,sample_request,2024-06-02,Thin Brick - Terracotta,direct,
2620bc87,CUST-01069,purchase,2024-06-24,Glass - Seaglass,direct,908.68
91b8f24c,CUST-01069,repeat_purchase,2024-10-25,Glass - Seaglass,direct,877.47
cea8d133,CUST-01070,site_visit,2025-05-09,,organic_search,
73a9129f,CUST-01070,sample_request,2025-05-13,Original Ceramic - Clamshell,organic_search,
1bcc6c88,CUST-01070,purchase,2025-06-25,Original Ceramic - Sage,organic_search,1299.32
b1169d90,CUST-01071,site_visit,2024-12-03,,organic_search,
f4388635,CUST-01071,sample_request,2024-12-08,Thin Brick - Terracotta,organic_search,
37840877,CUST-01072,site_visit,2024-01-23,,trade_show,
8921ec5b,CUST-01073,site_visit,2025-03-29,,paid_social,
b3dc1c64,CUST-01073,sample_request,2025-04-19,Original Ceramic - Aegean,paid_social,
3f98bb4e,CUST-01073,purchase,2025-06-18,Thin Brick - Weathered White,paid_social,1112.56
4aafec7b,CUST-01074,site_visit,2025-03-04,,referral,
23e5dd3e,CUST-01074,visualizer_use,2025-03-04,Glass - Champagne,referral,
66b3378b,CUST-01074,sample_request,2025-03-18,Natural Press - Sable,referral,
051dbbfe,CUST-01074,purchase,2025-04-07,Thin Brick - Weathered White,referral,1405.15
1b48c4ae,CUST-01075,site_visit,2024-11-30,,paid_social,
f74a7e2e,CUST-01075,visualizer_use,2024-12-09,Thin Brick - Weathered White,paid_social,
a392abbd,CUST-01076,site_visit,2024-07-13,,referral,
c46c0fab,CUST-01076,visualizer_use,2024-07-21,Glass - Champagne,referral,
999103c3,CUST-01076,sample_request,2024-07-18,Thin Brick - Charcoal,referral,
a2b9d7ce,CUST-01077,site_visit,2025-02-28,,referral,
ff8d24be,CUST-01078,site_visit,2025-08-16,,showroom_walkin,
012f403c,CUST-01079,site_visit,2024-01-02,,organic_search,
bff652fe,CUST-01079,sample_request,2024-01-22,Natural Press - Sable,organic_search,
0e443c2e,CUST-01079,sample_request,2024-02-12,Thin Brick - Charcoal,organic_search,
476c509d,CUST-01079,purchase,2024-03-02,Original Ceramic - Sage,organic_search,1296.87
d64a033b,CUST-01080,site_visit,2024-10-30,,organic_search,
4e5d9348,CUST-01080,visualizer_use,2024-11-01,Glass - Champagne,organic_search,
daf962c6,CUST-01080,sample_request,2024-11-09,Natural Press - Fog,organic_search,
f5707193,CUST-01081,site_visit,2024-04-25,,referral,
18f7424d,CUST-01081,sample_request,2024-05-12,Original Ceramic - Aegean,referral,
e880a223,CUST-01081,sample_request,2024-05-20,Glass - Midnight,referral,
7422ec4f,CUST-01081,purchase,2024-07-06,Glass - Seaglass,referral,1526.25
0d6ddb6f,CUST-01082,site_visit,2025-06-18,,referral,
92d406cf,CUST-01082,purchase,2025-07-05,Natural Press - Fog,referral,1320.68
d6f82cb8,CUST-01083,site_visit,2025-01-07,,organic_search,
cbb25d9e,CUST-01083,purchase,2025-02-22,Glass - Midnight,organic_search,927.41
ca59431b,CUST-01084,site_visit,2024-11-11,,architect_referral,
79f93ab4,CUST-01085,site_visit,2024-10-12,,architect_referral,
823ab42c,CUST-01085,visualizer_use,2024-10-21,Glass - Midnight,architect_referral,
7dbf6988,CUST-01086,site_visit,2024-05-10,,email_capture,
ecc5e3a6,CUST-01086,sample_request,2024-05-19,Thin Brick - Weathered White,email_capture,
4c56ba93,CUST-01087,site_visit,2024-09-19,,trade_show,
7a67ae14,CUST-01087,sample_request,2024-10-02,Glass - Seaglass,trade_show,
b7fbd87a,CUST-01088,site_visit,2024-06-07,,trade_show,
2c22cc43,CUST-01088,visualizer_use,2024-06-15,Thin Brick - Terracotta,trade_show,
2b191481,CUST-01088,sample_request,2024-06-14,Glass - Champagne,trade_show,
0ddfe988,CUST-01088,sample_request,2024-06-24,Natural Press - Fog,trade_show,
e43df9d2,CUST-01089,site_visit,2025-06-19,,organic_search,
495fa572,CUST-01089,sample_request,2025-07-08,Original Ceramic - Sage,organic_search,
2eb6230f,CUST-01089,sample_request,2025-07-13,Original Ceramic - Sage,organic_search,
74c4b0d7,CUST-01089,purchase,2025-07-18,Thin Brick - Charcoal,organic_search,1313.32
6cb83831,CUST-01090,site_visit,2024-11-08,,direct,
cb3dd152,CUST-01090,purchase,2024-12-25,Glass - Midnight,direct,22278.07
f3f2d1c2,CUST-01091,site_visit,2024-06-12,,trade_show,
5ab52e63,CUST-01091,sample_request,2024-06-19,Original Ceramic - Aegean,trade_show,
46b18f5c,CUST-01092,site_visit,2025-08-05,,organic_search,
7e83b7ca,CUST-01092,visualizer_use,2025-08-13,Original Ceramic - Clamshell,organic_search,
623fc936,CUST-01092,sample_request,2025-08-07,Glass - Midnight,organic_search,
f10427cd,CUST-01092,purchase,2025-09-09,Glass - Champagne,organic_search,972.66
605ec62e,CUST-01093,site_visit,2024-10-24,,architect_referral,
ca84a3a5,CUST-01093,sample_request,2024-10-26,Thin Brick - Charcoal,architect_referral,
361ed9bd,CUST-01093,sample_request,2024-11-12,Original Ceramic - Sage,architect_referral,
dd21d68a,CUST-01093,purchase,2024-12-03,Natural Press - Oatmeal,architect_referral,1086.27
83437570,CUST-01094,site_visit,2025-08-12,,organic_search,
68f10169,CUST-01094,sample_request,2025-08-14,Thin Brick - Weathered White,organic_search,
b4814f8a,CUST-01094,sample_request,2025-08-20,Natural Press - Oatmeal,organic_search,
d831d3e7,CUST-01094,purchase,2025-09-01,Natural Press - Sable,organic_search,1534.51
7744407a,CUST-01095,site_visit,2025-07-01,,organic_search,
5b553be3,CUST-01095,sample_request,2025-07-16,Glass - Seaglass,organic_search,
ab94042e,CUST-01096,site_visit,2025-07-24,,email_capture,
0f70e7f3,CUST-01096,sample_request,2025-08-01,Natural Press - Fog,email_capture,
41e647ba,CUST-01096,sample_request,2025-08-08,Glass - Champagne,email_capture,
e06fc268,CUST-01097,site_visit,2024-03-21,,paid_social,
afedb070,CUST-01098,site_visit,2024-02-18,,direct,
a3142866,CUST-01099,site_visit,2025-07-06,,paid_social,
22fb02db,CUST-01099,sample_request,2025-07-08,Glass - Champagne,paid_social,
ac1c9a43,CUST-01100,site_visit,2024-09-01,,architect_referral,
f03835f2,CUST-01100,purchase,2024-09-28,Thin Brick - Terracotta,architect_referral,5947.26
6ec93538,CUST-01101,site_visit,2024-07-27,,organic_search,
a82e8af8,CUST-01101,sample_request,2024-08-04,Original Ceramic - Aegean,organic_search,
2a0882d7,CUST-01101,sample_request,2024-09-02,Glass - Seaglass,organic_search,
27899198,CUST-01101,purchase,2024-09-12,Thin Brick - Weathered White,organic_search,1407.77
fb72fcf7,CUST-01101,repeat_purchase,2024-12-24,Thin Brick - Charcoal,organic_search,353.33
867fdf1d,CUST-01102,site_visit,2025-07-07,,trade_show,
8961fd33,CUST-01102,visualizer_use,2025-07-13,Glass - Seaglass,trade_show,
6cd9311c,CUST-01102,sample_request,2025-07-13,Glass - Champagne,trade_show,
bdefec91,CUST-01102,sample_request,2025-07-23,Glass - Seaglass,trade_show,
a993e4ec,CUST-01102,purchase,2025-08-31,Thin Brick - Weathered White,trade_show,567.03
bb121ce7,CUST-01103,site_visit,2024-01-19,,organic_search,
fc28c8c3,CUST-01103,sample_request,2024-01-27,Natural Press - Sable,organic_search,
72aecf45,CUST-01104,site_visit,2024-03-22,,direct,
a6289aa2,CUST-01104,sample_request,2024-04-04,Glass - Midnight,direct,
2beaae6b,CUST-01104,sample_request,2024-04-22,Original Ceramic - Clamshell,direct,
6607ec11,CUST-01104,project_upload,2024-05-06,,direct,
db7d3e75,CUST-01104,purchase,2024-04-11,Glass - Seaglass,direct,5481.26
5627a93d,CUST-01104,repeat_purchase,2024-09-13,Glass - Champagne,direct,10648.14
8f37bc65,CUST-01105,site_visit,2025-06-13,,email_capture,
fd32b53e,CUST-01105,sample_request,2025-06-13,Natural Press - Fog,email_capture,
7ac2bb8d,CUST-01105,purchase,2025-07-30,Original Ceramic - Aegean,email_capture,1000.51
48143629,CUST-01106,site_visit,2024-03-01,,email_capture,
e4497581,CUST-01106,visualizer_use,2024-03-04,Glass - Midnight,email_capture,
3cf981ed,CUST-01106,sample_request,2024-03-11,Glass - Midnight,email_capture,
1ce340a0,CUST-01106,purchase,2024-05-09,Glass - Seaglass,email_capture,661.34
4d8a3aaa,CUST-01107,site_visit,2024-09-20,,architect_referral,
2f8fe1d1,CUST-01107,sample_request,2024-09-30,Natural Press - Oatmeal,architect_referral,
4da66881,CUST-01107,sample_request,2024-10-22,Original Ceramic - Sage,architect_referral,
ca69c307,CUST-01107,purchase,2024-10-29,Glass - Champagne,architect_referral,17176.16
8f3a56f5,CUST-01108,site_visit,2024-06-20,,paid_social,
02c3b3f4,CUST-01108,visualizer_use,2024-06-26,Glass - Seaglass,paid_social,
5e044279,CUST-01108,sample_request,2024-07-03,Glass - Seaglass,paid_social,
171aab2e,CUST-01108,sample_request,2024-07-25,Glass - Seaglass,paid_social,
e2d21628,CUST-01108,purchase,2024-07-10,Thin Brick - Charcoal,paid_social,814.87
53b4e07b,CUST-01109,site_visit,2025-01-09,,email_capture,
16a9a4dd,CUST-01109,visualizer_use,2025-01-12,Thin Brick - Charcoal,email_capture,
f0df8a37,CUST-01109,sample_request,2025-01-11,Glass - Seaglass,email_capture,
93f384c4,CUST-01109,purchase,2025-02-15,Natural Press - Fog,email_capture,1200.91
6489ecce,CUST-01109,repeat_purchase,2025-06-17,Natural Press - Sable,email_capture,1067.95
89ec1e98,CUST-01110,site_visit,2024-09-27,,showroom_walkin,
153e2fb9,CUST-01110,sample_request,2024-10-07,Thin Brick - Terracotta,showroom_walkin,
90e178e8,CUST-01111,site_visit,2024-11-03,,email_capture,
37cdb4b0,CUST-01111,visualizer_use,2024-11-08,Thin Brick - Terracotta,email_capture,
bda699f8,CUST-01111,sample_request,2024-11-08,Thin Brick - Charcoal,email_capture,
09cb26a2,CUST-01111,purchase,2024-12-28,Original Ceramic - Clamshell,email_capture,1056.19
32c7104d,CUST-01112,site_visit,2024-09-28,,organic_search,
a8817945,CUST-01112,visualizer_use,2024-10-01,Original Ceramic - Clamshell,organic_search,
825432cf,CUST-01112,sample_request,2024-10-08,Thin Brick - Terracotta,organic_search,
ebb5a70a,CUST-01112,sample_request,2024-10-31,Glass - Seaglass,organic_search,
48c01012,CUST-01112,project_upload,2024-10-19,,organic_search,
2124aaba,CUST-01112,purchase,2024-12-02,Glass - Seaglass,organic_search,6100.0
1652323e,CUST-01113,site_visit,2024-06-18,,organic_search,
770ee750,CUST-01114,site_visit,2024-07-05,,organic_search,
db16a621,CUST-01114,sample_request,2024-07-10,Glass - Champagne,organic_search,
6d78fee0,CUST-01115,site_visit,2025-05-09,,organic_search,
920d1b27,CUST-01116,site_visit,2024-03-12,,showroom_walkin,
ae8fd1f4,CUST-01116,sample_request,2024-03-19,Natural Press - Oatmeal,showroom_walkin,
48db56e2,CUST-01117,site_visit,2024-08-11,,paid_social,
260d980c,CUST-01117,visualizer_use,2024-08-17,Glass - Seaglass,paid_social,
326423d9,CUST-01118,site_visit,2024-08-31,,paid_social,
1db5f869,CUST-01118,sample_request,2024-09-09,Original Ceramic - Sage,paid_social,
c77e5cad,CUST-01119,site_visit,2025-03-20,,showroom_walkin,
784f69e6,CUST-01119,visualizer_use,2025-03-29,Original Ceramic - Aegean,showroom_walkin,
8ddc6ef9,CUST-01120,site_visit,2025-06-04,,organic_search,
e65077a2,CUST-01121,site_visit,2024-11-18,,paid_social,
fcbe27d0,CUST-01122,site_visit,2025-07-08,,referral,
4c125ec0,CUST-01122,sample_request,2025-07-26,Thin Brick - Terracotta,referral,
6cd2809f,CUST-01123,site_visit,2024-05-26,,architect_referral,
58bcb186,CUST-01123,visualizer_use,2024-06-04,Natural Press - Sable,architect_referral,
058c8589,CUST-01123,sample_request,2024-05-28,Original Ceramic - Clamshell,architect_referral,
e8bd89a3,CUST-01124,site_visit,2024-10-22,,organic_search,
c3c61fd3,CUST-01125,site_visit,2024-07-16,,paid_social,
aa5a5ca9,CUST-01125,visualizer_use,2024-07-22,Thin Brick - Terracotta,paid_social,
8b11eb33,CUST-01125,sample_request,2024-07-25,Thin Brick - Terracotta,paid_social,
72585d11,CUST-01126,site_visit,2024-12-03,,paid_social,
3af7fc84,CUST-01127,site_visit,2025-01-13,,showroom_walkin,
2b926561,CUST-01127,sample_request,2025-01-13,Thin Brick - Charcoal,showroom_walkin,
8b5cb2f2,CUST-01127,sample_request,2025-01-26,Thin Brick - Weathered White,showroom_walkin,
cb76508d,CUST-01127,purchase,2025-02-13,Thin Brick - Charcoal,showroom_walkin,669.92
481e62c3,CUST-01128,site_visit,2024-05-02,,organic_search,
aba957dd,CUST-01128,sample_request,2024-05-05,Glass - Seaglass,organic_search,
f79591d2,CUST-01129,site_visit,2025-02-12,,showroom_walkin,
ae70114c,CUST-01129,sample_request,2025-02-27,Glass - Seaglass,showroom_walkin,
acd2afa7,CUST-01129,sample_request,2025-03-18,Natural Press - Fog,showroom_walkin,
3abb918f,CUST-01129,purchase,2025-04-26,Glass - Champagne,showroom_walkin,980.89
a940b3d6,CUST-01129,repeat_purchase,2025-07-13,Natural Press - Fog,showroom_walkin,839.14
531e665e,CUST-01130,site_visit,2025-06-08,,referral,
f890fcd6,CUST-01131,site_visit,2024-11-21,,architect_referral,
9431dcc0,CUST-01131,sample_request,2024-12-10,Natural Press - Sable,architect_referral,
1138f3b6,CUST-01132,site_visit,2025-07-07,,architect_referral,
4402a6c6,CUST-01132,visualizer_use,2025-07-08,Natural Press - Oatmeal,architect_referral,
74363c17,CUST-01132,sample_request,2025-07-17,Original Ceramic - Aegean,architect_referral,
b98397fd,CUST-01132,sample_request,2025-08-10,Glass - Midnight,architect_referral,
ddf71e14,CUST-01132,purchase,2025-09-14,Glass - Midnight,architect_referral,1653.45
0647357d,CUST-01133,site_visit,2024-10-03,,paid_social,
d5ea795a,CUST-01133,sample_request,2024-10-18,Natural Press - Sable,paid_social,
bc88f5ac,CUST-01133,sample_request,2024-11-02,Glass - Midnight,paid_social,
2a4649cd,CUST-01133,purchase,2024-11-08,Thin Brick - Charcoal,paid_social,1202.25
68f07f46,CUST-01134,site_visit,2025-03-18,,showroom_walkin,
efb94a94,CUST-01134,sample_request,2025-03-25,Original Ceramic - Sage,showroom_walkin,
8943ccb7,CUST-01134,purchase,2025-05-04,Original Ceramic - Aegean,showroom_walkin,792.51
945ace7a,CUST-01134,repeat_purchase,2025-08-30,Thin Brick - Terracotta,showroom_walkin,425.28
3d4964d7,CUST-01135,site_visit,2025-03-23,,organic_search,
06d5d6ca,CUST-01135,visualizer_use,2025-03-29,Thin Brick - Terracotta,organic_search,
629444d0,CUST-01135,sample_request,2025-04-03,Glass - Champagne,organic_search,
aee7684b,CUST-01136,site_visit,2025-06-10,,direct,
50c564a0,CUST-01136,visualizer_use,2025-06-16,Original Ceramic - Aegean,direct,
b7674e67,CUST-01136,sample_request,2025-06-16,Thin Brick - Terracotta,direct,
00fe0a6a,CUST-01136,purchase,2025-07-19,Natural Press - Sable,direct,1574.1
0eeb3ce0,CUST-01137,site_visit,2024-07-05,,referral,
7d105403,CUST-01137,visualizer_use,2024-07-13,Original Ceramic - Sage,referral,
878bed07,CUST-01137,sample_request,2024-07-14,Original Ceramic - Clamshell,referral,
de01ccd4,CUST-01137,sample_request,2024-07-30,Natural Press - Fog,referral,
171545c6,CUST-01137,purchase,2024-08-16,Thin Brick - Weathered White,referral,1272.0
6a77eddc,CUST-01138,site_visit,2025-04-30,,paid_social,
7d906a30,CUST-01138,sample_request,2025-05-21,Thin Brick - Weathered White,paid_social,
df9a52b5,CUST-01139,site_visit,2025-04-03,,trade_show,
ccb9b40a,CUST-01139,purchase,2025-05-30,Glass - Midnight,trade_show,1023.24
57a9a46d,CUST-01140,site_visit,2024-02-10,,trade_show,
b0c0c231,CUST-01140,visualizer_use,2024-02-19,Natural Press - Sable,trade_show,
a3912f54,CUST-01140,sample_request,2024-02-20,Thin Brick - Terracotta,trade_show,
dc862d48,CUST-01141,site_visit,2024-01-18,,organic_search,
169af80d,CUST-01141,visualizer_use,2024-01-28,Thin Brick - Charcoal,organic_search,
146894e6,CUST-01141,sample_request,2024-01-29,Natural Press - Fog,organic_search,
0133404e,CUST-01141,purchase,2024-03-12,Glass - Champagne,organic_search,1305.86
da26c1d2,CUST-01142,site_visit,2024-01-28,,organic_search,
46d6a9c9,CUST-01142,purchase,2024-03-12,Glass - Midnight,organic_search,584.74
04df6327,CUST-01142,repeat_purchase,2024-09-29,Natural Press - Oatmeal,organic_search,1088.7
d277160c,CUST-01143,site_visit,2025-04-10,,trade_show,
7ee60acc,CUST-01143,sample_request,2025-04-26,Thin Brick - Terracotta,trade_show,
ad01e491,CUST-01143,sample_request,2025-05-12,Thin Brick - Terracotta,trade_show,
2893b2e3,CUST-01143,purchase,2025-06-23,Natural Press - Oatmeal,trade_show,1081.57
10c20d78,CUST-01144,site_visit,2024-12-03,,organic_search,
38fdaca0,CUST-01144,visualizer_use,2024-12-10,Thin Brick - Weathered White,organic_search,
b9e19bbf,CUST-01144,sample_request,2024-12-15,Natural Press - Oatmeal,organic_search,
4fcd040f,CUST-01144,project_upload,2025-01-05,,organic_search,
6e1a85ab,CUST-01144,purchase,2024-12-26,Glass - Midnight,organic_search,9543.94
90fd9b0f,CUST-01145,site_visit,2024-11-26,,direct,
c250f70c,CUST-01146,site_visit,2025-04-06,,referral,
99deba07,CUST-01147,site_visit,2024-09-26,,paid_social,
3f914dce,CUST-01148,site_visit,2024-01-23,,direct,
b748bd72,CUST-01148,visualizer_use,2024-01-24,Natural Press - Fog,direct,
d882aaba,CUST-01148,sample_request,2024-01-31,Natural Press - Fog,direct,
299d530f,CUST-01148,purchase,2024-03-06,Glass - Champagne,direct,7757.81
e8541b40,CUST-01149,site_visit,2024-12-05,,direct,
be306157,CUST-01149,sample_request,2024-12-14,Original Ceramic - Sage,direct,
27c93b00,CUST-01150,site_visit,2024-01-25,,architect_referral,
dcd11dc4,CUST-01150,sample_request,2024-01-28,Natural Press - Fog,architect_referral,
c187c1cc,CUST-01151,site_visit,2024-04-27,,direct,
78b5cb50,CUST-01151,sample_request,2024-05-15,Glass - Champagne,direct,
44c306fe,CUST-01151,purchase,2024-07-09,Natural Press - Sable,direct,9336.48
b81d0f7e,CUST-01152,site_visit,2025-05-13,,referral,
31e7407f,CUST-01152,sample_request,2025-05-22,Thin Brick - Charcoal,referral,
80170fc3,CUST-01152,sample_request,2025-05-27,Original Ceramic - Clamshell,referral,
a684a2b9,CUST-01152,purchase,2025-07-08,Thin Brick - Terracotta,referral,887.03
8cb346af,CUST-01153,site_visit,2024-07-12,,referral,
0c1cbbe7,CUST-01153,sample_request,2024-07-14,Original Ceramic - Aegean,referral,
3d4ca8ec,CUST-01153,purchase,2024-08-01,Original Ceramic - Aegean,referral,1535.83
114573bc,CUST-01153,repeat_purchase,2025-03-23,Natural Press - Oatmeal,referral,1208.63
6fb042f4,CUST-01154,site_visit,2024-08-01,,direct,
12d5b7d9,CUST-01154,sample_request,2024-08-16,Glass - Midnight,direct,
772ecd4f,CUST-01154,purchase,2024-09-17,Natural Press - Sable,direct,568.42
a214e3e4,CUST-01155,site_visit,2025-02-08,,paid_social,
40c458f4,CUST-01155,visualizer_use,2025-02-16,Glass - Seaglass,paid_social,
a9205fa2,CUST-01155,sample_request,2025-02-21,Original Ceramic - Clamshell,paid_social,
b622dc1b,CUST-01156,site_visit,2025-08-19,,referral,
7578bcc0,CUST-01156,visualizer_use,2025-08-20,Natural Press - Sable,referral,
a5ad9d07,CUST-01156,sample_request,2025-08-20,Natural Press - Oatmeal,referral,
1525fc16,CUST-01156,purchase,2025-08-27,Thin Brick - Terracotta,referral,1761.92
0a8e6ce9,CUST-01157,site_visit,2024-10-04,,architect_referral,
9e2ada4f,CUST-01157,visualizer_use,2024-10-04,Natural Press - Sable,architect_referral,
aa545c67,CUST-01157,sample_request,2024-10-08,Natural Press - Oatmeal,architect_referral,
1dcd341c,CUST-01158,site_visit,2024-04-05,,paid_social,
b3f87c7b,CUST-01158,sample_request,2024-04-05,Thin Brick - Weathered White,paid_social,
7ea84e62,CUST-01158,purchase,2024-04-24,Glass - Champagne,paid_social,3432.07
32db0d1e,CUST-01158,repeat_purchase,2024-12-25,Glass - Midnight,paid_social,14480.13
9e58f1a4,CUST-01159,site_visit,2024-03-27,,organic_search,
3b0116e9,CUST-01160,site_visit,2024-03-20,,direct,
a6f971f7,CUST-01160,visualizer_use,2024-03-24,Original Ceramic - Clamshell,direct,
f15edd68,CUST-01160,sample_request,2024-03-28,Original Ceramic - Aegean,direct,
92f83031,CUST-01160,purchase,2024-05-01,Thin Brick - Charcoal,direct,1550.76
43495bdd,CUST-01161,site_visit,2024-07-19,,showroom_walkin,
4bcf06a4,CUST-01162,site_visit,2024-01-20,,referral,
e5ec4525,CUST-01162,visualizer_use,2024-01-22,Original Ceramic - Aegean,referral,
55aef07a,CUST-01162,sample_request,2024-01-28,Original Ceramic - Aegean,referral,
e6871c1d,CUST-01162,sample_request,2024-02-20,Thin Brick - Weathered White,referral,
e468d272,CUST-01162,purchase,2024-02-10,Glass - Seaglass,referral,1776.35
685a5499,CUST-01163,site_visit,2024-10-11,,direct,
d0f1fda7,CUST-01163,visualizer_use,2024-10-13,Original Ceramic - Aegean,direct,
6e6f6404,CUST-01163,sample_request,2024-10-14,Thin Brick - Charcoal,direct,
17418e5c,CUST-01164,site_visit,2024-08-16,,paid_social,
2f5aee77,CUST-01165,site_visit,2024-09-17,,showroom_walkin,
0328b72c,CUST-01165,visualizer_use,2024-09-25,Glass - Seaglass,showroom_walkin,
c9eaf6a2,CUST-01165,sample_request,2024-09-30,Natural Press - Sable,showroom_walkin,
5bf92e9c,CUST-01165,sample_request,2024-10-13,Thin Brick - Weathered White,showroom_walkin,
997394d6,CUST-01165,purchase,2024-11-03,Original Ceramic - Clamshell,showroom_walkin,670.66
90666088,CUST-01166,site_visit,2025-04-29,,paid_social,
ae1c73b1,CUST-01167,site_visit,2024-06-30,,organic_search,
98e99fc8,CUST-01168,site_visit,2025-06-07,,organic_search,
50699a2d,CUST-01168,sample_request,2025-06-14,Glass - Seaglass,organic_search,
7adc4ea6,CUST-01168,sample_request,2025-07-03,Natural Press - Sable,organic_search,
186c139a,CUST-01169,site_visit,2025-08-17,,organic_search,
aaeee887,CUST-01169,visualizer_use,2025-08-20,Original Ceramic - Clamshell,organic_search,
40303a60,CUST-01169,sample_request,2025-08-29,Glass - Seaglass,organic_search,
2521d962,CUST-01169,sample_request,2025-09-13,Glass - Midnight,organic_search,
aa4342c4,CUST-01169,purchase,2025-10-16,Thin Brick - Charcoal,organic_search,1040.73
e4cb3262,CUST-01170,site_visit,2024-08-05,,trade_show,
1f648b27,CUST-01170,visualizer_use,2024-08-13,Original Ceramic - Clamshell,trade_show,
07bbb280,CUST-01170,sample_request,2024-08-13,Thin Brick - Weathered White,trade_show,
82638802,CUST-01171,site_visit,2024-03-26,,email_capture,
c193a824,CUST-01171,visualizer_use,2024-03-29,Original Ceramic - Aegean,email_capture,
907874d8,CUST-01171,sample_request,2024-03-30,Glass - Midnight,email_capture,
6b18395e,CUST-01172,site_visit,2025-05-08,,paid_social,
e13a5ca5,CUST-01172,visualizer_use,2025-05-11,Original Ceramic - Sage,paid_social,
51f575e8,CUST-01172,sample_request,2025-05-10,Natural Press - Sable,paid_social,
64b81edb,CUST-01173,site_visit,2025-08-15,,organic_search,
6cd48b32,CUST-01173,sample_request,2025-08-18,Glass - Midnight,organic_search,
e2756072,CUST-01174,site_visit,2025-08-09,,organic_search,
d297a93e,CUST-01175,site_visit,2025-02-23,,paid_social,
b74f9d4d,CUST-01175,visualizer_use,2025-02-26,Thin Brick - Weathered White,paid_social,
a0693390,CUST-01175,sample_request,2025-02-25,Glass - Seaglass,paid_social,
020b9292,CUST-01175,purchase,2025-03-29,Natural Press - Oatmeal,paid_social,1486.5
01328260,CUST-01176,site_visit,2024-10-05,,organic_search,
412c4c18,CUST-01177,site_visit,2025-07-30,,referral,
cc099940,CUST-01177,sample_request,2025-08-01,Natural Press - Sable,referral,
e026cff8,CUST-01178,site_visit,2024-01-26,,architect_referral,
26ce917f,CUST-01178,visualizer_use,2024-02-03,Glass - Champagne,architect_referral,
ba655c29,CUST-01178,sample_request,2024-02-02,Glass - Seaglass,architect_referral,
73e70685,CUST-01178,purchase,2024-02-13,Thin Brick - Weathered White,architect_referral,1626.64
4b1d7cba,CUST-01178,repeat_purchase,2024-11-15,Natural Press - Sable,architect_referral,1300.62
d6ed065b,CUST-01179,site_visit,2025-07-20,,referral,
c32ca8d5,CUST-01179,sample_request,2025-08-07,Thin Brick - Charcoal,referral,
e2780ef1,CUST-01179,purchase,2025-09-17,Original Ceramic - Sage,referral,935.02
5fae2078,CUST-01180,site_visit,2024-05-18,,organic_search,
94fdae3d,CUST-01180,sample_request,2024-06-03,Glass - Champagne,organic_search,
f8202814,CUST-01180,sample_request,2024-06-12,Glass - Champagne,organic_search,
1c33cb0a,CUST-01180,project_upload,2024-07-03,,organic_search,
898909c0,CUST-01181,site_visit,2025-06-06,,trade_show,
7cd254e4,CUST-01181,sample_request,2025-06-26,Glass - Midnight,trade_show,
4b94b74d,CUST-01182,site_visit,2024-02-19,,organic_search,
25af58a1,CUST-01183,site_visit,2025-07-15,,organic_search,
6df7f91d,CUST-01184,site_visit,2024-10-16,,referral,
ea24eb7f,CUST-01184,sample_request,2024-11-01,Glass - Champagne,referral,
06a79426,CUST-01184,purchase,2024-12-14,Thin Brick - Weathered White,referral,1774.76
b8d3f0fc,CUST-01185,site_visit,2025-03-19,,architect_referral,
d71e9bee,CUST-01185,sample_request,2025-03-23,Original Ceramic - Clamshell,architect_referral,
ac038e66,CUST-01185,sample_request,2025-04-09,Glass - Seaglass,architect_referral,
859957db,CUST-01185,purchase,2025-05-10,Natural Press - Fog,architect_referral,906.28
eac30813,CUST-01185,repeat_purchase,2025-07-14,Original Ceramic - Sage,architect_referral,1162.34
855c4394,CUST-01186,site_visit,2025-01-22,,organic_search,
dc85777a,CUST-01186,sample_request,2025-01-22,Original Ceramic - Aegean,organic_search,
1c2c87ca,CUST-01186,purchase,2025-02-15,Original Ceramic - Sage,organic_search,25720.96
7d7c20e3,CUST-01186,repeat_purchase,2025-07-29,Glass - Champagne,organic_search,4866.71
ceee67b2,CUST-01187,site_visit,2024-06-14,,direct,
ad6ce226,CUST-01187,visualizer_use,2024-06-22,Natural Press - Sable,direct,
82058f9d,CUST-01187,sample_request,2024-06-28,Original Ceramic - Clamshell,direct,
07d4b432,CUST-01188,site_visit,2025-04-08,,showroom_walkin,
dfe8ddd4,CUST-01188,visualizer_use,2025-04-11,Natural Press - Fog,showroom_walkin,
881b6651,CUST-01188,sample_request,2025-04-22,Natural Press - Fog,showroom_walkin,
25fbe063,CUST-01189,site_visit,2025-03-23,,direct,
1fd635f7,CUST-01189,sample_request,2025-04-06,Glass - Champagne,direct,
f0038e4f,CUST-01190,site_visit,2024-12-03,,direct,
d71d5a36,CUST-01190,purchase,2025-01-20,Glass - Midnight,direct,767.69
93e5a828,CUST-01191,site_visit,2024-03-28,,organic_search,
7b4f9430,CUST-01191,sample_request,2024-04-14,Thin Brick - Charcoal,organic_search,
a7343f81,CUST-01191,purchase,2024-05-28,Thin Brick - Charcoal,organic_search,1482.35
8028dac5,CUST-01192,site_visit,2024-09-02,,paid_social,
b7843896,CUST-01193,site_visit,2024-01-22,,paid_social,
4dcf7fec,CUST-01194,site_visit,2024-06-05,,organic_search,
35301591,CUST-01194,visualizer_use,2024-06-10,Glass - Seaglass,organic_search,
d6bcaf18,CUST-01194,sample_request,2024-06-09,Glass - Midnight,organic_search,
550f13a3,CUST-01194,purchase,2024-07-06,Glass - Seaglass,organic_search,601.46
d724b5bd,CUST-01195,site_visit,2024-01-21,,paid_social,
40091a97,CUST-01196,site_visit,2025-05-25,,architect_referral,
7c18a9a9,CUST-01196,visualizer_use,2025-05-27,Natural Press - Sable,architect_referral,
065abefd,CUST-01196,sample_request,2025-05-30,Glass - Champagne,architect_referral,
3fccf525,CUST-01196,sample_request,2025-06-26,Original Ceramic - Clamshell,architect_referral,
7487c7f7,CUST-01196,purchase,2025-07-22,Natural Press - Oatmeal,architect_referral,863.39
f4ef8f59,CUST-01197,site_visit,2025-07-30,,direct,
0f22167f,CUST-01197,sample_request,2025-08-20,Original Ceramic - Clamshell,direct,
82c73e6f,CUST-01197,purchase,2025-09-10,Natural Press - Fog,direct,1587.65
c89dbfeb,CUST-01198,site_visit,2025-03-21,,direct,
a094540e,CUST-01198,visualizer_use,2025-03-28,Natural Press - Sable,direct,
44b2ec99,CUST-01199,site_visit,2024-06-30,,referral,
4260c141,CUST-01199,sample_request,2024-06-30,Glass - Seaglass,referral,
822eb85e,CUST-01199,purchase,2024-07-20,Natural Press - Oatmeal,referral,569.55
93da9e1e,CUST-01200,site_visit,2024-06-03,,organic_search,
c63e0cf8,CUST-01200,sample_request,2024-06-18,Original Ceramic - Sage,organic_search,
4deb943c,CUST-01200,project_upload,2024-07-16,,organic_search,
3d556705,CUST-01200,purchase,2024-08-17,Thin Brick - Terracotta,organic_search,10304.19
854fe87e,CUST-01201,site_visit,2024-11-12,,email_capture,
1388626b,CUST-01201,visualizer_use,2024-11-16,Natural Press - Fog,email_capture,
61d63324,CUST-01201,sample_request,2024-11-16,Original Ceramic - Clamshell,email_capture,
352fa8aa,CUST-01202,site_visit,2024-10-23,,paid_social,
3ccb66e7,CUST-01202,visualizer_use,2024-10-27,Natural Press - Fog,paid_social,
c6752ff2,CUST-01202,sample_request,2024-11-02,Thin Brick - Terracotta,paid_social,
c5f2745f,CUST-01203,site_visit,2025-04-27,,paid_social,
166e3838,CUST-01204,site_visit,2024-03-02,,showroom_walkin,
e8e11070,CUST-01204,purchase,2024-04-18,Thin Brick - Charcoal,showroom_walkin,1556.27
9196842f,CUST-01204,repeat_purchase,2024-08-06,Original Ceramic - Sage,showroom_walkin,1189.14
fa7692b2,CUST-01205,site_visit,2024-05-21,,organic_search,
279d6e85,CUST-01205,purchase,2024-06-15,Thin Brick - Weathered White,organic_search,1584.12
9b6daa4f,CUST-01205,repeat_purchase,2025-02-21,Natural Press - Fog,organic_search,618.29
14a8ed2b,CUST-01206,site_visit,2025-08-01,,trade_show,
7b31fb5f,CUST-01206,sample_request,2025-08-21,Glass - Champagne,trade_show,
1220d5bc,CUST-01206,sample_request,2025-09-10,Glass - Champagne,trade_show,
1290dc12,CUST-01207,site_visit,2025-05-23,,referral,
cf92fd02,CUST-01207,sample_request,2025-05-26,Original Ceramic - Sage,referral,
2d818461,CUST-01207,sample_request,2025-06-12,Natural Press - Fog,referral,
6bf915be,CUST-01207,purchase,2025-06-29,Original Ceramic - Clamshell,referral,950.09
73130c63,CUST-01208,site_visit,2025-05-14,,direct,
c635b138,CUST-01208,sample_request,2025-05-25,Thin Brick - Charcoal,direct,
a6c80494,CUST-01208,purchase,2025-06-27,Glass - Midnight,direct,764.25
228f4979,CUST-01209,site_visit,2024-05-03,,architect_referral,
4ba8afa3,CUST-01210,site_visit,2024-04-22,,email_capture,
c7668e70,CUST-01210,sample_request,2024-05-07,Original Ceramic - Clamshell,email_capture,
9f2999a5,CUST-01210,purchase,2024-06-11,Natural Press - Oatmeal,email_capture,1218.03
be45f815,CUST-01211,site_visit,2024-07-19,,referral,
65efd897,CUST-01211,purchase,2024-08-02,Natural Press - Sable,referral,22763.65
a7b4c403,CUST-01211,repeat_purchase,2024-11-28,Glass - Champagne,referral,13625.09
d58cda94,CUST-01212,site_visit,2024-05-27,,showroom_walkin,
72bcd377,CUST-01213,site_visit,2025-05-14,,email_capture,
36ee1b44,CUST-01213,visualizer_use,2025-05-16,Glass - Champagne,email_capture,
8e5ed04f,CUST-01213,sample_request,2025-05-15,Original Ceramic - Sage,email_capture,
0b893a2b,CUST-01213,purchase,2025-07-13,Original Ceramic - Aegean,email_capture,1728.81
cbe8eb35,CUST-01214,site_visit,2024-09-16,,paid_social,
ccc5688c,CUST-01214,sample_request,2024-10-02,Original Ceramic - Clamshell,paid_social,
ea17a2fd,CUST-01215,site_visit,2024-09-16,,direct,
0a6726c2,CUST-01215,visualizer_use,2024-09-21,Glass - Seaglass,direct,
1855edc0,CUST-01215,sample_request,2024-09-28,Original Ceramic - Aegean,direct,
64bd979d,CUST-01215,sample_request,2024-10-14,Original Ceramic - Sage,direct,
6ac6bcd7,CUST-01216,site_visit,2024-01-01,,direct,
6e4895c1,CUST-01216,sample_request,2024-01-21,Original Ceramic - Aegean,direct,
746e9b7c,CUST-01217,site_visit,2024-03-10,,organic_search,
8e1d3491,CUST-01217,sample_request,2024-03-31,Natural Press - Oatmeal,organic_search,
5926b096,CUST-01217,purchase,2024-05-09,Glass - Midnight,organic_search,1304.02
9659bcd4,CUST-01218,site_visit,2024-10-15,,paid_social,
33222c05,CUST-01218,visualizer_use,2024-10-24,Original Ceramic - Aegean,paid_social,
c8c1d101,CUST-01218,sample_request,2024-10-23,Thin Brick - Charcoal,paid_social,
8916ef7d,CUST-01219,site_visit,2025-06-12,,organic_search,
033cbb5e,CUST-01219,sample_request,2025-06-24,Glass - Midnight,organic_search,
5ca1523b,CUST-01220,site_visit,2024-01-29,,paid_social,
9ae13091,CUST-01220,sample_request,2024-02-09,Glass - Seaglass,paid_social,
a0849616,CUST-01220,purchase,2024-03-02,Thin Brick - Weathered White,paid_social,1782.34
c02f14eb,CUST-01221,site_visit,2025-04-24,,organic_search,
544c9151,CUST-01221,visualizer_use,2025-04-30,Glass - Seaglass,organic_search,
f2fbf21d,CUST-01221,sample_request,2025-05-04,Natural Press - Oatmeal,organic_search,
fda68db7,CUST-01221,sample_request,2025-05-13,Glass - Champagne,organic_search,
c9b711c1,CUST-01221,purchase,2025-05-21,Glass - Midnight,organic_search,1661.33
14b6dde7,CUST-01222,site_visit,2024-03-12,,paid_social,
83876bc2,CUST-01223,site_visit,2025-07-11,,organic_search,
1a1b3896,CUST-01224,site_visit,2025-05-10,,organic_search,
8ea0306d,CUST-01224,sample_request,2025-05-14,Natural Press - Fog,organic_search,
7817ceda,CUST-01225,site_visit,2024-05-29,,email_capture,
dd1c0e44,CUST-01225,visualizer_use,2024-06-02,Glass - Midnight,email_capture,
6a131f05,CUST-01225,sample_request,2024-06-09,Original Ceramic - Aegean,email_capture,
7e98a08e,CUST-01226,site_visit,2025-03-13,,direct,
002fd691,CUST-01226,sample_request,2025-03-25,Glass - Seaglass,direct,
fb1dc5ce,CUST-01226,sample_request,2025-04-18,Thin Brick - Terracotta,direct,
e223f34c,CUST-01226,purchase,2025-05-04,Natural Press - Oatmeal,direct,1596.57
1de8a592,CUST-01227,site_visit,2024-10-15,,direct,
a2afae8d,CUST-01227,sample_request,2024-10-20,Original Ceramic - Clamshell,direct,
a0b7d467,CUST-01227,purchase,2024-12-05,Glass - Midnight,direct,1384.79
07d9b89d,CUST-01228,site_visit,2024-03-25,,trade_show,
e1c33bf1,CUST-01228,sample_request,2024-03-26,Original Ceramic - Clamshell,trade_show,
fa8e1aa0,CUST-01229,site_visit,2024-08-13,,direct,
b9d66a45,CUST-01229,visualizer_use,2024-08-15,Original Ceramic - Sage,direct,
2eac45f7,CUST-01229,sample_request,2024-08-20,Glass - Midnight,direct,
b6c8d1d0,CUST-01229,sample_request,2024-09-16,Glass - Champagne,direct,
6882a2d3,CUST-01230,site_visit,2024-01-24,,architect_referral,
23a543e3,CUST-01230,sample_request,2024-02-05,Glass - Champagne,architect_referral,
122e3873,CUST-01230,project_upload,2024-03-09,,architect_referral,
1c3e6907,CUST-01230,purchase,2024-02-14,Thin Brick - Terracotta,architect_referral,18603.11
dac7f9bb,CUST-01231,site_visit,2025-01-21,,showroom_walkin,
cc956c44,CUST-01231,visualizer_use,2025-01-23,Glass - Midnight,showroom_walkin,
8b91a53f,CUST-01232,site_visit,2024-08-28,,architect_referral,
b34cc74f,CUST-01232,purchase,2024-09-04,Original Ceramic - Aegean,architect_referral,525.17
2e2201d0,CUST-01232,repeat_purchase,2025-06-01,Natural Press - Oatmeal,architect_referral,1073.75
6fc31419,CUST-01233,site_visit,2024-11-13,,showroom_walkin,
85518ecf,CUST-01233,visualizer_use,2024-11-17,Original Ceramic - Sage,showroom_walkin,
6abd9394,CUST-01233,sample_request,2024-11-23,Original Ceramic - Clamshell,showroom_walkin,
a2944b39,CUST-01233,purchase,2024-12-16,Thin Brick - Charcoal,showroom_walkin,1388.79
39408707,CUST-01234,site_visit,2024-01-26,,email_capture,
d1200415,CUST-01234,sample_request,2024-02-13,Natural Press - Sable,email_capture,
4d3ecd4c,CUST-01235,site_visit,2024-03-31,,organic_search,
c2da0bbf,CUST-01235,sample_request,2024-04-19,Glass - Seaglass,organic_search,
7e42dccd,CUST-01235,sample_request,2024-05-10,Natural Press - Sable,organic_search,
d023b275,CUST-01236,site_visit,2025-03-08,,organic_search,
eb6868d7,CUST-01236,visualizer_use,2025-03-09,Glass - Seaglass,organic_search,
b23f053c,CUST-01236,sample_request,2025-03-15,Glass - Midnight,organic_search,
09586caa,CUST-01236,purchase,2025-03-30,Glass - Champagne,organic_search,1321.48
9d665ab0,CUST-01237,site_visit,2025-01-01,,showroom_walkin,
7faa3a63,CUST-01237,visualizer_use,2025-01-07,Original Ceramic - Clamshell,showroom_walkin,
aa8e1c8d,CUST-01237,sample_request,2025-01-04,Glass - Seaglass,showroom_walkin,
f7b0e7ae,CUST-01238,site_visit,2025-02-08,,organic_search,
513b5cb7,CUST-01238,purchase,2025-03-05,Natural Press - Oatmeal,organic_search,1213.09
896697dc,CUST-01238,repeat_purchase,2025-07-25,Glass - Midnight,organic_search,743.82
9678062b,CUST-01239,site_visit,2025-05-22,,paid_social,
31290d51,CUST-01239,sample_request,2025-06-01,Original Ceramic - Aegean,paid_social,
8c7d4e02,CUST-01239,purchase,2025-07-27,Glass - Seaglass,paid_social,1017.14
7f08a51f,CUST-01240,site_visit,2024-04-05,,showroom_walkin,
25bd1b6b,CUST-01240,visualizer_use,2024-04-15,Natural Press - Fog,showroom_walkin,
44b36ad6,CUST-01240,sample_request,2024-04-06,Thin Brick - Terracotta,showroom_walkin,
e5d93a4c,CUST-01241,site_visit,2024-02-20,,paid_social,
1a5d3581,CUST-01241,visualizer_use,2024-02-22,Natural Press - Fog,paid_social,
6c5e6571,CUST-01241,sample_request,2024-02-22,Thin Brick - Charcoal,paid_social,
230f465e,CUST-01241,sample_request,2024-03-06,Original Ceramic - Clamshell,paid_social,
cb9a573c,CUST-01241,purchase,2024-03-01,Thin Brick - Charcoal,paid_social,962.1
96f81098,CUST-01242,site_visit,2024-05-01,,organic_search,
9cb8d2b9,CUST-01242,sample_request,2024-05-05,Natural Press - Sable,organic_search,
1cd26170,CUST-01242,purchase,2024-05-28,Thin Brick - Weathered White,organic_search,1382.45
d757efdb,CUST-01243,site_visit,2024-11-30,,organic_search,
d343adba,CUST-01243,visualizer_use,2024-12-10,Thin Brick - Weathered White,organic_search,
1a6116f4,CUST-01243,sample_request,2024-12-07,Thin Brick - Charcoal,organic_search,
8327bdde,CUST-01243,sample_request,2024-12-24,Glass - Champagne,organic_search,
efe05677,CUST-01244,site_visit,2024-09-17,,paid_social,
276a6f7b,CUST-01245,site_visit,2024-10-01,,trade_show,
a12e22ee,CUST-01246,site_visit,2025-02-05,,referral,
8b1e1a17,CUST-01246,sample_request,2025-02-21,Thin Brick - Weathered White,referral,
c09ea726,CUST-01247,site_visit,2025-03-16,,organic_search,
5d714f97,CUST-01247,sample_request,2025-03-17,Natural Press - Fog,organic_search,
ea5aedde,CUST-01247,sample_request,2025-03-30,Glass - Seaglass,organic_search,
f50c987e,CUST-01247,purchase,2025-05-09,Original Ceramic - Aegean,organic_search,1551.82
69babab2,CUST-01248,site_visit,2025-04-23,,trade_show,
7d50ecb2,CUST-01248,sample_request,2025-05-13,Thin Brick - Charcoal,trade_show,
c52a57b2,CUST-01248,sample_request,2025-05-31,Original Ceramic - Clamshell,trade_show,
60afaf34,CUST-01248,project_upload,2025-06-03,,trade_show,
6cb0ae2d,CUST-01248,purchase,2025-06-29,Natural Press - Fog,trade_show,2315.8
11e21824,CUST-01249,site_visit,2024-08-26,,trade_show,
94e0edc0,CUST-01249,visualizer_use,2024-08-29,Thin Brick - Charcoal,trade_show,
94e1ffce,CUST-01249,sample_request,2024-08-27,Natural Press - Sable,trade_show,
85ac6b3e,CUST-01250,site_visit,2024-12-18,,organic_search,
57fd5041,CUST-01251,site_visit,2025-03-17,,organic_search,
81613a1e,CUST-01251,visualizer_use,2025-03-18,Glass - Midnight,organic_search,
6d27293a,CUST-01251,sample_request,2025-03-22,Natural Press - Fog,organic_search,
2092cb5f,CUST-01252,site_visit,2024-04-20,,organic_search,
38d670b9,CUST-01253,site_visit,2025-03-09,,trade_show,
a3f613ae,CUST-01253,sample_request,2025-03-29,Glass - Midnight,trade_show,
d2c8569d,CUST-01253,project_upload,2025-04-26,,trade_show,
9a98dbc0,CUST-01253,purchase,2025-05-25,Thin Brick - Weathered White,trade_show,22289.16
897a25bc,CUST-01254,site_visit,2024-12-03,,paid_social,
3cc0b39f,CUST-01255,site_visit,2024-06-26,,organic_search,
2ff3bd3a,CUST-01255,sample_request,2024-07-12,Natural Press - Fog,organic_search,
01ee2c02,CUST-01255,sample_request,2024-07-21,Original Ceramic - Aegean,organic_search,
cef3c70d,CUST-01255,purchase,2024-08-26,Glass - Seaglass,organic_search,1542.27
9ff4c5c5,CUST-01256,site_visit,2024-09-09,,referral,
e20edc80,CUST-01256,visualizer_use,2024-09-14,Natural Press - Sable,referral,
b5a0f9fd,CUST-01256,sample_request,2024-09-21,Natural Press - Sable,referral,
04603eb7,CUST-01256,sample_request,2024-10-18,Natural Press - Oatmeal,referral,
3108788e,CUST-01256,purchase,2024-11-06,Original Ceramic - Sage,referral,11065.79
cb152fca,CUST-01257,site_visit,2024-04-19,,referral,
425e2cfc,CUST-01257,sample_request,2024-05-01,Natural Press - Fog,referral,
c1585f2a,CUST-01257,sample_request,2024-05-11,Glass - Champagne,referral,
10e85f9a,CUST-01257,purchase,2024-06-04,Thin Brick - Weathered White,referral,597.76
be8d93f2,CUST-01258,site_visit,2024-09-09,,referral,
b3a74cbd,CUST-01258,purchase,2024-09-17,Thin Brick - Weathered White,referral,902.58
daf72de9,CUST-01258,repeat_purchase,2025-04-29,Thin Brick - Weathered White,referral,679.62
9b7ba611,CUST-01259,site_visit,2024-07-20,,organic_search,
b496a094,CUST-01259,sample_request,2024-08-05,Natural Press - Oatmeal,organic_search,
c4922a87,CUST-01259,sample_request,2024-08-16,Thin Brick - Terracotta,organic_search,
038d870c,CUST-01259,purchase,2024-08-15,Natural Press - Fog,organic_search,6248.4
450b9566,CUST-01260,site_visit,2025-04-15,,showroom_walkin,
4158fcde,CUST-01260,sample_request,2025-04-18,Original Ceramic - Aegean,showroom_walkin,
3b16ab54,CUST-01260,purchase,2025-05-06,Natural Press - Fog,showroom_walkin,500.34
38fd0c4b,CUST-01261,site_visit,2024-08-28,,organic_search,
0a5cbd65,CUST-01262,site_visit,2025-01-31,,trade_show,
5b3b6c50,CUST-01262,visualizer_use,2025-02-08,Thin Brick - Weathered White,trade_show,
2a8955d9,CUST-01262,sample_request,2025-02-11,Original Ceramic - Sage,trade_show,
230c284a,CUST-01263,site_visit,2025-05-12,,paid_social,
f801863d,CUST-01263,visualizer_use,2025-05-13,Original Ceramic - Aegean,paid_social,
7b4e2e21,CUST-01264,site_visit,2024-01-29,,direct,
e40a82c7,CUST-01264,sample_request,2024-02-01,Thin Brick - Weathered White,direct,
04f40232,CUST-01264,purchase,2024-02-24,Glass - Seaglass,direct,1708.64
1690f937,CUST-01265,site_visit,2025-03-25,,organic_search,
374b3bf6,CUST-01266,site_visit,2024-04-19,,paid_social,
03190469,CUST-01267,site_visit,2024-07-19,,paid_social,
4fff2f5d,CUST-01267,visualizer_use,2024-07-21,Natural Press - Oatmeal,paid_social,
9ab7d5ee,CUST-01267,sample_request,2024-07-31,Natural Press - Sable,paid_social,
748e8bb7,CUST-01268,site_visit,2024-10-30,,organic_search,
20600bf1,CUST-01268,visualizer_use,2024-11-09,Original Ceramic - Sage,organic_search,
c3725b77,CUST-01268,sample_request,2024-11-04,Glass - Champagne,organic_search,
107e156e,CUST-01269,site_visit,2025-02-01,,direct,
746c2696,CUST-01269,sample_request,2025-02-13,Glass - Champagne,direct,
5c480327,CUST-01269,sample_request,2025-02-26,Glass - Champagne,direct,
b21c8dae,CUST-01269,purchase,2025-04-04,Thin Brick - Charcoal,direct,1244.69
70fb8ad3,CUST-01270,site_visit,2024-05-28,,organic_search,
f32fa698,CUST-01270,visualizer_use,2024-05-31,Natural Press - Sable,organic_search,
892e68b0,CUST-01270,sample_request,2024-06-02,Original Ceramic - Aegean,organic_search,
475199a8,CUST-01270,sample_request,2024-06-10,Original Ceramic - Sage,organic_search,
9755f9ec,CUST-01270,purchase,2024-06-19,Original Ceramic - Clamshell,organic_search,579.6
e13f87fc,CUST-01270,repeat_purchase,2024-09-09,Glass - Midnight,organic_search,997.42
d5a6c4c0,CUST-01271,site_visit,2024-02-24,,direct,
ac7bdf38,CUST-01271,purchase,2024-03-12,Original Ceramic - Clamshell,direct,24330.63
a9c50931,CUST-01271,repeat_purchase,2024-12-15,Natural Press - Fog,direct,9247.79
49b04d5c,CUST-01272,site_visit,2025-07-20,,showroom_walkin,
d30bd56b,CUST-01272,sample_request,2025-08-09,Thin Brick - Charcoal,showroom_walkin,
d777eedb,CUST-01273,site_visit,2024-04-06,,referral,
ef90e298,CUST-01274,site_visit,2025-07-28,,paid_social,
40b234cc,CUST-01274,sample_request,2025-08-15,Thin Brick - Weathered White,paid_social,
4d163e2a,CUST-01275,site_visit,2024-01-14,,trade_show,
24b0eb5a,CUST-01276,site_visit,2024-09-04,,organic_search,
7bac8182,CUST-01276,sample_request,2024-09-23,Original Ceramic - Aegean,organic_search,
0a1d7bd0,CUST-01277,site_visit,2024-08-28,,showroom_walkin,
dc818b47,CUST-01278,site_visit,2024-11-25,,organic_search,
1f4ffa11,CUST-01278,sample_request,2024-11-27,Thin Brick - Charcoal,organic_search,
c2ca486a,CUST-01278,purchase,2025-01-04,Original Ceramic - Clamshell,organic_search,1614.7
f98e01b7,CUST-01279,site_visit,2025-08-08,,referral,
aa67c996,CUST-01279,sample_request,2025-08-11,Natural Press - Fog,referral,
716e3a1e,CUST-01279,purchase,2025-10-06,Thin Brick - Weathered White,referral,1521.37
d40cf0e1,CUST-01280,site_visit,2024-11-09,,referral,
dc27209b,CUST-01280,sample_request,2024-11-28,Thin Brick - Weathered White,referral,
d4e0dd4a,CUST-01281,site_visit,2025-02-14,,organic_search,
0112f4a7,CUST-01281,sample_request,2025-02-18,Original Ceramic - Sage,organic_search,
4ace551b,CUST-01281,project_upload,2025-03-29,,organic_search,
9a7823e7,CUST-01281,purchase,2025-04-13,Natural Press - Sable,organic_search,22453.42
b176e891,CUST-01282,site_visit,2025-02-25,,direct,
ca1ce387,CUST-01282,visualizer_use,2025-03-05,Original Ceramic - Sage,direct,
5c4a53ad,CUST-01282,sample_request,2025-03-02,Natural Press - Sable,direct,
4b7735f9,CUST-01283,site_visit,2024-09-07,,showroom_walkin,
c590a629,CUST-01283,sample_request,2024-09-28,Thin Brick - Terracotta,showroom_walkin,
7f7677ab,CUST-01283,purchase,2024-10-22,Thin Brick - Weathered White,showroom_walkin,411.29
4a71860e,CUST-01284,site_visit,2024-07-16,,organic_search,
8e6b1de8,CUST-01284,visualizer_use,2024-07-17,Thin Brick - Charcoal,organic_search,
257b7930,CUST-01284,sample_request,2024-07-17,Glass - Champagne,organic_search,
a5e8063a,CUST-01285,site_visit,2024-09-30,,paid_social,
7cc05f37,CUST-01285,visualizer_use,2024-10-07,Glass - Seaglass,paid_social,
eae7c316,CUST-01285,sample_request,2024-10-07,Thin Brick - Weathered White,paid_social,
e4aa8328,CUST-01286,site_visit,2024-04-05,,referral,
3b03d6e8,CUST-01286,visualizer_use,2024-04-14,Natural Press - Oatmeal,referral,
518b0fa3,CUST-01286,sample_request,2024-04-10,Original Ceramic - Clamshell,referral,
592d83e6,CUST-01286,sample_request,2024-04-15,Glass - Seaglass,referral,
2f856f43,CUST-01286,purchase,2024-04-28,Natural Press - Oatmeal,referral,1117.34
5e8b2eba,CUST-01287,site_visit,2024-08-31,,organic_search,
1626a962,CUST-01288,site_visit,2025-01-05,,paid_social,
f8956cc4,CUST-01288,sample_request,2025-01-15,Natural Press - Fog,paid_social,
4df5ce58,CUST-01289,site_visit,2025-06-19,,trade_show,
ece1ec90,CUST-01290,site_visit,2024-11-26,,paid_social,
96b8113a,CUST-01291,site_visit,2025-08-25,,architect_referral,
c1ab7029,CUST-01291,visualizer_use,2025-08-29,Thin Brick - Terracotta,architect_referral,
b5cf3632,CUST-01291,sample_request,2025-09-05,Glass - Seaglass,architect_referral,
cfc61111,CUST-01291,purchase,2025-10-16,Natural Press - Sable,architect_referral,1255.81
7bc4a8df,CUST-01292,site_visit,2025-03-19,,direct,
1063c867,CUST-01292,visualizer_use,2025-03-22,Glass - Champagne,direct,
fb0cc3a7,CUST-01292,sample_request,2025-03-31,Glass - Midnight,direct,
e6cd7d42,CUST-01292,purchase,2025-05-23,Thin Brick - Charcoal,direct,856.11
cdfc6e27,CUST-01293,site_visit,2024-10-26,,referral,
4b85b5d0,CUST-01293,visualizer_use,2024-10-31,Thin Brick - Weathered White,referral,
69319f49,CUST-01293,sample_request,2024-11-02,Thin Brick - Weathered White,referral,
23c36334,CUST-01294,site_visit,2025-08-13,,paid_social,
2efbc1dc,CUST-01295,site_visit,2025-07-03,,paid_social,
e5f53d2d,CUST-01295,visualizer_use,2025-07-05,Natural Press - Fog,paid_social,
47f1b7fc,CUST-01295,sample_request,2025-07-17,Thin Brick - Charcoal,paid_social,
d239e5e0,CUST-01296,site_visit,2024-11-04,,architect_referral,
dc3f5138,CUST-01296,sample_request,2024-11-11,Thin Brick - Terracotta,architect_referral,
a1b14fec,CUST-01296,sample_request,2024-11-28,Natural Press - Oatmeal,architect_referral,
8fd12afe,CUST-01296,purchase,2024-12-10,Thin Brick - Terracotta,architect_referral,709.03
f1bda33e,CUST-01296,repeat_purchase,2025-08-22,Glass - Champagne,architect_referral,483.69
8ebd2016,CUST-01297,site_visit,2024-08-01,,organic_search,
490ad48a,CUST-01298,site_visit,2025-05-01,,paid_social,
e5ee7d19,CUST-01298,visualizer_use,2025-05-07,Natural Press - Oatmeal,paid_social,
8ff2db53,CUST-01298,sample_request,2025-05-12,Natural Press - Sable,paid_social,
fb01c59e,CUST-01299,site_visit,2024-06-03,,referral,
e8cf2628,CUST-01300,site_visit,2025-04-02,,organic_search,
6a5e91c2,CUST-01301,site_visit,2024-11-16,,trade_show,
478b509c,CUST-01301,sample_request,2024-11-25,Thin Brick - Charcoal,trade_show,
23c7799d,CUST-01302,site_visit,2024-01-29,,direct,
e4e180a7,CUST-01302,visualizer_use,2024-02-05,Glass - Seaglass,direct,
40652bb3,CUST-01302,sample_request,2024-01-31,Natural Press - Sable,direct,
ff06d93f,CUST-01302,project_upload,2024-03-05,,direct,
da6d6a3a,CUST-01302,purchase,2024-03-17,Original Ceramic - Aegean,direct,16202.98
ec4036d6,CUST-01303,site_visit,2024-12-31,,trade_show,
ad61461d,CUST-01304,site_visit,2024-07-24,,organic_search,
7a2315c1,CUST-01305,site_visit,2025-08-07,,paid_social,
e0d72ae8,CUST-01305,sample_request,2025-08-20,Original Ceramic - Sage,paid_social,
abe312bf,CUST-01306,site_visit,2024-03-23,,paid_social,
798dcfab,CUST-01307,site_visit,2024-11-09,,paid_social,
e187e45a,CUST-01307,sample_request,2024-11-09,Natural Press - Sable,paid_social,
1356f148,CUST-01308,site_visit,2024-01-17,,architect_referral,
48ca2734,CUST-01309,site_visit,2024-08-25,,organic_search,
fae1c02d,CUST-01309,visualizer_use,2024-08-25,Natural Press - Fog,organic_search,
9ff5d221,CUST-01309,sample_request,2024-09-02,Thin Brick - Charcoal,organic_search,
9a0c8305,CUST-01309,sample_request,2024-09-11,Original Ceramic - Sage,organic_search,
939f3164,CUST-01309,purchase,2024-10-01,Original Ceramic - Sage,organic_search,494.13
9f5eec4d,CUST-01310,site_visit,2024-04-02,,referral,
fea2bc52,CUST-01310,visualizer_use,2024-04-06,Original Ceramic - Clamshell,referral,
a569d5f9,CUST-01310,sample_request,2024-04-08,Thin Brick - Weathered White,referral,
c57b7149,CUST-01311,site_visit,2024-08-19,,trade_show,
7a3ed6cd,CUST-01311,sample_request,2024-08-25,Natural Press - Fog,trade_show,
627dec67,CUST-01311,sample_request,2024-09-10,Glass - Champagne,trade_show,
5259bae8,CUST-01311,project_upload,2024-09-12,,trade_show,
ab202d56,CUST-01311,purchase,2024-10-23,Natural Press - Oatmeal,trade_show,4069.13
fe717b25,CUST-01312,site_visit,2025-07-17,,organic_search,
79b27114,CUST-01312,sample_request,2025-08-07,Original Ceramic - Sage,organic_search,
6089da22,CUST-01312,purchase,2025-09-06,Original Ceramic - Sage,organic_search,1530.71
5d27b954,CUST-01313,site_visit,2025-08-08,,architect_referral,
0882ed92,CUST-01313,visualizer_use,2025-08-16,Original Ceramic - Sage,architect_referral,
90bb7015,CUST-01313,sample_request,2025-08-22,Glass - Seaglass,architect_referral,
2138a71a,CUST-01314,site_visit,2025-01-13,,organic_search,
8e5f6a14,CUST-01314,visualizer_use,2025-01-18,Original Ceramic - Clamshell,organic_search,
5a9d80dc,CUST-01314,sample_request,2025-01-17,Natural Press - Sable,organic_search,
43533c92,CUST-01314,project_upload,2025-02-03,,organic_search,
754e3d75,CUST-01314,purchase,2025-01-27,Natural Press - Fog,organic_search,24864.02
26d1c6ef,CUST-01315,site_visit,2024-04-12,,organic_search,
458cf580,CUST-01315,visualizer_use,2024-04-17,Natural Press - Fog,organic_search,
e077994d,CUST-01315,sample_request,2024-04-24,Thin Brick - Terracotta,organic_search,
6416270e,CUST-01316,site_visit,2024-04-10,,architect_referral,
1141fc9d,CUST-01317,site_visit,2025-01-26,,email_capture,
d1706a58,CUST-01318,site_visit,2024-05-17,,showroom_walkin,
bfc5db86,CUST-01318,visualizer_use,2024-05-18,Thin Brick - Charcoal,showroom_walkin,
9cc9c0fb,CUST-01318,sample_request,2024-05-23,Thin Brick - Charcoal,showroom_walkin,
c623b1c6,CUST-01319,site_visit,2025-05-23,,referral,
aa923f6f,CUST-01319,sample_request,2025-06-12,Thin Brick - Charcoal,referral,
7e8d8571,CUST-01319,purchase,2025-06-27,Glass - Midnight,referral,1171.78
74a8f549,CUST-01320,site_visit,2024-09-30,,direct,
01f1684f,CUST-01320,purchase,2024-10-29,Natural Press - Fog,direct,523.72
6c86ebfa,CUST-01320,repeat_purchase,2025-06-19,Thin Brick - Charcoal,direct,1594.6
8545be81,CUST-01321,site_visit,2024-02-14,,direct,
2993c6ec,CUST-01321,visualizer_use,2024-02-19,Natural Press - Sable,direct,
69958fa8,CUST-01322,site_visit,2025-08-16,,organic_search,
fab5a764,CUST-01322,visualizer_use,2025-08-22,Natural Press - Fog,organic_search,
832f854f,CUST-01323,site_visit,2025-05-18,,paid_social,
f94e9275,CUST-01324,site_visit,2024-07-29,,paid_social,
c40b5ed2,CUST-01324,visualizer_use,2024-08-07,Original Ceramic - Aegean,paid_social,
922e7a47,CUST-01324,sample_request,2024-07-31,Thin Brick - Terracotta,paid_social,
98436674,CUST-01324,sample_request,2024-08-13,Glass - Midnight,paid_social,
3c73c122,CUST-01325,site_visit,2024-01-16,,architect_referral,
bda75a32,CUST-01326,site_visit,2024-06-21,,organic_search,
cb9bb719,CUST-01326,sample_request,2024-06-22,Natural Press - Fog,organic_search,
4389686d,CUST-01327,site_visit,2025-07-31,,referral,
ac8f4f4d,CUST-01327,sample_request,2025-08-16,Glass - Champagne,referral,
b43c8aa9,CUST-01327,purchase,2025-10-13,Thin Brick - Terracotta,referral,864.42
efbedb1b,CUST-01328,site_visit,2024-07-09,,trade_show,
6f796215,CUST-01328,sample_request,2024-07-22,Glass - Champagne,trade_show,
5e1c5ace,CUST-01329,site_visit,2025-02-12,,referral,
961e5a93,CUST-01329,visualizer_use,2025-02-17,Thin Brick - Weathered White,referral,
25a64cc7,CUST-01329,sample_request,2025-02-15,Original Ceramic - Sage,referral,
c9ab66de,CUST-01329,sample_request,2025-03-07,Natural Press - Fog,referral,
92a910f3,CUST-01330,site_visit,2025-05-15,,direct,
3f48d6af,CUST-01330,visualizer_use,2025-05-25,Natural Press - Sable,direct,
9855b6de,CUST-01331,site_visit,2024-04-30,,architect_referral,
bd8318f9,CUST-01331,purchase,2024-05-29,Glass - Seaglass,architect_referral,1490.11
1399b576,CUST-01332,site_visit,2024-01-09,,email_capture,
47f71dc4,CUST-01332,visualizer_use,2024-01-10,Glass - Seaglass,email_capture,
cda10559,CUST-01332,sample_request,2024-01-23,Original Ceramic - Aegean,email_capture,
f1ba2236,CUST-01333,site_visit,2025-07-08,,organic_search,
16cdeaab,CUST-01333,sample_request,2025-07-24,Natural Press - Sable,organic_search,
2d198d63,CUST-01334,site_visit,2024-01-09,,organic_search,
4434bb9d,CUST-01334,visualizer_use,2024-01-12,Glass - Midnight,organic_search,
f3b7d020,CUST-01334,sample_request,2024-01-15,Glass - Champagne,organic_search,
04cc95f9,CUST-01335,site_visit,2024-06-06,,organic_search,
e7795756,CUST-01336,site_visit,2024-12-06,,organic_search,
d967da0b,CUST-01336,visualizer_use,2024-12-15,Thin Brick - Terracotta,organic_search,
307a5eb2,CUST-01336,sample_request,2024-12-15,Natural Press - Fog,organic_search,
5290c984,CUST-01336,purchase,2025-01-23,Original Ceramic - Aegean,organic_search,910.2
ab9818e9,CUST-01337,site_visit,2024-08-10,,direct,
3ad99ba9,CUST-01337,visualizer_use,2024-08-12,Original Ceramic - Sage,direct,
e85571cc,CUST-01338,site_visit,2025-06-08,,paid_social,
d72f8c8c,CUST-01339,site_visit,2025-07-30,,direct,
9a20b517,CUST-01339,sample_request,2025-08-20,Thin Brick - Terracotta,direct,
3bc1215b,CUST-01340,site_visit,2024-10-09,,organic_search,
cd89f465,CUST-01340,sample_request,2024-10-27,Glass - Midnight,organic_search,
45b888dd,CUST-01341,site_visit,2024-09-26,,paid_social,
3ca768b1,CUST-01341,sample_request,2024-10-06,Glass - Seaglass,paid_social,
ee034357,CUST-01341,sample_request,2024-10-11,Thin Brick - Weathered White,paid_social,
5df79026,CUST-01341,purchase,2024-11-21,Original Ceramic - Aegean,paid_social,1602.03
8429dcb7,CUST-01342,site_visit,2025-04-19,,paid_social,
26777ab8,CUST-01342,visualizer_use,2025-04-23,Glass - Midnight,paid_social,
a793fdc7,CUST-01342,sample_request,2025-04-23,Natural Press - Sable,paid_social,
cc74907b,CUST-01343,site_visit,2025-01-09,,paid_social,
e077ef07,CUST-01343,visualizer_use,2025-01-19,Glass - Midnight,paid_social,
52b63e8c,CUST-01343,sample_request,2025-01-16,Glass - Champagne,paid_social,
9b6adaf1,CUST-01344,site_visit,2024-12-23,,email_capture,
c077057e,CUST-01344,sample_request,2025-01-11,Natural Press - Sable,email_capture,
4c1a0b96,CUST-01345,site_visit,2024-09-25,,architect_referral,
766b451b,CUST-01345,sample_request,2024-09-25,Natural Press - Sable,architect_referral,
41cdb8b2,CUST-01346,site_visit,2025-05-15,,architect_referral,
58d23e57,CUST-01346,sample_request,2025-05-24,Natural Press - Fog,architect_referral,
0c6e1bdc,CUST-01346,sample_request,2025-05-29,Natural Press - Oatmeal,architect_referral,
91538300,CUST-01346,project_upload,2025-06-15,,architect_referral,
835a99b3,CUST-01346,purchase,2025-06-01,Original Ceramic - Aegean,architect_referral,17885.47
d6daf458,CUST-01347,site_visit,2024-02-04,,referral,
49572f4b,CUST-01347,visualizer_use,2024-02-09,Thin Brick - Weathered White,referral,
190681c0,CUST-01348,site_visit,2024-09-12,,paid_social,
d11ef921,CUST-01349,site_visit,2024-02-29,,organic_search,
faf0dc23,CUST-01349,sample_request,2024-03-11,Original Ceramic - Sage,organic_search,
29547275,CUST-01349,sample_request,2024-03-22,Original Ceramic - Aegean,organic_search,
928f368d,CUST-01349,purchase,2024-04-06,Thin Brick - Charcoal,organic_search,630.96
1a2cc2f1,CUST-01350,site_visit,2025-08-04,,showroom_walkin,
7dc0c20e,CUST-01350,purchase,2025-08-14,Thin Brick - Charcoal,showroom_walkin,23957.32
9a182294,CUST-01351,site_visit,2025-02-03,,direct,
2c835627,CUST-01351,sample_request,2025-02-18,Thin Brick - Weathered White,direct,
5f4a3f89,CUST-01351,purchase,2025-03-29,Glass - Champagne,direct,1609.58
926cb776,CUST-01352,site_visit,2024-06-19,,referral,
60a039c5,CUST-01353,site_visit,2024-11-09,,architect_referral,
6ba48b98,CUST-01354,site_visit,2024-10-20,,paid_social,
d285113c,CUST-01355,site_visit,2024-07-11,,email_capture,
1be455ee,CUST-01355,purchase,2024-08-24,Thin Brick - Terracotta,email_capture,702.94
fe4e4dfb,CUST-01355,repeat_purchase,2025-05-10,Glass - Midnight,email_capture,1467.15
b03cb80d,CUST-01356,site_visit,2024-06-18,,showroom_walkin,
9181ea83,CUST-01356,visualizer_use,2024-06-18,Original Ceramic - Sage,showroom_walkin,
8b0673bc,CUST-01356,sample_request,2024-06-26,Original Ceramic - Clamshell,showroom_walkin,
412fe68f,CUST-01356,sample_request,2024-07-01,Glass - Champagne,showroom_walkin,
01a048cf,CUST-01356,purchase,2024-08-21,Natural Press - Sable,showroom_walkin,952.85
6a962868,CUST-01357,site_visit,2024-04-21,,referral,
5e072f49,CUST-01357,visualizer_use,2024-04-27,Thin Brick - Charcoal,referral,
79ecd3e9,CUST-01357,sample_request,2024-05-05,Original Ceramic - Sage,referral,
fc9c3a29,CUST-01357,sample_request,2024-05-14,Original Ceramic - Aegean,referral,
0df5b1df,CUST-01357,purchase,2024-06-14,Glass - Seaglass,referral,1583.78
7814385b,CUST-01357,repeat_purchase,2024-11-20,Natural Press - Oatmeal,referral,1358.1
4e3372e2,CUST-01358,site_visit,2025-02-14,,trade_show,
768cd0e2,CUST-01359,site_visit,2024-09-13,,organic_search,
a74c224d,CUST-01359,visualizer_use,2024-09-17,Original Ceramic - Clamshell,organic_search,
f22f2c42,CUST-01359,sample_request,2024-09-24,Original Ceramic - Sage,organic_search,
900367d7,CUST-01359,purchase,2024-10-05,Natural Press - Fog,organic_search,1432.35
38eb044d,CUST-01360,site_visit,2024-01-12,,referral,
61e12d0b,CUST-01360,sample_request,2024-01-24,Thin Brick - Terracotta,referral,
dc8292df,CUST-01360,purchase,2024-01-31,Original Ceramic - Sage,referral,596.83
3ee494d5,CUST-01361,site_visit,2024-10-09,,paid_social,
c809b197,CUST-01361,sample_request,2024-10-16,Glass - Champagne,paid_social,
a17db2c9,CUST-01362,site_visit,2024-03-27,,showroom_walkin,
900a3025,CUST-01362,visualizer_use,2024-03-29,Thin Brick - Terracotta,showroom_walkin,
7594cf0f,CUST-01362,sample_request,2024-03-28,Original Ceramic - Sage,showroom_walkin,
da150b9e,CUST-01362,sample_request,2024-04-20,Natural Press - Fog,showroom_walkin,
7a63aea4,CUST-01362,project_upload,2024-05-07,,showroom_walkin,
7a3d6609,CUST-01362,purchase,2024-04-18,Thin Brick - Weathered White,showroom_walkin,10265.22
a2318823,CUST-01363,site_visit,2024-12-19,,organic_search,
ca1e126c,CUST-01363,visualizer_use,2024-12-25,Original Ceramic - Aegean,organic_search,
5dde2043,CUST-01363,sample_request,2024-12-26,Natural Press - Sable,organic_search,
c1adb0e3,CUST-01363,purchase,2025-01-22,Glass - Midnight,organic_search,692.37
c83d1f86,CUST-01364,site_visit,2025-03-22,,trade_show,
5543a70e,CUST-01365,site_visit,2024-08-26,,architect_referral,
68843ccc,CUST-01365,visualizer_use,2024-09-04,Glass - Seaglass,architect_referral,
5ad0ee47,CUST-01365,sample_request,2024-09-07,Thin Brick - Terracotta,architect_referral,
6e1114e3,CUST-01366,site_visit,2024-10-14,,showroom_walkin,
d4ad30cc,CUST-01366,visualizer_use,2024-10-19,Glass - Seaglass,showroom_walkin,
253a5822,CUST-01366,sample_request,2024-10-20,Natural Press - Sable,showroom_walkin,
888a55cb,CUST-01367,site_visit,2024-04-30,,paid_social,
339cc0b3,CUST-01367,visualizer_use,2024-05-07,Natural Press - Fog,paid_social,
ceb4781a,CUST-01367,sample_request,2024-05-12,Natural Press - Fog,paid_social,
d7c3efea,CUST-01368,site_visit,2024-10-01,,paid_social,
0d537282,CUST-01368,sample_request,2024-10-12,Thin Brick - Terracotta,paid_social,
b0dfde1c,CUST-01369,site_visit,2024-03-10,,direct,
e12e828c,CUST-01370,site_visit,2025-01-18,,trade_show,
9a49b05c,CUST-01370,visualizer_use,2025-01-25,Original Ceramic - Sage,trade_show,
84cfe896,CUST-01370,sample_request,2025-01-20,Original Ceramic - Aegean,trade_show,
d1719453,CUST-01370,project_upload,2025-02-16,,trade_show,
9f1b2bb1,CUST-01371,site_visit,2024-06-16,,referral,
f61cd8bf,CUST-01371,visualizer_use,2024-06-20,Glass - Seaglass,referral,
92dbaec9,CUST-01371,sample_request,2024-06-23,Thin Brick - Terracotta,referral,
068fd459,CUST-01372,site_visit,2024-05-13,,referral,
70fd6679,CUST-01372,sample_request,2024-05-29,Natural Press - Fog,referral,
fb562220,CUST-01372,sample_request,2024-06-28,Glass - Seaglass,referral,
bc03b4c1,CUST-01373,site_visit,2025-05-05,,paid_social,
f9c8df8b,CUST-01373,purchase,2025-06-04,Natural Press - Sable,paid_social,890.09
7aa23f0a,CUST-01374,site_visit,2024-05-15,,email_capture,
19ff0f91,CUST-01374,sample_request,2024-05-29,Glass - Champagne,email_capture,
11f46a8c,CUST-01374,sample_request,2024-06-26,Thin Brick - Weathered White,email_capture,
bc26d645,CUST-01375,site_visit,2024-04-05,,organic_search,
b15ec5ac,CUST-01376,site_visit,2025-05-10,,referral,
4ab9e7ba,CUST-01376,visualizer_use,2025-05-12,Natural Press - Sable,referral,
59d7809f,CUST-01376,sample_request,2025-05-23,Glass - Seaglass,referral,
aa85d745,CUST-01377,site_visit,2024-07-06,,organic_search,
897317b5,CUST-01377,sample_request,2024-07-21,Natural Press - Sable,organic_search,
3045705e,CUST-01377,purchase,2024-08-07,Thin Brick - Charcoal,organic_search,1422.87
d41e0b9c,CUST-01378,site_visit,2025-02-11,,organic_search,
64446963,CUST-01378,visualizer_use,2025-02-15,Glass - Seaglass,organic_search,
abfcac16,CUST-01378,sample_request,2025-02-25,Glass - Midnight,organic_search,
60d49bff,CUST-01378,purchase,2025-03-29,Thin Brick - Weathered White,organic_search,1353.32
8b62eb5e,CUST-01379,site_visit,2024-12-15,,referral,
47edd196,CUST-01379,sample_request,2024-12-30,Original Ceramic - Clamshell,referral,
5a073014,CUST-01379,sample_request,2025-01-21,Thin Brick - Terracotta,referral,
00e3b7c4,CUST-01379,purchase,2025-02-02,Original Ceramic - Sage,referral,468.56
373ca095,CUST-01380,site_visit,2025-05-27,,showroom_walkin,
ff469f61,CUST-01380,visualizer_use,2025-06-02,Glass - Midnight,showroom_walkin,
3e13d7f6,CUST-01380,sample_request,2025-06-10,Glass - Midnight,showroom_walkin,
33501f81,CUST-01380,sample_request,2025-06-17,Thin Brick - Weathered White,showroom_walkin,
633add52,CUST-01380,purchase,2025-06-24,Original Ceramic - Clamshell,showroom_walkin,1587.74
d3269c5b,CUST-01381,site_visit,2024-01-04,,trade_show,
95a23aed,CUST-01381,visualizer_use,2024-01-12,Thin Brick - Charcoal,trade_show,
147d5aef,CUST-01382,site_visit,2025-03-30,,referral,
da43b18b,CUST-01382,visualizer_use,2025-04-06,Natural Press - Sable,referral,
75c067b5,CUST-01382,sample_request,2025-04-01,Natural Press - Sable,referral,
ebe7cf74,CUST-01383,site_visit,2025-07-12,,organic_search,
ddf3a864,CUST-01384,site_visit,2025-03-20,,email_capture,
7e78c111,CUST-01384,visualizer_use,2025-03-30,Natural Press - Fog,email_capture,
e716f902,CUST-01385,site_visit,2025-05-02,,trade_show,
e8587cf3,CUST-01385,visualizer_use,2025-05-04,Thin Brick - Weathered White,trade_show,
1ae39d23,CUST-01385,purchase,2025-06-29,Glass - Champagne,trade_show,7588.19
299e8428,CUST-01386,site_visit,2024-02-01,,organic_search,
65b1a115,CUST-01386,sample_request,2024-02-05,Natural Press - Sable,organic_search,
e7dc23dc,CUST-01387,site_visit,2024-08-14,,direct,
34fedf50,CUST-01388,site_visit,2024-12-06,,organic_search,
713a096d,CUST-01388,visualizer_use,2024-12-08,Glass - Seaglass,organic_search,
3c608574,CUST-01388,sample_request,2024-12-08,Natural Press - Sable,organic_search,
5dfaf2be,CUST-01389,site_visit,2024-08-16,,organic_search,
eaa2488e,CUST-01389,sample_request,2024-09-03,Glass - Champagne,organic_search,
5e16ae02,CUST-01390,site_visit,2025-05-03,,trade_show,
6edffe31,CUST-01390,visualizer_use,2025-05-07,Glass - Midnight,trade_show,
5f8641f4,CUST-01390,sample_request,2025-05-07,Glass - Seaglass,trade_show,
543b56cd,CUST-01390,purchase,2025-05-16,Thin Brick - Charcoal,trade_show,18935.47
c5b33eb2,CUST-01391,site_visit,2025-05-15,,paid_social,
48aeaa93,CUST-01391,visualizer_use,2025-05-19,Original Ceramic - Clamshell,paid_social,
e7594574,CUST-01391,sample_request,2025-05-17,Glass - Seaglass,paid_social,
9e57ad01,CUST-01392,site_visit,2025-08-07,,referral,
d4741203,CUST-01392,sample_request,2025-08-28,Thin Brick - Weathered White,referral,
3ef85f4d,CUST-01392,project_upload,2025-09-22,,referral,
28455176,CUST-01392,purchase,2025-10-26,Glass - Champagne,referral,21195.82
07184876,CUST-01393,site_visit,2025-03-09,,email_capture,
fc9a9af7,CUST-01393,visualizer_use,2025-03-19,Thin Brick - Weathered White,email_capture,
347a2ea6,CUST-01393,sample_request,2025-03-13,Thin Brick - Terracotta,email_capture,
8f586cce,CUST-01393,sample_request,2025-03-29,Original Ceramic - Aegean,email_capture,
023a7e9a,CUST-01393,purchase,2025-03-24,Original Ceramic - Clamshell,email_capture,959.67
55dd1776,CUST-01393,repeat_purchase,2025-05-30,Original Ceramic - Sage,email_capture,933.72
ac300b87,CUST-01394,site_visit,2025-05-25,,referral,
17abfc66,CUST-01394,visualizer_use,2025-05-27,Original Ceramic - Clamshell,referral,
b1f13fdd,CUST-01395,site_visit,2024-06-09,,organic_search,
11420fdc,CUST-01395,sample_request,2024-06-24,Glass - Champagne,organic_search,
436c4fc8,CUST-01395,sample_request,2024-07-22,Natural Press - Fog,organic_search,
6f3849d3,CUST-01396,site_visit,2024-09-17,,trade_show,
42eb8535,CUST-01396,sample_request,2024-10-02,Original Ceramic - Sage,trade_show,
b99bd659,CUST-01396,purchase,2024-11-10,Original Ceramic - Clamshell,trade_show,1284.53
22720708,CUST-01396,repeat_purchase,2025-07-28,Thin Brick - Terracotta,trade_show,859.76
b3f20ec4,CUST-01397,site_visit,2025-07-03,,organic_search,
79ead8c4,CUST-01398,site_visit,2025-07-29,,organic_search,
1e65e114,CUST-01398,sample_request,2025-08-04,Thin Brick - Charcoal,organic_search,
026d1bde,CUST-01398,sample_request,2025-08-25,Original Ceramic - Aegean,organic_search,
4f979468,CUST-01399,site_visit,2024-10-18,,organic_search,
6cd54fc9,CUST-01399,sample_request,2024-11-03,Glass - Champagne,organic_search,
11508876,CUST-01399,sample_request,2024-12-03,Glass - Seaglass,organic_search,
e8b8756c,CUST-01399,purchase,2024-12-04,Glass - Champagne,organic_search,1713.58
892dfd32,CUST-01400,site_visit,2024-12-27,,organic_search,
04ef87fb,CUST-01400,sample_request,2025-01-08,Glass - Champagne,organic_search,
66e833a3,CUST-01400,purchase,2025-01-15,Original Ceramic - Clamshell,organic_search,1070.83
ad108c47,CUST-01400,repeat_purchase,2025-08-26,Original Ceramic - Sage,organic_search,1578.57
ee84ecc1,CUST-01401,site_visit,2024-06-07,,trade_show,
9116daf5,CUST-01402,site_visit,2025-03-30,,architect_referral,
7d4d1b3c,CUST-01402,sample_request,2025-04-08,Thin Brick - Weathered White,architect_referral,
6b2f42e0,CUST-01402,purchase,2025-05-15,Original Ceramic - Aegean,architect_referral,768.81
9a9047e3,CUST-01403,site_visit,2024-12-11,,direct,
d8231ee4,CUST-01403,sample_request,2024-12-22,Glass - Seaglass,direct,
ccbe4c45,CUST-01403,purchase,2025-01-01,Thin Brick - Charcoal,direct,1682.55
e6db4716,CUST-01404,site_visit,2025-03-14,,email_capture,
631c9978,CUST-01404,sample_request,2025-04-04,Natural Press - Oatmeal,email_capture,
5f29f66a,CUST-01404,purchase,2025-05-31,Glass - Seaglass,email_capture,625.24
2a36b98f,CUST-01405,site_visit,2024-10-24,,paid_social,
7ca00c8f,CUST-01405,sample_request,2024-10-25,Thin Brick - Charcoal,paid_social,
7f8113c0,CUST-01406,site_visit,2024-11-13,,paid_social,
614e6005,CUST-01406,visualizer_use,2024-11-21,Natural Press - Oatmeal,paid_social,
b86e4112,CUST-01406,sample_request,2024-11-14,Original Ceramic - Aegean,paid_social,
1a018c34,CUST-01406,sample_request,2024-11-24,Thin Brick - Weathered White,paid_social,
c79942d7,CUST-01406,purchase,2024-12-05,Glass - Midnight,paid_social,1780.28
aa32fe3a,CUST-01406,repeat_purchase,2025-06-28,Thin Brick - Charcoal,paid_social,1036.31
78c405d6,CUST-01407,site_visit,2025-01-31,,trade_show,
dcf6022f,CUST-01407,sample_request,2025-02-14,Natural Press - Fog,trade_show,
856eba5b,CUST-01407,sample_request,2025-02-26,Original Ceramic - Aegean,trade_show,
f6da4531,CUST-01407,project_upload,2025-03-24,,trade_show,
4c234ea9,CUST-01407,purchase,2025-03-21,Original Ceramic - Sage,trade_show,22504.15
b4bd69d2,CUST-01408,site_visit,2025-06-12,,organic_search,
cb7a382b,CUST-01408,sample_request,2025-06-29,Original Ceramic - Sage,organic_search,
b15cf2d2,CUST-01408,sample_request,2025-07-20,Glass - Champagne,organic_search,
e63988aa,CUST-01408,purchase,2025-07-23,Thin Brick - Weathered White,organic_search,1080.28
16b0bc54,CUST-01409,site_visit,2024-11-26,,paid_social,
5e1fce18,CUST-01409,visualizer_use,2024-11-28,Natural Press - Sable,paid_social,
862b70d9,CUST-01409,sample_request,2024-11-29,Natural Press - Sable,paid_social,
726b7f87,CUST-01409,sample_request,2024-12-06,Natural Press - Oatmeal,paid_social,
932a048b,CUST-01410,site_visit,2024-04-22,,email_capture,
b4492a3d,CUST-01411,site_visit,2025-08-10,,paid_social,
50602ef0,CUST-01412,site_visit,2025-08-17,,architect_referral,
5bbe0997,CUST-01412,sample_request,2025-08-26,Thin Brick - Terracotta,architect_referral,
c6de97e4,CUST-01412,purchase,2025-09-06,Natural Press - Oatmeal,architect_referral,1756.35
c22b5703,CUST-01413,site_visit,2025-07-29,,direct,
b732f59e,CUST-01413,sample_request,2025-08-18,Original Ceramic - Sage,direct,
649fa2aa,CUST-01413,sample_request,2025-09-01,Glass - Midnight,direct,
1f8fe84d,CUST-01413,purchase,2025-09-17,Thin Brick - Weathered White,direct,979.7
5da7a39d,CUST-01414,site_visit,2025-05-30,,organic_search,
a3075eb7,CUST-01415,site_visit,2024-06-05,,organic_search,
77633ede,CUST-01415,sample_request,2024-06-12,Natural Press - Oatmeal,organic_search,
ca0ba3bb,CUST-01415,sample_request,2024-07-06,Thin Brick - Charcoal,organic_search,
c6d86466,CUST-01415,purchase,2024-07-22,Thin Brick - Weathered White,organic_search,1029.69
221df9da,CUST-01415,repeat_purchase,2024-11-17,Thin Brick - Weathered White,organic_search,811.14
442f9d07,CUST-01416,site_visit,2024-11-03,,trade_show,
2fa3fc2c,CUST-01417,site_visit,2025-02-10,,referral,
45b9a614,CUST-01417,sample_request,2025-02-19,Glass - Seaglass,referral,
18f99cca,CUST-01417,sample_request,2025-02-25,Glass - Seaglass,referral,
62cdd877,CUST-01418,site_visit,2024-11-03,,trade_show,
796c8eda,CUST-01418,purchase,2024-11-13,Glass - Midnight,trade_show,24128.21
e806cfa7,CUST-01418,repeat_purchase,2025-05-16,Natural Press - Oatmeal,trade_show,19084.25
a8dfb512,CUST-01419,site_visit,2024-07-21,,email_capture,
a2a6f06d,CUST-01419,sample_request,2024-07-24,Thin Brick - Weathered White,email_capture,
26cc133d,CUST-01419,sample_request,2024-07-30,Natural Press - Sable,email_capture,
d5f6126a,CUST-01419,purchase,2024-08-10,Natural Press - Sable,email_capture,1690.68
8baae10a,CUST-01420,site_visit,2024-10-13,,trade_show,
53d77024,CUST-01420,visualizer_use,2024-10-22,Original Ceramic - Sage,trade_show,
983e62b8,CUST-01420,sample_request,2024-10-24,Original Ceramic - Aegean,trade_show,
10669762,CUST-01421,site_visit,2025-01-28,,trade_show,
13f53ca8,CUST-01421,sample_request,2025-01-31,Glass - Midnight,trade_show,
53ce08e9,CUST-01422,site_visit,2025-07-27,,email_capture,
0ca0d37f,CUST-01422,sample_request,2025-08-11,Thin Brick - Charcoal,email_capture,
57897452,CUST-01422,purchase,2025-08-23,Natural Press - Oatmeal,email_capture,1787.45
8067e86a,CUST-01423,site_visit,2024-02-04,,referral,
46dd30b5,CUST-01423,visualizer_use,2024-02-09,Glass - Midnight,referral,
65df48a8,CUST-01423,sample_request,2024-02-06,Thin Brick - Terracotta,referral,
1a3d7995,CUST-01423,sample_request,2024-03-04,Thin Brick - Weathered White,referral,
4192efba,CUST-01423,purchase,2024-02-25,Natural Press - Fog,referral,1708.25
b9b18a8d,CUST-01424,site_visit,2024-01-16,,referral,
dad04a6f,CUST-01425,site_visit,2024-05-15,,paid_social,
e9d2850b,CUST-01425,visualizer_use,2024-05-24,Original Ceramic - Clamshell,paid_social,
7459563e,CUST-01425,sample_request,2024-05-18,Thin Brick - Weathered White,paid_social,
a22cce3b,CUST-01425,sample_request,2024-06-11,Original Ceramic - Clamshell,paid_social,
536bbbe2,CUST-01425,purchase,2024-05-28,Thin Brick - Charcoal,paid_social,409.92
5e849778,CUST-01426,site_visit,2024-11-30,,organic_search,
7e831f49,CUST-01426,visualizer_use,2024-12-04,Thin Brick - Terracotta,organic_search,
f5b9af01,CUST-01426,sample_request,2024-12-09,Original Ceramic - Sage,organic_search,
d911d329,CUST-01426,sample_request,2024-12-15,Thin Brick - Charcoal,organic_search,
f3fd7b85,CUST-01426,purchase,2025-01-17,Natural Press - Oatmeal,organic_search,595.9
0bf9d515,CUST-01427,site_visit,2025-07-28,,architect_referral,
f17ae317,CUST-01427,visualizer_use,2025-08-01,Glass - Champagne,architect_referral,
b06c96a8,CUST-01427,sample_request,2025-08-08,Glass - Midnight,architect_referral,
55a3dcf9,CUST-01428,site_visit,2025-03-05,,paid_social,
1dfb9ead,CUST-01428,purchase,2025-03-25,Glass - Champagne,paid_social,1450.91
3b9eed90,CUST-01429,site_visit,2024-08-16,,referral,
71778009,CUST-01429,sample_request,2024-09-01,Natural Press - Oatmeal,referral,
3262c18f,CUST-01429,purchase,2024-10-07,Original Ceramic - Aegean,referral,1008.36
7fd4b2b9,CUST-01430,site_visit,2024-07-02,,architect_referral,
b7edf2d8,CUST-01431,site_visit,2024-09-03,,direct,
df2c874e,CUST-01432,site_visit,2024-09-20,,trade_show,
5ed66cad,CUST-01432,sample_request,2024-10-06,Original Ceramic - Sage,trade_show,
152c6400,CUST-01432,sample_request,2024-11-05,Natural Press - Oatmeal,trade_show,
4889828e,CUST-01432,project_upload,2024-10-29,,trade_show,
e79b3288,CUST-01432,purchase,2024-11-17,Original Ceramic - Sage,trade_show,14092.44
0a569cc8,CUST-01432,repeat_purchase,2025-07-07,Thin Brick - Terracotta,trade_show,13810.65
461d99b3,CUST-01433,site_visit,2024-02-23,,trade_show,
1ee1d9cf,CUST-01433,sample_request,2024-02-26,Glass - Seaglass,trade_show,
895585a5,CUST-01434,site_visit,2024-11-23,,organic_search,
a8225aa5,CUST-01434,visualizer_use,2024-11-30,Thin Brick - Weathered White,organic_search,
06f81819,CUST-01434,sample_request,2024-12-07,Natural Press - Fog,organic_search,
88dcef1c,CUST-01434,purchase,2025-01-19,Original Ceramic - Clamshell,organic_search,1746.34
33cc486c,CUST-01435,site_visit,2025-04-11,,email_capture,
62da62b8,CUST-01435,sample_request,2025-04-24,Original Ceramic - Sage,email_capture,
c1d6b6d4,CUST-01436,site_visit,2025-02-11,,organic_search,
9a3ed4cf,CUST-01436,visualizer_use,2025-02-15,Thin Brick - Charcoal,organic_search,
11eb28c9,CUST-01436,sample_request,2025-02-20,Glass - Midnight,organic_search,
3f75b5de,CUST-01437,site_visit,2024-06-24,,organic_search,
c12c6fee,CUST-01437,sample_request,2024-06-24,Glass - Midnight,organic_search,
ed4dc889,CUST-01437,purchase,2024-07-19,Glass - Midnight,organic_search,592.82
56835f4f,CUST-01438,site_visit,2024-08-02,,showroom_walkin,
8ffceca6,CUST-01438,visualizer_use,2024-08-12,Thin Brick - Terracotta,showroom_walkin,
38b4942f,CUST-01438,sample_request,2024-08-08,Original Ceramic - Sage,showroom_walkin,
08dcff5e,CUST-01439,site_visit,2024-02-18,,referral,
bf960e21,CUST-01439,sample_request,2024-02-18,Thin Brick - Terracotta,referral,
e371e32d,CUST-01440,site_visit,2025-03-21,,organic_search,
ba26da52,CUST-01441,site_visit,2025-03-12,,direct,
d954b2c3,CUST-01441,visualizer_use,2025-03-12,Natural Press - Sable,direct,
b1a17af9,CUST-01441,sample_request,2025-03-17,Original Ceramic - Sage,direct,
f1227155,CUST-01441,purchase,2025-04-22,Thin Brick - Charcoal,direct,406.0
8ad9f2c6,CUST-01442,site_visit,2024-04-07,,showroom_walkin,
a320bc46,CUST-01442,visualizer_use,2024-04-07,Thin Brick - Weathered White,showroom_walkin,
d3bb53c7,CUST-01442,sample_request,2024-04-09,Original Ceramic - Sage,showroom_walkin,
83e369cc,CUST-01442,sample_request,2024-05-03,Glass - Seaglass,showroom_walkin,
d40f1d90,CUST-01442,purchase,2024-05-31,Thin Brick - Terracotta,showroom_walkin,981.98
586ab4e7,CUST-01443,site_visit,2025-07-19,,organic_search,
d6e683ed,CUST-01443,sample_request,2025-07-30,Natural Press - Sable,organic_search,
76496c31,CUST-01443,purchase,2025-08-31,Natural Press - Fog,organic_search,644.1
18dd5b62,CUST-01444,site_visit,2024-06-11,,email_capture,
83da70a8,CUST-01444,sample_request,2024-06-16,Glass - Seaglass,email_capture,
cc9febf1,CUST-01445,site_visit,2025-06-30,,showroom_walkin,
acabe73c,CUST-01445,sample_request,2025-07-04,Original Ceramic - Clamshell,showroom_walkin,
8edc2f84,CUST-01446,site_visit,2024-07-04,,showroom_walkin,
ff95088d,CUST-01446,sample_request,2024-07-06,Original Ceramic - Sage,showroom_walkin,
934cfd17,CUST-01447,site_visit,2024-05-26,,paid_social,
f2c66650,CUST-01447,sample_request,2024-06-13,Natural Press - Fog,paid_social,
7fba1bdd,CUST-01447,purchase,2024-08-07,Natural Press - Fog,paid_social,552.64
f74107e4,CUST-01448,site_visit,2025-01-19,,showroom_walkin,
ff71d614,CUST-01448,sample_request,2025-02-04,Thin Brick - Charcoal,showroom_walkin,
ad16f0f3,CUST-01448,purchase,2025-03-26,Glass - Midnight,showroom_walkin,1783.75
d70bcb94,CUST-01449,site_visit,2025-05-05,,showroom_walkin,
8580b1f7,CUST-01449,sample_request,2025-05-17,Original Ceramic - Aegean,showroom_walkin,
875e7364,CUST-01449,sample_request,2025-06-07,Thin Brick - Charcoal,showroom_walkin,
3bfff8ef,CUST-01449,purchase,2025-06-27,Thin Brick - Charcoal,showroom_walkin,1634.7
02ccc335,CUST-01450,site_visit,2025-06-08,,architect_referral,
dc007315,CUST-01450,sample_request,2025-06-26,Original Ceramic - Aegean,architect_referral,
ae326dee,CUST-01450,project_upload,2025-07-24,,architect_referral,
7c096511,CUST-01450,purchase,2025-07-22,Natural Press - Fog,architect_referral,20807.64
0903d667,CUST-01451,site_visit,2024-02-14,,organic_search,
a4494271,CUST-01452,site_visit,2025-04-07,,paid_social,
d55a1883,CUST-01452,sample_request,2025-04-25,Thin Brick - Charcoal,paid_social,
e16a5ec0,CUST-01452,purchase,2025-06-11,Thin Brick - Weathered White,paid_social,1291.56
eadf6439,CUST-01453,site_visit,2024-11-17,,trade_show,
fe2d5da9,CUST-01453,visualizer_use,2024-11-24,Glass - Champagne,trade_show,
796449ad,CUST-01453,sample_request,2024-12-01,Natural Press - Oatmeal,trade_show,
b2620235,CUST-01453,purchase,2025-01-05,Original Ceramic - Sage,trade_show,17721.28
176cd373,CUST-01454,site_visit,2024-07-16,,trade_show,
2c0b05f6,CUST-01454,visualizer_use,2024-07-19,Thin Brick - Terracotta,trade_show,
472ace6d,CUST-01454,sample_request,2024-07-22,Natural Press - Sable,trade_show,
dbdfda68,CUST-01455,site_visit,2024-05-21,,paid_social,
cc9b819c,CUST-01456,site_visit,2024-02-24,,organic_search,
e1c9ad2b,CUST-01456,visualizer_use,2024-03-04,Natural Press - Fog,organic_search,
5691379c,CUST-01457,site_visit,2024-02-12,,email_capture,
5c509a1e,CUST-01457,sample_request,2024-02-23,Thin Brick - Weathered White,email_capture,
c1bdd239,CUST-01457,sample_request,2024-03-23,Original Ceramic - Clamshell,email_capture,
53fbfcf6,CUST-01457,purchase,2024-04-06,Thin Brick - Charcoal,email_capture,748.99
2b2ddb33,CUST-01457,repeat_purchase,2024-11-25,Original Ceramic - Aegean,email_capture,1252.14
c5512005,CUST-01458,site_visit,2025-02-18,,paid_social,
e060aa11,CUST-01459,site_visit,2025-03-05,,organic_search,
cfcb6b0e,CUST-01460,site_visit,2025-02-21,,organic_search,
1d70a482,CUST-01461,site_visit,2024-05-20,,referral,
0deab605,CUST-01462,site_visit,2024-05-25,,paid_social,
c99d0d17,CUST-01462,visualizer_use,2024-06-03,Glass - Midnight,paid_social,
2e8e1621,CUST-01462,sample_request,2024-05-31,Thin Brick - Charcoal,paid_social,
53ded5c4,CUST-01462,purchase,2024-07-18,Glass - Midnight,paid_social,1713.97
261b2329,CUST-01463,site_visit,2025-08-21,,organic_search,
aa71dbb0,CUST-01464,site_visit,2024-07-17,,showroom_walkin,
7bcbe5f2,CUST-01464,purchase,2024-08-17,Thin Brick - Weathered White,showroom_walkin,1496.48
5cb90a7e,CUST-01465,site_visit,2025-07-26,,organic_search,
57dcb975,CUST-01465,visualizer_use,2025-08-02,Original Ceramic - Aegean,organic_search,
34aa5e4d,CUST-01465,sample_request,2025-08-05,Glass - Champagne,organic_search,
b03f30ee,CUST-01465,purchase,2025-08-22,Original Ceramic - Clamshell,organic_search,1646.93
c3408e9c,CUST-01466,site_visit,2024-03-22,,architect_referral,
bbbd8772,CUST-01466,sample_request,2024-04-07,Thin Brick - Weathered White,architect_referral,
62eb6374,CUST-01466,sample_request,2024-04-25,Original Ceramic - Aegean,architect_referral,
45ae7360,CUST-01467,site_visit,2024-09-28,,direct,
fef50c13,CUST-01467,visualizer_use,2024-10-05,Natural Press - Oatmeal,direct,
49d22a5c,CUST-01467,sample_request,2024-10-06,Thin Brick - Terracotta,direct,
1ed8b9ea,CUST-01467,purchase,2024-11-10,Thin Brick - Terracotta,direct,405.04
61d47e58,CUST-01468,site_visit,2025-03-20,,organic_search,
f0bd4c10,CUST-01468,sample_request,2025-03-24,Glass - Seaglass,organic_search,
598bacab,CUST-01468,purchase,2025-04-01,Natural Press - Oatmeal,organic_search,2231.17
4eb7c39d,CUST-01469,site_visit,2025-02-11,,showroom_walkin,
21e36447,CUST-01469,sample_request,2025-02-26,Thin Brick - Weathered White,showroom_walkin,
068595c4,CUST-01469,sample_request,2025-03-21,Glass - Champagne,showroom_walkin,
f5a78ee3,CUST-01469,purchase,2025-03-12,Natural Press - Sable,showroom_walkin,1632.16
a7e21bce,CUST-01470,site_visit,2025-02-12,,organic_search,
aca44af0,CUST-01470,visualizer_use,2025-02-12,Glass - Champagne,organic_search,
28eddc23,CUST-01470,sample_request,2025-02-24,Original Ceramic - Sage,organic_search,
d3b54468,CUST-01471,site_visit,2024-04-15,,paid_social,
467c7d19,CUST-01471,sample_request,2024-04-29,Thin Brick - Weathered White,paid_social,
66027276,CUST-01471,purchase,2024-05-11,Natural Press - Fog,paid_social,1337.57
515e4931,CUST-01472,site_visit,2024-02-22,,showroom_walkin,
d2ff437f,CUST-01472,sample_request,2024-03-14,Natural Press - Sable,showroom_walkin,
1f786601,CUST-01473,site_visit,2024-06-25,,email_capture,
43543d13,CUST-01474,site_visit,2024-12-07,,direct,
958d1222,CUST-01474,sample_request,2024-12-12,Natural Press - Fog,direct,
6565c193,CUST-01475,site_visit,2024-04-25,,paid_social,
60740a00,CUST-01475,purchase,2024-05-14,Thin Brick - Weathered White,paid_social,733.7
cf5084bd,CUST-01476,site_visit,2025-04-03,,referral,
6249da4c,CUST-01476,visualizer_use,2025-04-11,Natural Press - Fog,referral,
0e58dd65,CUST-01476,sample_request,2025-04-16,Original Ceramic - Sage,referral,
be143296,CUST-01476,purchase,2025-05-16,Thin Brick - Weathered White,referral,1129.35
31ad3b65,CUST-01477,site_visit,2024-12-11,,organic_search,
3ab7ba7d,CUST-01477,visualizer_use,2024-12-16,Original Ceramic - Aegean,organic_search,
fb9e6f43,CUST-01477,sample_request,2024-12-21,Glass - Champagne,organic_search,
48053731,CUST-01477,purchase,2025-01-06,Thin Brick - Terracotta,organic_search,1763.62
b69ab201,CUST-01477,repeat_purchase,2025-08-31,Thin Brick - Terracotta,organic_search,1551.64
1ed7c24b,CUST-01478,site_visit,2025-07-01,,direct,
c6f39d3d,CUST-01478,sample_request,2025-07-04,Glass - Champagne,direct,
4ff98ae7,CUST-01479,site_visit,2024-06-08,,trade_show,
8cbf9e20,CUST-01479,purchase,2024-07-06,Natural Press - Sable,trade_show,1592.19
659829a9,CUST-01480,site_visit,2025-07-15,,direct,
82999d30,CUST-01481,site_visit,2024-10-28,,paid_social,
6c111fa5,CUST-01481,sample_request,2024-11-12,Original Ceramic - Clamshell,paid_social,
67d32015,CUST-01482,site_visit,2024-07-04,,trade_show,
1b11f129,CUST-01482,sample_request,2024-07-14,Glass - Champagne,trade_show,
adee6997,CUST-01482,project_upload,2024-08-01,,trade_show,
f1f85fbc,CUST-01483,site_visit,2024-01-04,,trade_show,
e61e4a7b,CUST-01484,site_visit,2024-01-28,,trade_show,
370e19da,CUST-01485,site_visit,2025-01-03,,organic_search,
b51a2f9f,CUST-01486,site_visit,2024-09-15,,paid_social,
ffd2d234,CUST-01486,visualizer_use,2024-09-17,Glass - Midnight,paid_social,
a3a80ec7,CUST-01486,sample_request,2024-09-20,Natural Press - Oatmeal,paid_social,
54e8eace,CUST-01487,site_visit,2025-07-03,,trade_show,
5ae6866d,CUST-01487,visualizer_use,2025-07-04,Original Ceramic - Sage,trade_show,
8dc8437c,CUST-01487,sample_request,2025-07-05,Natural Press - Oatmeal,trade_show,
07a3f658,CUST-01488,site_visit,2025-02-08,,organic_search,
28b1a9d5,CUST-01488,sample_request,2025-02-18,Thin Brick - Terracotta,organic_search,
fbb83241,CUST-01488,project_upload,2025-03-27,,organic_search,
7d808942,CUST-01488,purchase,2025-03-07,Glass - Champagne,organic_search,23973.91
40600dcc,CUST-01489,site_visit,2024-10-06,,email_capture,
c2509e05,CUST-01490,site_visit,2025-04-04,,email_capture,
99ab6d49,CUST-01490,sample_request,2025-04-18,Original Ceramic - Sage,email_capture,
5b10b5b3,CUST-01490,sample_request,2025-05-16,Original Ceramic - Clamshell,email_capture,
5749303c,CUST-01490,purchase,2025-05-22,Glass - Champagne,email_capture,24682.56
a3a21189,CUST-01491,site_visit,2024-05-19,,showroom_walkin,
dbaa3635,CUST-01491,visualizer_use,2024-05-26,Thin Brick - Terracotta,showroom_walkin,
01d8d40f,CUST-01491,sample_request,2024-05-20,Thin Brick - Terracotta,showroom_walkin,
77b2cf06,CUST-01491,purchase,2024-07-01,Natural Press - Sable,showroom_walkin,717.1
39f1f0ba,CUST-01492,site_visit,2024-08-15,,paid_social,
08d1db68,CUST-01493,site_visit,2024-07-16,,paid_social,
a4e90e2c,CUST-01493,sample_request,2024-07-26,Natural Press - Oatmeal,paid_social,
6b19ac8f,CUST-01493,purchase,2024-08-10,Natural Press - Oatmeal,paid_social,1486.33
69411a27,CUST-01493,repeat_purchase,2025-02-26,Glass - Midnight,paid_social,747.71
bebd24f3,CUST-01494,site_visit,2024-09-17,,showroom_walkin,
db9e9ac9,CUST-01494,sample_request,2024-10-08,Natural Press - Oatmeal,showroom_walkin,
20eb6064,CUST-01495,site_visit,2025-07-04,,email_capture,
9d3ab9a4,CUST-01496,site_visit,2024-12-17,,direct,
4d8a9e15,CUST-01496,sample_request,2025-01-07,Glass - Seaglass,direct,
10bcc759,CUST-01496,sample_request,2025-01-17,Thin Brick - Weathered White,direct,
29f06b2d,CUST-01497,site_visit,2025-03-24,,referral,
ed99f499,CUST-01498,site_visit,2024-06-12,,direct,
c323dd15,CUST-01498,visualizer_use,2024-06-12,Original Ceramic - Sage,direct,
6aa80ac0,CUST-01498,sample_request,2024-06-24,Original Ceramic - Aegean,direct,
e84e7f35,CUST-01498,purchase,2024-07-08,Glass - Champagne,direct,737.85
76beb002,CUST-01499,site_visit,2024-02-24,,paid_social,
413c9250,CUST-01500,site_visit,2024-07-21,,paid_social,
7b94aab9,CUST-01500,visualizer_use,2024-07-28,Original Ceramic - Sage,paid_social,
e568102f,CUST-01501,site_visit,2025-08-18,,showroom_walkin,
4c0223be,CUST-01501,sample_request,2025-08-28,Natural Press - Fog,showroom_walkin,
5ad8957f,CUST-01501,purchase,2025-10-19,Glass - Midnight,showroom_walkin,1284.16
089b9cf0,CUST-01502,site_visit,2024-08-17,,organic_search,
4395e3cf,CUST-01502,sample_request,2024-08-18,Glass - Midnight,organic_search,
90f34074,CUST-01503,site_visit,2024-07-08,,direct,
d5a8df62,CUST-01503,visualizer_use,2024-07-08,Natural Press - Oatmeal,direct,
3cd01ac6,CUST-01503,sample_request,2024-07-21,Thin Brick - Charcoal,direct,
8f0f7fbf,CUST-01504,site_visit,2024-02-28,,paid_social,
e6d0ca1a,CUST-01504,sample_request,2024-03-08,Original Ceramic - Aegean,paid_social,
28cf3e66,CUST-01504,sample_request,2024-04-06,Glass - Seaglass,paid_social,
d633854f,CUST-01504,project_upload,2024-04-07,,paid_social,
4fae7fc2,CUST-01504,purchase,2024-03-26,Original Ceramic - Sage,paid_social,21173.76
900dad41,CUST-01504,repeat_purchase,2024-12-23,Natural Press - Fog,paid_social,13812.63
530b9587,CUST-01505,site_visit,2024-01-28,,referral,
75f7f719,CUST-01506,site_visit,2024-03-29,,paid_social,
ab1fd544,CUST-01507,site_visit,2025-01-10,,direct,
2d5f4956,CUST-01508,site_visit,2024-09-01,,organic_search,
d5c88531,CUST-01508,visualizer_use,2024-09-02,Thin Brick - Terracotta,organic_search,
d360c653,CUST-01508,sample_request,2024-09-10,Original Ceramic - Sage,organic_search,
2587bcc4,CUST-01508,sample_request,2024-09-24,Glass - Champagne,organic_search,
6e0031a3,CUST-01508,purchase,2024-10-26,Thin Brick - Weathered White,organic_search,1135.9
f268cbe5,CUST-01509,site_visit,2025-01-04,,paid_social,
32c6bfed,CUST-01509,sample_request,2025-01-06,Thin Brick - Charcoal,paid_social,
f6b17404,CUST-01510,site_visit,2025-02-12,,architect_referral,
1468f1ae,CUST-01510,purchase,2025-04-01,Glass - Champagne,architect_referral,704.72
c67da266,CUST-01511,site_visit,2024-01-31,,organic_search,
9278cdd0,CUST-01511,sample_request,2024-02-08,Thin Brick - Weathered White,organic_search,
d2acfa67,CUST-01511,purchase,2024-03-19,Glass - Seaglass,organic_search,1064.65
ed6f655c,CUST-01512,site_visit,2025-04-15,,referral,
9e444a81,CUST-01512,visualizer_use,2025-04-18,Thin Brick - Charcoal,referral,
5c833075,CUST-01512,sample_request,2025-04-26,Glass - Champagne,referral,
8a4cb24c,CUST-01513,site_visit,2024-02-01,,referral,
3a5502e7,CUST-01513,visualizer_use,2024-02-07,Glass - Midnight,referral,
5a6f3d16,CUST-01513,sample_request,2024-02-07,Thin Brick - Weathered White,referral,
a9ece932,CUST-01514,site_visit,2024-09-10,,paid_social,
77bad037,CUST-01515,site_visit,2024-02-19,,organic_search,
a64bd39b,CUST-01515,sample_request,2024-03-07,Glass - Midnight,organic_search,
8761e5e4,CUST-01516,site_visit,2025-08-14,,showroom_walkin,
02a34fea,CUST-01516,sample_request,2025-08-25,Glass - Champagne,showroom_walkin,
a410ce30,CUST-01517,site_visit,2025-08-12,,architect_referral,
ae257590,CUST-01517,visualizer_use,2025-08-15,Glass - Seaglass,architect_referral,
61fa3562,CUST-01517,sample_request,2025-08-21,Natural Press - Oatmeal,architect_referral,
2f2a60c0,CUST-01518,site_visit,2025-06-28,,email_capture,
7590785b,CUST-01518,sample_request,2025-07-06,Glass - Champagne,email_capture,
976db66b,CUST-01518,purchase,2025-07-27,Original Ceramic - Sage,email_capture,1087.53
307cab57,CUST-01519,site_visit,2025-02-13,,paid_social,
51ffe52c,CUST-01519,visualizer_use,2025-02-17,Natural Press - Sable,paid_social,
eaff3177,CUST-01519,sample_request,2025-02-19,Glass - Midnight,paid_social,
c3538ab7,CUST-01519,purchase,2025-03-22,Original Ceramic - Sage,paid_social,1648.29
556e697d,CUST-01519,repeat_purchase,2025-08-27,Natural Press - Oatmeal,paid_social,1492.66
a5760edf,CUST-01520,site_visit,2024-06-19,,paid_social,
672a3f12,CUST-01520,sample_request,2024-06-30,Natural Press - Sable,paid_social,
d038a96e,CUST-01520,purchase,2024-08-24,Natural Press - Oatmeal,paid_social,757.68
78f18337,CUST-01521,site_visit,2024-12-12,,paid_social,
45b5412c,CUST-01521,purchase,2025-01-14,Original Ceramic - Clamshell,paid_social,1300.94
f844c982,CUST-01522,site_visit,2024-09-30,,referral,
786a79bf,CUST-01523,site_visit,2024-02-26,,referral,
e560db69,CUST-01523,sample_request,2024-03-16,Thin Brick - Weathered White,referral,
8c1453c1,CUST-01523,purchase,2024-03-30,Glass - Seaglass,referral,497.49
d77aad9c,CUST-01524,site_visit,2025-06-24,,showroom_walkin,
b77bc7a1,CUST-01525,site_visit,2024-05-07,,showroom_walkin,
bae57d98,CUST-01525,sample_request,2024-05-17,Natural Press - Sable,showroom_walkin,
63d8086b,CUST-01526,site_visit,2024-12-17,,paid_social,
5538240e,CUST-01526,purchase,2025-01-21,Natural Press - Sable,paid_social,7071.71
db62d47e,CUST-01527,site_visit,2025-02-23,,showroom_walkin,
5e2cd747,CUST-01527,sample_request,2025-02-25,Thin Brick - Charcoal,showroom_walkin,
7924f533,CUST-01527,sample_request,2025-03-16,Original Ceramic - Aegean,showroom_walkin,
76cc18a7,CUST-01527,purchase,2025-03-10,Thin Brick - Terracotta,showroom_walkin,575.63
09ca10b1,CUST-01528,site_visit,2024-02-11,,showroom_walkin,
c52db65a,CUST-01528,visualizer_use,2024-02-15,Original Ceramic - Clamshell,showroom_walkin,
dfc048dc,CUST-01528,sample_request,2024-02-22,Natural Press - Oatmeal,showroom_walkin,
b0042118,CUST-01528,sample_request,2024-03-15,Natural Press - Oatmeal,showroom_walkin,
829522be,CUST-01528,purchase,2024-03-30,Glass - Champagne,showroom_walkin,636.57
4d033e4c,CUST-01529,site_visit,2024-08-01,,showroom_walkin,
1940b61d,CUST-01529,purchase,2024-08-13,Glass - Champagne,showroom_walkin,878.31
56a86dff,CUST-01530,site_visit,2024-02-08,,email_capture,
5e83cfa3,CUST-01530,sample_request,2024-02-21,Original Ceramic - Sage,email_capture,
9cc24cf2,CUST-01531,site_visit,2025-04-13,,trade_show,
17fa15dd,CUST-01532,site_visit,2024-12-10,,direct,
f027826d,CUST-01533,site_visit,2025-07-27,,organic_search,
c6446af1,CUST-01533,sample_request,2025-08-16,Thin Brick - Terracotta,organic_search,
943a3a9f,CUST-01533,purchase,2025-09-02,Thin Brick - Weathered White,organic_search,968.65
36701f2b,CUST-01534,site_visit,2025-03-16,,organic_search,
86b48adf,CUST-01535,site_visit,2025-06-26,,paid_social,
99996137,CUST-01535,purchase,2025-08-20,Original Ceramic - Aegean,paid_social,1448.97
26f2b67b,CUST-01536,site_visit,2025-03-02,,paid_social,
5dcff3a3,CUST-01537,site_visit,2025-06-11,,direct,
63bf2fd7,CUST-01538,site_visit,2024-06-29,,direct,
a80f4c00,CUST-01538,sample_request,2024-07-03,Glass - Seaglass,direct,
6bc9b20e,CUST-01539,site_visit,2024-12-24,,paid_social,
9e25dda3,CUST-01539,visualizer_use,2024-12-26,Original Ceramic - Aegean,paid_social,
64fc63d2,CUST-01539,sample_request,2024-12-27,Glass - Seaglass,paid_social,
1da10e52,CUST-01539,sample_request,2025-01-05,Thin Brick - Terracotta,paid_social,
876b4b81,CUST-01539,purchase,2025-01-19,Natural Press - Fog,paid_social,883.44
4560356d,CUST-01540,site_visit,2024-09-21,,email_capture,
739a73c3,CUST-01540,visualizer_use,2024-09-23,Natural Press - Sable,email_capture,
9a521637,CUST-01540,sample_request,2024-10-03,Glass - Midnight,email_capture,
ae05ded1,CUST-01540,purchase,2024-11-27,Thin Brick - Weathered White,email_capture,1286.03
5740a2d7,CUST-01541,site_visit,2025-02-21,,trade_show,
250af861,CUST-01541,visualizer_use,2025-03-01,Natural Press - Fog,trade_show,
147fa76f,CUST-01541,sample_request,2025-02-24,Glass - Champagne,trade_show,
4f459402,CUST-01542,site_visit,2024-08-26,,organic_search,
26a192b1,CUST-01542,visualizer_use,2024-09-03,Thin Brick - Terracotta,organic_search,
ba32453c,CUST-01542,sample_request,2024-08-29,Thin Brick - Charcoal,organic_search,
12f26f61,CUST-01542,sample_request,2024-09-26,Glass - Midnight,organic_search,
712a67b1,CUST-01542,purchase,2024-09-17,Natural Press - Oatmeal,organic_search,667.52
e8babf67,CUST-01543,site_visit,2025-02-12,,organic_search,
bdff7402,CUST-01543,visualizer_use,2025-02-19,Natural Press - Oatmeal,organic_search,
671c4e52,CUST-01543,sample_request,2025-02-22,Glass - Champagne,organic_search,
8806f4f1,CUST-01544,site_visit,2024-01-17,,referral,
e8e5a90d,CUST-01544,sample_request,2024-01-28,Glass - Midnight,referral,
c0806573,CUST-01544,sample_request,2024-02-21,Thin Brick - Charcoal,referral,
7ad4dfff,CUST-01544,purchase,2024-02-22,Natural Press - Oatmeal,referral,442.16
c940e9f0,CUST-01545,site_visit,2025-06-18,,architect_referral,
7b090c0a,CUST-01545,purchase,2025-08-02,Thin Brick - Weathered White,architect_referral,13072.18
971be8a8,CUST-01546,site_visit,2025-01-16,,organic_search,
4ef6597b,CUST-01546,sample_request,2025-01-27,Natural Press - Fog,organic_search,
8aac9576,CUST-01546,purchase,2025-02-03,Glass - Seaglass,organic_search,954.57
0b978934,CUST-01547,site_visit,2025-04-13,,trade_show,
c9924d5f,CUST-01547,sample_request,2025-04-20,Original Ceramic - Clamshell,trade_show,
cd5a4050,CUST-01547,purchase,2025-05-30,Natural Press - Sable,trade_show,10171.79
b4be4ac2,CUST-01547,repeat_purchase,2025-08-24,Thin Brick - Weathered White,trade_show,7719.63
414a96f2,CUST-01548,site_visit,2024-10-29,,showroom_walkin,
6f4a2d53,CUST-01549,site_visit,2024-11-24,,referral,
a81f0c74,CUST-01549,visualizer_use,2024-11-24,Glass - Champagne,referral,
1f652818,CUST-01549,sample_request,2024-11-25,Original Ceramic - Aegean,referral,
d85a8b61,CUST-01549,sample_request,2024-12-04,Thin Brick - Terracotta,referral,
de281187,CUST-01550,site_visit,2024-06-20,,showroom_walkin,
4b8a67b7,CUST-01550,sample_request,2024-06-26,Natural Press - Sable,showroom_walkin,
caca3a74,CUST-01551,site_visit,2024-02-04,,trade_show,
f3b5934a,CUST-01551,visualizer_use,2024-02-06,Glass - Seaglass,trade_show,
f11b8948,CUST-01551,sample_request,2024-02-17,Glass - Midnight,trade_show,
977d9fdd,CUST-01552,site_visit,2025-03-17,,organic_search,
e8a57cdd,CUST-01553,site_visit,2024-01-15,,showroom_walkin,
5e8212f9,CUST-01553,sample_request,2024-01-24,Natural Press - Sable,showroom_walkin,
cfbb9d1c,CUST-01554,site_visit,2024-11-29,,architect_referral,
2be12b97,CUST-01555,site_visit,2024-11-06,,direct,
27c91948,CUST-01555,visualizer_use,2024-11-13,Natural Press - Sable,direct,
13d6d0e3,CUST-01555,sample_request,2024-11-11,Natural Press - Fog,direct,
7963a344,CUST-01556,site_visit,2024-02-16,,organic_search,
216f0915,CUST-01556,sample_request,2024-03-07,Original Ceramic - Clamshell,organic_search,
5566ed6e,CUST-01556,purchase,2024-03-30,Thin Brick - Weathered White,organic_search,1139.75
f1e0e180,CUST-01557,site_visit,2025-06-17,,organic_search,
cd1acd66,CUST-01557,sample_request,2025-06-26,Thin Brick - Weathered White,organic_search,
98c01a40,CUST-01557,purchase,2025-08-01,Thin Brick - Weathered White,organic_search,1002.44
5675487a,CUST-01558,site_visit,2024-08-31,,organic_search,
e425a064,CUST-01558,purchase,2024-10-13,Original Ceramic - Aegean,organic_search,23689.99
d48b5e4b,CUST-01558,repeat_purchase,2025-04-24,Natural Press - Oatmeal,organic_search,12759.64
338fbc52,CUST-01559,site_visit,2025-06-11,,direct,
aaa07293,CUST-01559,visualizer_use,2025-06-18,Natural Press - Oatmeal,direct,
0fe5ce03,CUST-01559,sample_request,2025-06-12,Original Ceramic - Sage,direct,
71806057,CUST-01559,sample_request,2025-06-26,Natural Press - Fog,direct,
9f1b2ecc,CUST-01560,site_visit,2024-04-02,,organic_search,
eef69724,CUST-01561,site_visit,2025-08-12,,showroom_walkin,
0c6b25e2,CUST-01561,sample_request,2025-08-12,Glass - Champagne,showroom_walkin,
43b6ffab,CUST-01562,site_visit,2025-07-25,,direct,
d7fd6d7d,CUST-01562,sample_request,2025-07-31,Natural Press - Sable,direct,
54cec718,CUST-01562,sample_request,2025-08-23,Natural Press - Sable,direct,
16d0e30a,CUST-01562,project_upload,2025-08-11,,direct,
45c2b0e4,CUST-01562,purchase,2025-08-11,Glass - Midnight,direct,24468.08
7dcbc5c3,CUST-01563,site_visit,2025-02-13,,organic_search,
b27daf6e,CUST-01563,purchase,2025-02-22,Original Ceramic - Aegean,organic_search,1309.53
a16cdd95,CUST-01564,site_visit,2024-04-05,,paid_social,
64b7271e,CUST-01565,site_visit,2024-08-23,,showroom_walkin,
8f94080d,CUST-01566,site_visit,2024-05-18,,showroom_walkin,
b71b45f2,CUST-01566,sample_request,2024-06-04,Thin Brick - Charcoal,showroom_walkin,
9b41116e,CUST-01567,site_visit,2025-02-18,,organic_search,
d6966ca4,CUST-01567,visualizer_use,2025-02-18,Natural Press - Oatmeal,organic_search,
d9304270,CUST-01567,sample_request,2025-02-19,Glass - Champagne,organic_search,
c2178215,CUST-01568,site_visit,2025-02-20,,direct,
969d6ded,CUST-01568,visualizer_use,2025-02-20,Glass - Champagne,direct,
565f9e16,CUST-01569,site_visit,2025-02-17,,organic_search,
2d65bc47,CUST-01569,sample_request,2025-03-08,Glass - Champagne,organic_search,
1626305b,CUST-01570,site_visit,2024-05-26,,organic_search,
d7f98bca,CUST-01570,sample_request,2024-06-01,Thin Brick - Charcoal,organic_search,
00aec909,CUST-01571,site_visit,2024-10-19,,paid_social,
dcae1942,CUST-01571,visualizer_use,2024-10-25,Glass - Champagne,paid_social,
36faace8,CUST-01571,sample_request,2024-10-20,Original Ceramic - Clamshell,paid_social,
cf20c2b5,CUST-01572,site_visit,2025-07-07,,trade_show,
971a88cd,CUST-01572,sample_request,2025-07-27,Thin Brick - Charcoal,trade_show,
9f730b65,CUST-01572,purchase,2025-09-03,Thin Brick - Charcoal,trade_show,19955.07
7622f973,CUST-01573,site_visit,2024-03-29,,organic_search,
cdf870f4,CUST-01574,site_visit,2025-06-19,,paid_social,
3acf068a,CUST-01575,site_visit,2024-08-21,,referral,
cded401a,CUST-01575,sample_request,2024-08-31,Thin Brick - Weathered White,referral,
ccc59642,CUST-01575,sample_request,2024-09-09,Natural Press - Oatmeal,referral,
c2296154,CUST-01575,purchase,2024-10-23,Original Ceramic - Sage,referral,1404.96
a0ae23ee,CUST-01575,repeat_purchase,2025-08-03,Natural Press - Sable,referral,1052.25
248ea592,CUST-01576,site_visit,2024-10-10,,organic_search,
764e0737,CUST-01576,sample_request,2024-10-16,Thin Brick - Charcoal,organic_search,
ae7ca871,CUST-01577,site_visit,2024-04-27,,organic_search,
e6b542db,CUST-01578,site_visit,2024-01-16,,paid_social,
bffd1eaf,CUST-01578,sample_request,2024-01-30,Glass - Champagne,paid_social,
9f6b04ea,CUST-01578,purchase,2024-02-27,Glass - Midnight,paid_social,906.27
1642ea99,CUST-01579,site_visit,2024-11-03,,organic_search,
e6065f5e,CUST-01580,site_visit,2024-11-25,,organic_search,
5d1d4ff2,CUST-01580,sample_request,2024-11-25,Natural Press - Fog,organic_search,
2ccd0d57,CUST-01580,purchase,2025-01-18,Glass - Champagne,organic_search,1138.17
a13e6103,CUST-01581,site_visit,2025-01-22,,paid_social,
1c08b0ce,CUST-01582,site_visit,2025-04-28,,organic_search,
986685b0,CUST-01582,visualizer_use,2025-05-03,Thin Brick - Weathered White,organic_search,
bbc8d9b5,CUST-01582,sample_request,2025-05-04,Thin Brick - Terracotta,organic_search,
09b55e37,CUST-01582,purchase,2025-07-03,Original Ceramic - Sage,organic_search,813.75
cbea7735,CUST-01583,site_visit,2024-10-11,,paid_social,
307a689a,CUST-01583,visualizer_use,2024-10-18,Natural Press - Sable,paid_social,
efecabac,CUST-01583,sample_request,2024-10-15,Natural Press - Oatmeal,paid_social,
8a5ad6f5,CUST-01583,purchase,2024-10-29,Natural Press - Fog,paid_social,1356.94
31e12c20,CUST-01584,site_visit,2025-03-18,,referral,
985fd9cc,CUST-01584,sample_request,2025-04-06,Thin Brick - Weathered White,referral,
de41dd1a,CUST-01585,site_visit,2025-05-02,,organic_search,
84353fd6,CUST-01585,visualizer_use,2025-05-07,Thin Brick - Weathered White,organic_search,
e4f7bd04,CUST-01585,sample_request,2025-05-10,Thin Brick - Weathered White,organic_search,
ec0921c3,CUST-01585,purchase,2025-05-25,Natural Press - Sable,organic_search,1087.46
ef1d5635,CUST-01586,site_visit,2024-11-25,,organic_search,
582494a7,CUST-01586,visualizer_use,2024-11-26,Natural Press - Sable,organic_search,
cf26c09d,CUST-01586,sample_request,2024-12-07,Glass - Champagne,organic_search,
f0332617,CUST-01586,purchase,2025-01-29,Natural Press - Sable,organic_search,1601.9
7995c654,CUST-01587,site_visit,2025-02-15,,architect_referral,
6dc66617,CUST-01587,sample_request,2025-02-20,Thin Brick - Charcoal,architect_referral,
9197c0d8,CUST-01588,site_visit,2024-09-24,,referral,
d8e5e322,CUST-01588,visualizer_use,2024-09-24,Natural Press - Sable,referral,
3efdaebb,CUST-01588,sample_request,2024-09-30,Thin Brick - Charcoal,referral,
e5155c38,CUST-01589,site_visit,2024-10-06,,organic_search,
9cab24b5,CUST-01589,sample_request,2024-10-14,Thin Brick - Weathered White,organic_search,
c9b281fb,CUST-01589,sample_request,2024-11-04,Thin Brick - Charcoal,organic_search,
c72f0396,CUST-01589,project_upload,2024-11-20,,organic_search,
8607ad52,CUST-01590,site_visit,2024-03-31,,referral,
91f7678a,CUST-01590,visualizer_use,2024-04-06,Natural Press - Sable,referral,
d181f360,CUST-01590,sample_request,2024-04-09,Original Ceramic - Sage,referral,
c373445e,CUST-01590,sample_request,2024-04-25,Natural Press - Fog,referral,
ad48d45a,CUST-01590,purchase,2024-06-07,Thin Brick - Charcoal,referral,1173.48
739a035b,CUST-01590,repeat_purchase,2024-08-24,Glass - Midnight,referral,1109.46
65a0fa7d,CUST-01591,site_visit,2025-02-23,,organic_search,
0a96d358,CUST-01591,sample_request,2025-03-10,Glass - Midnight,organic_search,
4b92e9df,CUST-01592,site_visit,2024-03-15,,organic_search,
da09c6b6,CUST-01592,sample_request,2024-03-24,Original Ceramic - Clamshell,organic_search,
6cbb1838,CUST-01592,sample_request,2024-04-04,Thin Brick - Weathered White,organic_search,
ae180b20,CUST-01592,purchase,2024-05-13,Glass - Seaglass,organic_search,1535.98
945f7ede,CUST-01592,repeat_purchase,2024-07-31,Thin Brick - Weathered White,organic_search,406.6
ec31a893,CUST-01593,site_visit,2025-02-26,,trade_show,
28a31100,CUST-01593,sample_request,2025-03-14,Glass - Seaglass,trade_show,
58cb259d,CUST-01594,site_visit,2025-08-07,,direct,
a0534e57,CUST-01594,visualizer_use,2025-08-14,Thin Brick - Weathered White,direct,
93435379,CUST-01595,site_visit,2024-02-07,,paid_social,
21f13619,CUST-01595,sample_request,2024-02-14,Thin Brick - Charcoal,paid_social,
f3f58d1f,CUST-01596,site_visit,2025-04-25,,trade_show,
3d0a0890,CUST-01596,sample_request,2025-04-25,Original Ceramic - Sage,trade_show,
5d0e00c8,CUST-01596,project_upload,2025-06-04,,trade_show,
2f2c3b29,CUST-01597,site_visit,2025-06-04,,trade_show,
eb6db58d,CUST-01597,sample_request,2025-06-15,Glass - Champagne,trade_show,
92d9ad2d,CUST-01598,site_visit,2025-02-24,,email_capture,
d1420464,CUST-01599,site_visit,2025-02-07,,showroom_walkin,
45f32280,CUST-01599,sample_request,2025-02-09,Natural Press - Fog,showroom_walkin,
944bafe1,CUST-01599,project_upload,2025-03-05,,showroom_walkin,
3c863ca0,CUST-01599,purchase,2025-03-28,Original Ceramic - Aegean,showroom_walkin,5287.06
a79e449f,CUST-01600,site_visit,2025-06-20,,showroom_walkin,
88e6f036,CUST-01600,sample_request,2025-07-01,Natural Press - Sable,showroom_walkin,
e2d645a4,CUST-01601,site_visit,2025-02-16,,referral,
0dc4f7fc,CUST-01602,site_visit,2024-01-30,,paid_social,
44552848,CUST-01602,visualizer_use,2024-01-30,Thin Brick - Terracotta,paid_social,
a98dbe47,CUST-01602,sample_request,2024-02-03,Original Ceramic - Clamshell,paid_social,
e72d9451,CUST-01602,purchase,2024-02-12,Original Ceramic - Clamshell,paid_social,1523.03
7f31b3e3,CUST-01603,site_visit,2024-10-25,,organic_search,
f804b93d,CUST-01604,site_visit,2024-05-19,,paid_social,
ea5773fd,CUST-01604,visualizer_use,2024-05-21,Original Ceramic - Aegean,paid_social,
b0ca6a27,CUST-01604,sample_request,2024-06-01,Thin Brick - Weathered White,paid_social,
eeb0b456,CUST-01604,sample_request,2024-06-08,Original Ceramic - Aegean,paid_social,
579d1540,CUST-01604,purchase,2024-07-09,Glass - Midnight,paid_social,1010.69
66abafcd,CUST-01605,site_visit,2025-08-29,,paid_social,
29e706a8,CUST-01605,visualizer_use,2025-08-29,Glass - Seaglass,paid_social,
d8ad6b92,CUST-01605,sample_request,2025-09-03,Natural Press - Oatmeal,paid_social,
89d3b386,CUST-01605,purchase,2025-10-10,Natural Press - Oatmeal,paid_social,1139.35
99c84c6f,CUST-01606,site_visit,2024-07-06,,trade_show,
197f152d,CUST-01606,sample_request,2024-07-21,Original Ceramic - Sage,trade_show,
b9a93479,CUST-01607,site_visit,2024-08-11,,organic_search,
262678fb,CUST-01607,sample_request,2024-08-20,Thin Brick - Charcoal,organic_search,
c090b2db,CUST-01607,sample_request,2024-09-01,Glass - Midnight,organic_search,
c83d992e,CUST-01607,purchase,2024-09-28,Natural Press - Fog,organic_search,1024.25
ea50e505,CUST-01608,site_visit,2025-02-18,,organic_search,
b962849b,CUST-01608,visualizer_use,2025-02-25,Glass - Champagne,organic_search,
aa6f2606,CUST-01608,sample_request,2025-02-27,Thin Brick - Charcoal,organic_search,
24c05f25,CUST-01609,site_visit,2025-04-18,,architect_referral,
e0a0a3e5,CUST-01609,visualizer_use,2025-04-22,Natural Press - Sable,architect_referral,
3e1f2f97,CUST-01609,sample_request,2025-04-26,Original Ceramic - Clamshell,architect_referral,
10208dc7,CUST-01609,sample_request,2025-05-15,Glass - Champagne,architect_referral,
849f4c59,CUST-01610,site_visit,2024-09-08,,email_capture,
c077b6f2,CUST-01611,site_visit,2025-08-09,,trade_show,
e0f317c9,CUST-01612,site_visit,2024-06-07,,architect_referral,
d7b69c40,CUST-01613,site_visit,2025-01-25,,trade_show,
22d8048c,CUST-01613,visualizer_use,2025-01-31,Natural Press - Fog,trade_show,
98e77df7,CUST-01613,sample_request,2025-01-26,Natural Press - Oatmeal,trade_show,
53eeb6d6,CUST-01614,site_visit,2024-08-01,,trade_show,
cc6decd0,CUST-01614,visualizer_use,2024-08-05,Original Ceramic - Clamshell,trade_show,
a2caace8,CUST-01614,sample_request,2024-08-12,Glass - Champagne,trade_show,
f5b0b7be,CUST-01615,site_visit,2024-02-03,,organic_search,
b85aa19a,CUST-01616,site_visit,2025-05-12,,paid_social,
9845b1a9,CUST-01616,visualizer_use,2025-05-17,Thin Brick - Charcoal,paid_social,
c5f2358e,CUST-01616,sample_request,2025-05-16,Glass - Champagne,paid_social,
08e22152,CUST-01616,sample_request,2025-05-26,Glass - Midnight,paid_social,
8aaff3c6,CUST-01616,purchase,2025-07-05,Glass - Champagne,paid_social,662.91
f0e768af,CUST-01617,site_visit,2025-01-08,,direct,
47800e46,CUST-01617,visualizer_use,2025-01-13,Thin Brick - Weathered White,direct,
6606948c,CUST-01617,sample_request,2025-01-09,Glass - Champagne,direct,
2f3e9d23,CUST-01618,site_visit,2024-12-12,,paid_social,
e259fbdb,CUST-01619,site_visit,2024-05-19,,showroom_walkin,
531e916a,CUST-01619,visualizer_use,2024-05-25,Thin Brick - Weathered White,showroom_walkin,
4c7f06a3,CUST-01620,site_visit,2024-12-06,,trade_show,
ffe56c52,CUST-01621,site_visit,2025-01-16,,paid_social,
c27b7a18,CUST-01621,visualizer_use,2025-01-23,Original Ceramic - Clamshell,paid_social,
5c697a7c,CUST-01622,site_visit,2025-05-20,,organic_search,
e65115df,CUST-01622,visualizer_use,2025-05-24,Thin Brick - Weathered White,organic_search,
0ef121dc,CUST-01622,sample_request,2025-05-27,Glass - Midnight,organic_search,
d2a4e38b,CUST-01622,purchase,2025-06-30,Thin Brick - Charcoal,organic_search,585.6
43abc24c,CUST-01623,site_visit,2024-08-14,,paid_social,
04b4bdf6,CUST-01623,visualizer_use,2024-08-14,Glass - Seaglass,paid_social,
ac5e18a3,CUST-01623,sample_request,2024-08-27,Original Ceramic - Clamshell,paid_social,
b2eab8ba,CUST-01624,site_visit,2024-04-25,,architect_referral,
21d36ce0,CUST-01625,site_visit,2025-01-07,,referral,
acc1a47d,CUST-01625,sample_request,2025-01-18,Thin Brick - Charcoal,referral,
b1fb4867,CUST-01625,purchase,2025-01-28,Thin Brick - Weathered White,referral,1184.69
13e9ff4f,CUST-01626,site_visit,2024-02-22,,paid_social,
d57c7ba0,CUST-01626,sample_request,2024-02-27,Original Ceramic - Sage,paid_social,
02f3f267,CUST-01626,purchase,2024-04-09,Original Ceramic - Aegean,paid_social,937.2
e1dbd11f,CUST-01627,site_visit,2025-06-20,,referral,
0f311b25,CUST-01627,sample_request,2025-06-22,Original Ceramic - Aegean,referral,
ae8fa997,CUST-01628,site_visit,2024-10-18,,organic_search,
7b81d7db,CUST-01629,site_visit,2024-01-03,,organic_search,
92206a14,CUST-01629,sample_request,2024-01-20,Thin Brick - Weathered White,organic_search,
68bff7cf,CUST-01629,purchase,2024-02-02,Glass - Seaglass,organic_search,1453.77
300856d3,CUST-01630,site_visit,2024-01-09,,architect_referral,
9190629f,CUST-01630,sample_request,2024-01-22,Natural Press - Sable,architect_referral,
4afa59e3,CUST-01631,site_visit,2025-03-28,,trade_show,
645c0bf1,CUST-01631,sample_request,2025-04-15,Original Ceramic - Clamshell,trade_show,
2abf9c26,CUST-01632,site_visit,2024-12-08,,trade_show,
ab51cccf,CUST-01632,visualizer_use,2024-12-12,Original Ceramic - Aegean,trade_show,
5187fe37,CUST-01633,site_visit,2025-01-19,,direct,
7ae5adec,CUST-01633,sample_request,2025-02-05,Original Ceramic - Clamshell,direct,
89d31fbb,CUST-01633,project_upload,2025-03-11,,direct,
76e94ef8,CUST-01633,purchase,2025-03-08,Original Ceramic - Clamshell,direct,15532.4
35b59f2a,CUST-01634,site_visit,2025-01-31,,organic_search,
f4af52bd,CUST-01634,sample_request,2025-02-07,Original Ceramic - Aegean,organic_search,
a4e02b8d,CUST-01635,site_visit,2025-01-15,,architect_referral,
688aad6b,CUST-01635,visualizer_use,2025-01-17,Glass - Seaglass,architect_referral,
8de61527,CUST-01635,sample_request,2025-01-23,Thin Brick - Charcoal,architect_referral,
29a01f80,CUST-01635,purchase,2025-02-25,Original Ceramic - Clamshell,architect_referral,1681.68
a054af84,CUST-01635,repeat_purchase,2025-08-15,Natural Press - Sable,architect_referral,761.67
a89fe21a,CUST-01636,site_visit,2024-06-03,,organic_search,
638a8978,CUST-01636,visualizer_use,2024-06-08,Original Ceramic - Clamshell,organic_search,
2dbac3d1,CUST-01636,sample_request,2024-06-09,Original Ceramic - Sage,organic_search,
4434eb04,CUST-01636,purchase,2024-07-28,Natural Press - Fog,organic_search,430.38
26f616a1,CUST-01637,site_visit,2024-07-11,,organic_search,
8853db6b,CUST-01637,sample_request,2024-07-17,Original Ceramic - Clamshell,organic_search,
d3f7ee9b,CUST-01637,purchase,2024-08-10,Natural Press - Oatmeal,organic_search,580.4
e4fd3f87,CUST-01637,repeat_purchase,2025-04-17,Thin Brick - Weathered White,organic_search,1340.52
375da18c,CUST-01638,site_visit,2024-02-09,,referral,
990c0f78,CUST-01638,sample_request,2024-02-18,Thin Brick - Weathered White,referral,
0dae0f5a,CUST-01638,purchase,2024-03-04,Thin Brick - Terracotta,referral,1062.31
c2e75981,CUST-01639,site_visit,2025-05-30,,referral,
57141c9c,CUST-01639,visualizer_use,2025-05-30,Glass - Seaglass,referral,
5a56475a,CUST-01639,sample_request,2025-06-09,Original Ceramic - Clamshell,referral,
2e70c9aa,CUST-01639,sample_request,2025-07-01,Thin Brick - Weathered White,referral,
7c69a0fd,CUST-01639,project_upload,2025-06-29,,referral,
5a9ba70e,CUST-01639,purchase,2025-07-14,Original Ceramic - Clamshell,referral,7893.12
6c5d9793,CUST-01640,site_visit,2025-02-27,,organic_search,
d81239ab,CUST-01641,site_visit,2024-05-29,,organic_search,
000ba25a,CUST-01641,visualizer_use,2024-05-29,Thin Brick - Charcoal,organic_search,
d908c71f,CUST-01641,sample_request,2024-06-09,Glass - Midnight,organic_search,
9d587bfe,CUST-01641,purchase,2024-06-16,Natural Press - Fog,organic_search,1644.96
2144483a,CUST-01642,site_visit,2025-08-15,,organic_search,
23bb022c,CUST-01642,visualizer_use,2025-08-23,Original Ceramic - Sage,organic_search,
ec454e1d,CUST-01643,site_visit,2024-09-03,,architect_referral,
66a4960f,CUST-01643,sample_request,2024-09-14,Natural Press - Sable,architect_referral,
309cdbc3,CUST-01644,site_visit,2025-08-18,,direct,
6eb6aba8,CUST-01645,site_visit,2024-04-23,,architect_referral,
1db90829,CUST-01645,sample_request,2024-05-02,Glass - Champagne,architect_referral,
517e41c2,CUST-01645,sample_request,2024-05-26,Natural Press - Oatmeal,architect_referral,
86a5cbf6,CUST-01645,purchase,2024-06-03,Thin Brick - Terracotta,architect_referral,1484.57
da4dcfda,CUST-01645,repeat_purchase,2024-10-01,Glass - Midnight,architect_referral,308.47
11a5ad54,CUST-01646,site_visit,2025-04-21,,paid_social,
e782f01c,CUST-01646,sample_request,2025-05-05,Glass - Midnight,paid_social,
41abf086,CUST-01646,sample_request,2025-05-24,Original Ceramic - Aegean,paid_social,
907a00fd,CUST-01647,site_visit,2024-06-22,,showroom_walkin,
7aff1c11,CUST-01647,sample_request,2024-07-09,Natural Press - Fog,showroom_walkin,
74ba59c0,CUST-01647,purchase,2024-08-23,Thin Brick - Terracotta,showroom_walkin,4446.57
913d659a,CUST-01648,site_visit,2025-01-06,,architect_referral,
25ef64ad,CUST-01649,site_visit,2024-09-20,,paid_social,
e634c6ba,CUST-01650,site_visit,2024-07-26,,trade_show,
f1150b7d,CUST-01650,sample_request,2024-08-12,Thin Brick - Charcoal,trade_show,
9794bb62,CUST-01650,purchase,2024-09-30,Glass - Seaglass,trade_show,21686.86
0990e774,CUST-01651,site_visit,2024-03-07,,showroom_walkin,
9ebddc57,CUST-01651,visualizer_use,2024-03-16,Natural Press - Oatmeal,showroom_walkin,
f20bee8f,CUST-01651,sample_request,2024-03-08,Thin Brick - Weathered White,showroom_walkin,
4d67aacf,CUST-01651,purchase,2024-04-19,Glass - Midnight,showroom_walkin,494.14
6235dd74,CUST-01652,site_visit,2024-01-25,,organic_search,
71d4f750,CUST-01652,sample_request,2024-02-09,Original Ceramic - Aegean,organic_search,
016f6878,CUST-01653,site_visit,2025-02-14,,paid_social,
22c22cf4,CUST-01653,sample_request,2025-03-04,Thin Brick - Charcoal,paid_social,
736b48c2,CUST-01653,sample_request,2025-03-10,Natural Press - Fog,paid_social,
fa97480d,CUST-01654,site_visit,2025-08-05,,organic_search,
70d23ec7,CUST-01654,sample_request,2025-08-16,Original Ceramic - Sage,organic_search,
0c78c340,CUST-01655,site_visit,2025-07-08,,organic_search,
aead8b6d,CUST-01656,site_visit,2024-12-07,,organic_search,
dcc70ca1,CUST-01656,purchase,2024-12-23,Original Ceramic - Sage,organic_search,1482.23
c761fe66,CUST-01657,site_visit,2024-04-01,,organic_search,
4001c5aa,CUST-01657,visualizer_use,2024-04-09,Glass - Midnight,organic_search,
11b56e3e,CUST-01657,sample_request,2024-04-02,Natural Press - Fog,organic_search,
f5a9191e,CUST-01658,site_visit,2024-06-24,,paid_social,
a1437bdd,CUST-01658,visualizer_use,2024-07-02,Original Ceramic - Sage,paid_social,
4b4c994f,CUST-01658,sample_request,2024-07-03,Original Ceramic - Clamshell,paid_social,
330e1582,CUST-01658,purchase,2024-08-02,Natural Press - Oatmeal,paid_social,571.11
9e5063df,CUST-01658,repeat_purchase,2025-02-26,Glass - Midnight,paid_social,587.34
8afd12cc,CUST-01659,site_visit,2024-01-09,,paid_social,
83ee49f4,CUST-01660,site_visit,2025-05-21,,email_capture,
40a52b2e,CUST-01661,site_visit,2024-09-10,,organic_search,
e897d81a,CUST-01661,visualizer_use,2024-09-19,Original Ceramic - Clamshell,organic_search,
e10c0ced,CUST-01661,sample_request,2024-09-18,Original Ceramic - Clamshell,organic_search,
c6de693a,CUST-01661,sample_request,2024-10-18,Natural Press - Oatmeal,organic_search,
793bfbff,CUST-01661,purchase,2024-11-08,Glass - Midnight,organic_search,1596.5
00c404b8,CUST-01661,repeat_purchase,2025-06-12,Natural Press - Oatmeal,organic_search,633.56
775f51ed,CUST-01662,site_visit,2025-04-16,,paid_social,
7171c407,CUST-01662,sample_request,2025-05-04,Thin Brick - Charcoal,paid_social,
3eb1817e,CUST-01662,sample_request,2025-06-03,Thin Brick - Terracotta,paid_social,
993372f6,CUST-01662,purchase,2025-05-30,Glass - Midnight,paid_social,604.27
2a056cd2,CUST-01663,site_visit,2024-01-02,,paid_social,
85bdbb2a,CUST-01663,visualizer_use,2024-01-04,Thin Brick - Charcoal,paid_social,
8aaf988d,CUST-01663,sample_request,2024-01-08,Glass - Midnight,paid_social,
be9402d9,CUST-01664,site_visit,2024-11-02,,direct,
d4e45476,CUST-01665,site_visit,2024-12-08,,organic_search,
0937ea20,CUST-01665,visualizer_use,2024-12-11,Natural Press - Fog,organic_search,
48129303,CUST-01665,sample_request,2024-12-21,Glass - Seaglass,organic_search,
c270b8f5,CUST-01665,sample_request,2025-01-02,Thin Brick - Weathered White,organic_search,
0e7df336,CUST-01665,purchase,2025-01-28,Original Ceramic - Sage,organic_search,1571.15
b490755a,CUST-01666,site_visit,2024-02-20,,referral,
3377192d,CUST-01666,visualizer_use,2024-02-23,Natural Press - Fog,referral,
1dd38705,CUST-01666,sample_request,2024-02-25,Thin Brick - Charcoal,referral,
82f990ba,CUST-01666,sample_request,2024-03-06,Original Ceramic - Clamshell,referral,
91777c52,CUST-01666,project_upload,2024-03-09,,referral,
8de0d29f,CUST-01666,purchase,2024-04-10,Natural Press - Sable,referral,10230.95
fcd1d402,CUST-01667,site_visit,2024-07-20,,organic_search,
2606d1c7,CUST-01667,sample_request,2024-07-22,Natural Press - Fog,organic_search,
5422c383,CUST-01668,site_visit,2024-06-23,,paid_social,
119601e7,CUST-01668,visualizer_use,2024-06-24,Thin Brick - Weathered White,paid_social,
3a93deae,CUST-01669,site_visit,2025-05-30,,trade_show,
df1c03d0,CUST-01669,sample_request,2025-06-11,Thin Brick - Weathered White,trade_show,
e98852a1,CUST-01669,sample_request,2025-06-21,Glass - Seaglass,trade_show,
c186da7c,CUST-01669,purchase,2025-06-18,Original Ceramic - Clamshell,trade_show,1668.07
822ec9d8,CUST-01670,site_visit,2025-06-02,,referral,
e88441b0,CUST-01670,sample_request,2025-06-21,Natural Press - Sable,referral,
bf35e225,CUST-01670,sample_request,2025-07-01,Thin Brick - Weathered White,referral,
c225c1f6,CUST-01670,purchase,2025-08-09,Thin Brick - Charcoal,referral,939.82
6ea470e0,CUST-01671,site_visit,2024-11-16,,showroom_walkin,
186e2abf,CUST-01671,visualizer_use,2024-11-19,Original Ceramic - Aegean,showroom_walkin,
58ec8f10,CUST-01671,sample_request,2024-11-19,Natural Press - Oatmeal,showroom_walkin,
83d32168,CUST-01672,site_visit,2024-01-13,,email_capture,
07e36f0e,CUST-01672,visualizer_use,2024-01-19,Glass - Midnight,email_capture,
687e2380,CUST-01672,sample_request,2024-01-24,Natural Press - Oatmeal,email_capture,
5c39ebba,CUST-01672,purchase,2024-03-24,Natural Press - Sable,email_capture,1754.54
2e272bd5,CUST-01673,site_visit,2024-07-21,,trade_show,
c5edc2ea,CUST-01674,site_visit,2024-03-17,,direct,
ff8b01e1,CUST-01674,visualizer_use,2024-03-20,Natural Press - Oatmeal,direct,
0e40f885,CUST-01674,sample_request,2024-03-30,Natural Press - Fog,direct,
21e41b06,CUST-01675,site_visit,2025-04-18,,referral,
d01b6564,CUST-01676,site_visit,2025-03-20,,organic_search,
6b44de07,CUST-01676,visualizer_use,2025-03-28,Original Ceramic - Clamshell,organic_search,
63a10cdd,CUST-01676,sample_request,2025-03-29,Thin Brick - Weathered White,organic_search,
fd8b7260,CUST-01676,sample_request,2025-04-24,Thin Brick - Charcoal,organic_search,
a6989116,CUST-01676,purchase,2025-05-28,Thin Brick - Charcoal,organic_search,1043.19
73476a68,CUST-01677,site_visit,2024-08-25,,organic_search,
1d07b472,CUST-01677,sample_request,2024-09-01,Original Ceramic - Sage,organic_search,
8d8f9ac1,CUST-01678,site_visit,2024-02-28,,showroom_walkin,
a1921543,CUST-01678,sample_request,2024-03-16,Glass - Champagne,showroom_walkin,
8ccfd75a,CUST-01679,site_visit,2025-01-21,,paid_social,
94953fcb,CUST-01679,sample_request,2025-01-31,Thin Brick - Weathered White,paid_social,
6e4d0962,CUST-01680,site_visit,2024-12-06,,paid_social,
4a38bc18,CUST-01680,sample_request,2024-12-17,Natural Press - Sable,paid_social,
e7e0992a,CUST-01680,purchase,2025-02-09,Original Ceramic - Sage,paid_social,1385.6
5ccb66c8,CUST-01681,site_visit,2025-03-15,,architect_referral,
c14f4f74,CUST-01681,visualizer_use,2025-03-18,Glass - Midnight,architect_referral,
8c4031f5,CUST-01682,site_visit,2025-05-29,,trade_show,
4087f2bc,CUST-01682,sample_request,2025-06-02,Glass - Champagne,trade_show,
f3e03d60,CUST-01683,site_visit,2025-03-29,,trade_show,
aa14a953,CUST-01683,sample_request,2025-04-13,Natural Press - Oatmeal,trade_show,
3dbb3f71,CUST-01684,site_visit,2024-09-03,,organic_search,
a8f17181,CUST-01684,purchase,2024-09-25,Glass - Champagne,organic_search,1539.65
f0dd5ef6,CUST-01685,site_visit,2024-04-04,,paid_social,
2a77fdd9,CUST-01685,sample_request,2024-04-06,Glass - Midnight,paid_social,
ba37e0b9,CUST-01685,purchase,2024-05-23,Glass - Champagne,paid_social,1170.21
4e4464f9,CUST-01686,site_visit,2025-05-04,,referral,
0e22ffda,CUST-01686,visualizer_use,2025-05-11,Natural Press - Sable,referral,
1c6d326a,CUST-01686,sample_request,2025-05-08,Natural Press - Sable,referral,
5506e91b,CUST-01686,purchase,2025-05-17,Natural Press - Sable,referral,1526.71
55845f9d,CUST-01687,site_visit,2024-11-06,,trade_show,
27f8e204,CUST-01688,site_visit,2024-03-28,,organic_search,
a523f437,CUST-01689,site_visit,2025-04-09,,architect_referral,
3ec6e2d8,CUST-01689,visualizer_use,2025-04-16,Glass - Midnight,architect_referral,
aa17a4de,CUST-01689,sample_request,2025-04-12,Natural Press - Oatmeal,architect_referral,
ac8c29df,CUST-01689,purchase,2025-05-18,Original Ceramic - Clamshell,architect_referral,1300.51
66703662,CUST-01690,site_visit,2025-05-28,,paid_social,
c77b8838,CUST-01691,site_visit,2024-02-01,,direct,
f565122e,CUST-01691,sample_request,2024-02-21,Original Ceramic - Sage,direct,
f851e97a,CUST-01691,purchase,2024-03-11,Original Ceramic - Sage,direct,1670.04
4e24bf11,CUST-01692,site_visit,2024-10-12,,organic_search,
fceda12e,CUST-01692,sample_request,2024-10-12,Glass - Seaglass,organic_search,
f7f11a8c,CUST-01692,sample_request,2024-10-31,Original Ceramic - Aegean,organic_search,
64f45810,CUST-01692,purchase,2024-10-22,Thin Brick - Charcoal,organic_search,1434.43
c578d3fc,CUST-01693,site_visit,2024-12-20,,showroom_walkin,
2ccd2682,CUST-01693,visualizer_use,2024-12-24,Original Ceramic - Aegean,showroom_walkin,
d9feb8d4,CUST-01693,sample_request,2024-12-29,Thin Brick - Terracotta,showroom_walkin,
23a29b04,CUST-01694,site_visit,2024-05-18,,direct,
e2dd5cc7,CUST-01694,sample_request,2024-05-26,Original Ceramic - Aegean,direct,
a55aac5f,CUST-01695,site_visit,2025-05-18,,paid_social,
c1dd763f,CUST-01695,visualizer_use,2025-05-22,Glass - Champagne,paid_social,
00da85da,CUST-01695,sample_request,2025-05-26,Original Ceramic - Sage,paid_social,
652f105f,CUST-01695,sample_request,2025-06-13,Original Ceramic - Clamshell,paid_social,
1a3773b2,CUST-01696,site_visit,2025-07-15,,organic_search,
7b81bc68,CUST-01697,site_visit,2024-02-18,,paid_social,
88853f00,CUST-01697,visualizer_use,2024-02-24,Thin Brick - Charcoal,paid_social,
2db0ff94,CUST-01697,sample_request,2024-02-27,Thin Brick - Weathered White,paid_social,
f0639e42,CUST-01697,purchase,2024-04-25,Original Ceramic - Aegean,paid_social,1535.22
8799af50,CUST-01697,repeat_purchase,2025-01-14,Glass - Champagne,paid_social,1548.66
819beafd,CUST-01698,site_visit,2025-05-27,,trade_show,
b02fab49,CUST-01698,sample_request,2025-05-30,Thin Brick - Charcoal,trade_show,
95a7334d,CUST-01699,site_visit,2025-01-15,,paid_social,
403c060a,CUST-01699,sample_request,2025-01-15,Natural Press - Oatmeal,paid_social,
695a6916,CUST-01699,purchase,2025-03-16,Glass - Seaglass,paid_social,616.38
314b826f,CUST-01700,site_visit,2025-01-24,,showroom_walkin,
b694bce6,CUST-01700,sample_request,2025-01-24,Thin Brick - Charcoal,showroom_walkin,
75504e3f,CUST-01700,project_upload,2025-02-15,,showroom_walkin,
f176e370,CUST-01700,purchase,2025-02-08,Thin Brick - Charcoal,showroom_walkin,6401.56
4543e6fe,CUST-01701,site_visit,2024-09-07,,email_capture,
e487e2f3,CUST-01701,sample_request,2024-09-20,Original Ceramic - Sage,email_capture,
33e321d9,CUST-01702,site_visit,2025-06-30,,showroom_walkin,
4aaa409f,CUST-01702,sample_request,2025-07-04,Glass - Seaglass,showroom_walkin,
3236243f,CUST-01702,purchase,2025-07-17,Thin Brick - Weathered White,showroom_walkin,777.6
4c30ac49,CUST-01703,site_visit,2025-01-14,,paid_social,
c32ebaab,CUST-01704,site_visit,2024-01-31,,showroom_walkin,
aadc6833,CUST-01704,sample_request,2024-02-18,Thin Brick - Charcoal,showroom_walkin,
ae3520ad,CUST-01704,sample_request,2024-02-29,Natural Press - Fog,showroom_walkin,
bf8047a6,CUST-01704,purchase,2024-04-15,Original Ceramic - Clamshell,showroom_walkin,1551.42
512110c7,CUST-01705,site_visit,2024-10-07,,organic_search,
b0210b12,CUST-01705,visualizer_use,2024-10-07,Original Ceramic - Aegean,organic_search,
cb8df0df,CUST-01705,sample_request,2024-10-14,Thin Brick - Weathered White,organic_search,
ead1e295,CUST-01705,sample_request,2024-10-28,Glass - Champagne,organic_search,
585bab92,CUST-01705,purchase,2024-12-07,Natural Press - Fog,organic_search,1340.23
e3eeaf01,CUST-01706,site_visit,2025-07-29,,architect_referral,
fe1b6f26,CUST-01706,sample_request,2025-08-12,Original Ceramic - Clamshell,architect_referral,
1e0fd77c,CUST-01707,site_visit,2025-08-10,,paid_social,
d6fea06c,CUST-01707,visualizer_use,2025-08-10,Glass - Midnight,paid_social,
67c869d4,CUST-01707,sample_request,2025-08-17,Original Ceramic - Clamshell,paid_social,
bf8b0c03,CUST-01708,site_visit,2024-02-28,,showroom_walkin,
236df040,CUST-01709,site_visit,2025-06-27,,trade_show,
48568589,CUST-01709,visualizer_use,2025-06-30,Glass - Seaglass,trade_show,
98ce9a46,CUST-01709,sample_request,2025-07-11,Glass - Midnight,trade_show,
4e114bdf,CUST-01709,sample_request,2025-07-24,Natural Press - Fog,trade_show,
b964d413,CUST-01710,site_visit,2025-04-12,,referral,
8ba70750,CUST-01711,site_visit,2025-03-25,,architect_referral,
081f79cf,CUST-01711,visualizer_use,2025-03-28,Glass - Seaglass,architect_referral,
1c010639,CUST-01712,site_visit,2024-02-01,,referral,
dd44e769,CUST-01712,sample_request,2024-02-03,Original Ceramic - Sage,referral,
a3a3a3f0,CUST-01713,site_visit,2024-12-12,,showroom_walkin,
aa8125db,CUST-01713,sample_request,2024-12-25,Glass - Midnight,showroom_walkin,
18a1b0c1,CUST-01713,sample_request,2025-01-05,Natural Press - Fog,showroom_walkin,
e8ae0dbf,CUST-01714,site_visit,2024-07-17,,direct,
66a03603,CUST-01714,sample_request,2024-07-28,Original Ceramic - Sage,direct,
4f0ba3b8,CUST-01714,sample_request,2024-08-16,Original Ceramic - Clamshell,direct,
0d1ecfb4,CUST-01714,purchase,2024-08-16,Thin Brick - Charcoal,direct,1651.65
7f530f54,CUST-01715,site_visit,2024-12-17,,architect_referral,
a96f3ee2,CUST-01715,visualizer_use,2024-12-17,Natural Press - Fog,architect_referral,
5808ed2e,CUST-01715,sample_request,2024-12-26,Thin Brick - Weathered White,architect_referral,
e6319edb,CUST-01715,sample_request,2024-12-31,Thin Brick - Charcoal,architect_referral,
da2f8a6a,CUST-01716,site_visit,2024-08-21,,trade_show,
3c096168,CUST-01716,sample_request,2024-08-26,Thin Brick - Charcoal,trade_show,
7ad227a0,CUST-01717,site_visit,2024-03-01,,organic_search,
ba2c9606,CUST-01717,purchase,2024-04-14,Natural Press - Sable,organic_search,1583.38
6f6f11bb,CUST-01718,site_visit,2024-05-14,,architect_referral,
6b455a8b,CUST-01718,sample_request,2024-05-28,Natural Press - Fog,architect_referral,
15085cd5,CUST-01718,purchase,2024-06-14,Glass - Champagne,architect_referral,675.26
85485d55,CUST-01719,site_visit,2024-10-13,,organic_search,
6fc4cbee,CUST-01719,sample_request,2024-10-24,Glass - Champagne,organic_search,
3a1bdc78,CUST-01720,site_visit,2024-12-09,,organic_search,
d9f80a91,CUST-01720,visualizer_use,2024-12-18,Natural Press - Sable,organic_search,
cbfaf6cb,CUST-01720,sample_request,2024-12-12,Glass - Midnight,organic_search,
af5dfed1,CUST-01720,sample_request,2025-01-03,Original Ceramic - Sage,organic_search,
637332d5,CUST-01720,purchase,2025-02-01,Natural Press - Sable,organic_search,588.07
cd6b3796,CUST-01721,site_visit,2024-09-22,,trade_show,
75c456bc,CUST-01722,site_visit,2025-01-21,,direct,
cff24945,CUST-01723,site_visit,2025-01-03,,direct,
8eb33092,CUST-01723,visualizer_use,2025-01-13,Glass - Seaglass,direct,
8975c85d,CUST-01723,sample_request,2025-01-06,Glass - Seaglass,direct,
62f7c8cb,CUST-01723,sample_request,2025-01-18,Thin Brick - Charcoal,direct,
ae028a7e,CUST-01723,purchase,2025-02-16,Natural Press - Fog,direct,1255.61
0b206dea,CUST-01723,repeat_purchase,2025-05-27,Natural Press - Oatmeal,direct,662.36
1e32e8ee,CUST-01724,site_visit,2024-12-30,,trade_show,
6cad1057,CUST-01724,sample_request,2024-12-30,Natural Press - Sable,trade_show,
d8a4c405,CUST-01725,site_visit,2025-08-16,,trade_show,
29124d02,CUST-01725,visualizer_use,2025-08-18,Glass - Midnight,trade_show,
23a99432,CUST-01726,site_visit,2025-02-02,,organic_search,
72ac2018,CUST-01726,visualizer_use,2025-02-07,Glass - Midnight,organic_search,
35bc901c,CUST-01726,sample_request,2025-02-16,Thin Brick - Weathered White,organic_search,
07290119,CUST-01726,purchase,2025-03-14,Glass - Seaglass,organic_search,654.28
1838a66b,CUST-01727,site_visit,2025-05-17,,direct,
e018e42f,CUST-01727,visualizer_use,2025-05-21,Original Ceramic - Sage,direct,
ec07bc2d,CUST-01727,sample_request,2025-05-21,Thin Brick - Charcoal,direct,
9c3cffc8,CUST-01727,sample_request,2025-06-11,Natural Press - Fog,direct,
671d3282,CUST-01727,purchase,2025-07-01,Thin Brick - Charcoal,direct,773.75
1aeebeec,CUST-01728,site_visit,2025-05-25,,organic_search,
a8e7d10e,CUST-01728,sample_request,2025-06-08,Original Ceramic - Aegean,organic_search,
f0bbb23a,CUST-01728,project_upload,2025-07-15,,organic_search,
133e9847,CUST-01729,site_visit,2025-01-25,,trade_show,
0d93017e,CUST-01730,site_visit,2024-11-28,,architect_referral,
5ff7ac5a,CUST-01730,sample_request,2024-12-06,Original Ceramic - Clamshell,architect_referral,
bb1dc1de,CUST-01730,project_upload,2024-12-19,,architect_referral,
278ed03f,CUST-01730,purchase,2025-01-08,Natural Press - Sable,architect_referral,7132.31
63608d9e,CUST-01731,site_visit,2024-06-12,,architect_referral,
f5c5d4e4,CUST-01731,purchase,2024-08-03,Glass - Champagne,architect_referral,8699.88
37ddaf35,CUST-01732,site_visit,2024-09-29,,paid_social,
27b27da1,CUST-01732,visualizer_use,2024-10-05,Glass - Champagne,paid_social,
e2afa072,CUST-01732,sample_request,2024-10-03,Thin Brick - Weathered White,paid_social,
d2674369,CUST-01733,site_visit,2025-04-05,,architect_referral,
5bf4f9fa,CUST-01733,sample_request,2025-04-09,Original Ceramic - Aegean,architect_referral,
b4fb2da0,CUST-01734,site_visit,2024-03-04,,paid_social,
8ac731db,CUST-01734,sample_request,2024-03-08,Glass - Midnight,paid_social,
372d8089,CUST-01734,sample_request,2024-03-13,Glass - Seaglass,paid_social,
3446f0ea,CUST-01734,purchase,2024-04-28,Thin Brick - Terracotta,paid_social,1175.61
50fc33c6,CUST-01735,site_visit,2025-06-22,,showroom_walkin,
6c542913,CUST-01735,visualizer_use,2025-06-28,Glass - Seaglass,showroom_walkin,
bf094b47,CUST-01735,sample_request,2025-06-23,Natural Press - Oatmeal,showroom_walkin,
3f132697,CUST-01735,sample_request,2025-06-29,Natural Press - Oatmeal,showroom_walkin,
11e34302,CUST-01735,purchase,2025-08-13,Thin Brick - Weathered White,showroom_walkin,665.89
59e5746c,CUST-01736,site_visit,2025-06-04,,organic_search,
0c52e2af,CUST-01736,sample_request,2025-06-15,Original Ceramic - Clamshell,organic_search,
bbf3c693,CUST-01736,purchase,2025-06-26,Glass - Seaglass,organic_search,787.07
ca88683b,CUST-01737,site_visit,2025-04-08,,paid_social,
845ae089,CUST-01737,visualizer_use,2025-04-11,Natural Press - Fog,paid_social,
b7c7a700,CUST-01737,sample_request,2025-04-15,Glass - Seaglass,paid_social,
f16ca45d,CUST-01738,site_visit,2025-07-04,,showroom_walkin,
819b1d25,CUST-01739,site_visit,2024-04-23,,architect_referral,
91472c65,CUST-01739,purchase,2024-05-12,Thin Brick - Charcoal,architect_referral,950.67
79dac292,CUST-01740,site_visit,2025-08-27,,trade_show,
abfcaf49,CUST-01741,site_visit,2024-11-16,,trade_show,
9976b914,CUST-01741,visualizer_use,2024-11-18,Original Ceramic - Sage,trade_show,
7f11fb22,CUST-01741,sample_request,2024-11-29,Natural Press - Fog,trade_show,
8f607ec6,CUST-01742,site_visit,2024-10-04,,email_capture,
d4b281c3,CUST-01743,site_visit,2024-02-07,,showroom_walkin,
8fb37b3d,CUST-01743,visualizer_use,2024-02-15,Original Ceramic - Sage,showroom_walkin,
bed908e1,CUST-01743,purchase,2024-02-17,Natural Press - Fog,showroom_walkin,1300.49
18a3b60e,CUST-01744,site_visit,2024-06-12,,organic_search,
e453c678,CUST-01744,sample_request,2024-06-23,Original Ceramic - Aegean,organic_search,
4eda1218,CUST-01744,sample_request,2024-07-05,Original Ceramic - Clamshell,organic_search,
2fce3a2c,CUST-01744,purchase,2024-08-06,Thin Brick - Weathered White,organic_search,1295.51
e8658580,CUST-01744,repeat_purchase,2024-12-13,Natural Press - Oatmeal,organic_search,305.08
3a006669,CUST-01745,site_visit,2025-07-24,,organic_search,
339b3866,CUST-01745,visualizer_use,2025-07-31,Glass - Midnight,organic_search,
46074d43,CUST-01745,sample_request,2025-07-28,Glass - Midnight,organic_search,
fea74457,CUST-01745,purchase,2025-08-12,Glass - Midnight,organic_search,1021.34
2f6dc282,CUST-01746,site_visit,2024-07-03,,email_capture,
2da8ca52,CUST-01746,visualizer_use,2024-07-12,Thin Brick - Terracotta,email_capture,
1a4c11a7,CUST-01747,site_visit,2024-03-01,,organic_search,
7fed1f59,CUST-01747,sample_request,2024-03-16,Thin Brick - Weathered White,organic_search,
da5c26a5,CUST-01748,site_visit,2025-08-01,,organic_search,
75a1efee,CUST-01748,sample_request,2025-08-20,Original Ceramic - Sage,organic_search,
93a13407,CUST-01749,site_visit,2024-03-30,,paid_social,
a2ca1db8,CUST-01749,purchase,2024-05-21,Thin Brick - Charcoal,paid_social,948.23
3acc1e64,CUST-01749,repeat_purchase,2024-07-20,Natural Press - Sable,paid_social,1232.28
d79c5b11,CUST-01750,site_visit,2024-06-13,,organic_search,
8e82f133,CUST-01751,site_visit,2024-06-02,,referral,
d53e5d8f,CUST-01751,visualizer_use,2024-06-09,Glass - Champagne,referral,
48a2b55b,CUST-01751,sample_request,2024-06-13,Glass - Champagne,referral,
fa9293d8,CUST-01751,purchase,2024-07-20,Thin Brick - Weathered White,referral,548.99
cb8781ae,CUST-01752,site_visit,2024-03-02,,organic_search,
6c30c4b0,CUST-01753,site_visit,2025-01-13,,referral,
5be378a1,CUST-01753,visualizer_use,2025-01-17,Natural Press - Sable,referral,
73d1acb7,CUST-01754,site_visit,2025-02-27,,showroom_walkin,
39e43ab3,CUST-01754,sample_request,2025-03-02,Glass - Midnight,showroom_walkin,
ea260c99,CUST-01755,site_visit,2025-05-26,,architect_referral,
68e9a5b4,CUST-01755,purchase,2025-07-22,Natural Press - Oatmeal,architect_referral,24300.92
5b623791,CUST-01756,site_visit,2024-09-19,,organic_search,
d0e3075c,CUST-01756,visualizer_use,2024-09-23,Natural Press - Fog,organic_search,
77086510,CUST-01756,sample_request,2024-09-29,Thin Brick - Charcoal,organic_search,
a1e2cef3,CUST-01756,purchase,2024-11-06,Original Ceramic - Aegean,organic_search,955.1
cadfa329,CUST-01757,site_visit,2025-05-13,,organic_search,
e1ba6446,CUST-01757,visualizer_use,2025-05-23,Original Ceramic - Clamshell,organic_search,
f5f33aea,CUST-01757,sample_request,2025-05-24,Natural Press - Oatmeal,organic_search,
6b19c715,CUST-01757,purchase,2025-07-15,Thin Brick - Charcoal,organic_search,1784.95
a06297b1,CUST-01758,site_visit,2025-08-28,,direct,
48947cf2,CUST-01758,visualizer_use,2025-09-07,Natural Press - Sable,direct,
2fc40254,CUST-01758,sample_request,2025-09-04,Glass - Midnight,direct,
19c3a3af,CUST-01758,purchase,2025-09-20,Glass - Seaglass,direct,834.99
a63bafeb,CUST-01759,site_visit,2024-01-05,,email_capture,
36347f6f,CUST-01759,sample_request,2024-01-05,Glass - Champagne,email_capture,
502e665d,CUST-01760,site_visit,2024-05-29,,referral,
37f87159,CUST-01760,visualizer_use,2024-06-01,Thin Brick - Charcoal,referral,
e4094a77,CUST-01761,site_visit,2025-04-29,,architect_referral,
961ba9e9,CUST-01761,sample_request,2025-05-07,Glass - Seaglass,architect_referral,
0c04e21c,CUST-01761,sample_request,2025-05-21,Thin Brick - Weathered White,architect_referral,
39b90056,CUST-01761,purchase,2025-06-07,Original Ceramic - Aegean,architect_referral,521.71
bac319e6,CUST-01762,site_visit,2025-06-16,,trade_show,
4e3341ec,CUST-01762,sample_request,2025-06-24,Original Ceramic - Aegean,trade_show,
45befa1b,CUST-01763,site_visit,2025-03-13,,organic_search,
a4a1af31,CUST-01763,visualizer_use,2025-03-21,Glass - Champagne,organic_search,
7c250534,CUST-01763,sample_request,2025-03-24,Natural Press - Oatmeal,organic_search,
819a302a,CUST-01763,purchase,2025-05-07,Natural Press - Sable,organic_search,1437.68
c37a12df,CUST-01764,site_visit,2025-05-20,,referral,
58021183,CUST-01764,sample_request,2025-06-01,Natural Press - Oatmeal,referral,
2dfb6764,CUST-01764,sample_request,2025-06-06,Thin Brick - Charcoal,referral,
e029baca,CUST-01764,project_upload,2025-06-29,,referral,
c69d5ac2,CUST-01765,site_visit,2024-03-09,,referral,
ec15cdfd,CUST-01766,site_visit,2024-12-22,,organic_search,
167c8e35,CUST-01767,site_visit,2024-01-08,,architect_referral,
5a9bab95,CUST-01767,visualizer_use,2024-01-15,Glass - Seaglass,architect_referral,
fdd3e5de,CUST-01767,sample_request,2024-01-22,Natural Press - Oatmeal,architect_referral,
d472a40c,CUST-01767,sample_request,2024-02-05,Glass - Champagne,architect_referral,
44b49c63,CUST-01767,purchase,2024-02-11,Glass - Champagne,architect_referral,1497.82
2f77bf1d,CUST-01768,site_visit,2024-02-29,,organic_search,
ec036713,CUST-01768,purchase,2024-04-15,Thin Brick - Terracotta,organic_search,732.38
419a5e9b,CUST-01769,site_visit,2025-08-04,,referral,
a85e145a,CUST-01769,visualizer_use,2025-08-09,Thin Brick - Weathered White,referral,
aeea8914,CUST-01770,site_visit,2024-05-22,,showroom_walkin,
a7f6d1f9,CUST-01770,purchase,2024-06-05,Glass - Midnight,showroom_walkin,538.22
32a39380,CUST-01770,repeat_purchase,2025-03-23,Original Ceramic - Clamshell,showroom_walkin,1268.65
6d1a9d73,CUST-01771,site_visit,2024-03-26,,organic_search,
b5862eb6,CUST-01772,site_visit,2024-01-08,,email_capture,
9bf32fc4,CUST-01772,sample_request,2024-01-15,Original Ceramic - Aegean,email_capture,
e3ccc2f8,CUST-01772,purchase,2024-03-05,Natural Press - Fog,email_capture,1529.69
296c8dfb,CUST-01772,repeat_purchase,2024-10-23,Natural Press - Oatmeal,email_capture,315.5
213e1b4f,CUST-01773,site_visit,2024-12-16,,organic_search,
153e57bb,CUST-01773,visualizer_use,2024-12-24,Natural Press - Sable,organic_search,
97e4c17a,CUST-01773,sample_request,2024-12-24,Glass - Midnight,organic_search,
36386c70,CUST-01773,purchase,2025-02-08,Thin Brick - Terracotta,organic_search,1088.99
25f0f355,CUST-01774,site_visit,2025-06-06,,showroom_walkin,
917ff95e,CUST-01775,site_visit,2025-08-01,,showroom_walkin,
e20dfb83,CUST-01775,visualizer_use,2025-08-02,Original Ceramic - Clamshell,showroom_walkin,
573e225b,CUST-01775,sample_request,2025-08-05,Natural Press - Sable,showroom_walkin,
bd1c732f,CUST-01775,purchase,2025-08-16,Thin Brick - Weathered White,showroom_walkin,1640.11
c9e141e5,CUST-01776,site_visit,2024-10-06,,showroom_walkin,
e5276908,CUST-01776,visualizer_use,2024-10-11,Glass - Midnight,showroom_walkin,
d2edd775,CUST-01776,sample_request,2024-10-15,Glass - Champagne,showroom_walkin,
e8d8f71f,CUST-01776,purchase,2024-12-11,Original Ceramic - Aegean,showroom_walkin,1510.43
2ad64a17,CUST-01776,repeat_purchase,2025-07-21,Thin Brick - Charcoal,showroom_walkin,687.09
4b78824b,CUST-01777,site_visit,2024-05-03,,showroom_walkin,
b9f6e6a4,CUST-01777,visualizer_use,2024-05-08,Thin Brick - Terracotta,showroom_walkin,
9845def1,CUST-01777,sample_request,2024-05-16,Thin Brick - Terracotta,showroom_walkin,
257685d2,CUST-01778,site_visit,2024-02-09,,organic_search,
698ea2b8,CUST-01778,sample_request,2024-02-23,Original Ceramic - Aegean,organic_search,
c61edc91,CUST-01778,sample_request,2024-02-28,Natural Press - Sable,organic_search,
76241659,CUST-01778,purchase,2024-03-23,Natural Press - Sable,organic_search,1740.15
c1108655,CUST-01779,site_visit,2024-06-01,,organic_search,
6f1d40ee,CUST-01779,sample_request,2024-06-18,Glass - Midnight,organic_search,
d1b38cd1,CUST-01779,purchase,2024-07-24,Thin Brick - Weathered White,organic_search,1740.24
110ba144,CUST-01780,site_visit,2024-01-17,,direct,
f0fcbe4b,CUST-01780,sample_request,2024-01-30,Natural Press - Oatmeal,direct,
ff1f87ba,CUST-01780,sample_request,2024-02-16,Natural Press - Sable,direct,
c24812d4,CUST-01780,purchase,2024-02-23,Glass - Midnight,direct,589.44
7be436cc,CUST-01781,site_visit,2024-09-02,,showroom_walkin,
bc489839,CUST-01781,visualizer_use,2024-09-05,Natural Press - Oatmeal,showroom_walkin,
82cd65f6,CUST-01782,site_visit,2024-07-18,,trade_show,
06342114,CUST-01782,sample_request,2024-07-28,Original Ceramic - Clamshell,trade_show,
e02184d9,CUST-01783,site_visit,2024-10-09,,organic_search,
589fc1e3,CUST-01783,sample_request,2024-10-17,Natural Press - Sable,organic_search,
d8923906,CUST-01783,sample_request,2024-11-01,Natural Press - Sable,organic_search,
f1ceefc6,CUST-01784,site_visit,2024-03-23,,organic_search,
4f96300a,CUST-01784,sample_request,2024-04-03,Original Ceramic - Sage,organic_search,
39334be8,CUST-01784,purchase,2024-05-28,Thin Brick - Weathered White,organic_search,1087.57
91339b6b,CUST-01785,site_visit,2024-07-28,,paid_social,
602e67e4,CUST-01786,site_visit,2024-03-03,,direct,
b327fd33,CUST-01786,visualizer_use,2024-03-11,Natural Press - Oatmeal,direct,
d00764b2,CUST-01787,site_visit,2025-04-21,,paid_social,
1f000122,CUST-01787,sample_request,2025-04-29,Glass - Seaglass,paid_social,
8af27f12,CUST-01787,sample_request,2025-05-19,Glass - Champagne,paid_social,
8cba2bf4,CUST-01787,purchase,2025-06-27,Original Ceramic - Clamshell,paid_social,1769.87
9c29b064,CUST-01788,site_visit,2024-01-14,,trade_show,
76bd4150,CUST-01788,sample_request,2024-01-28,Natural Press - Sable,trade_show,
f2baffce,CUST-01788,purchase,2024-03-06,Thin Brick - Terracotta,trade_show,16425.77
040f17ba,CUST-01788,repeat_purchase,2024-05-24,Natural Press - Sable,trade_show,17260.98
2ac55bd5,CUST-01789,site_visit,2024-04-20,,organic_search,
f0887453,CUST-01789,visualizer_use,2024-04-24,Original Ceramic - Aegean,organic_search,
cb08b30c,CUST-01789,sample_request,2024-04-28,Original Ceramic - Clamshell,organic_search,
a72634b7,CUST-01790,site_visit,2024-03-02,,email_capture,
1aa62d2c,CUST-01790,visualizer_use,2024-03-07,Original Ceramic - Aegean,email_capture,
453d04e8,CUST-01791,site_visit,2025-06-01,,email_capture,
eedf7646,CUST-01791,visualizer_use,2025-06-05,Original Ceramic - Clamshell,email_capture,
c45bb28b,CUST-01791,sample_request,2025-06-02,Thin Brick - Charcoal,email_capture,
0405d6be,CUST-01791,sample_request,2025-06-29,Glass - Champagne,email_capture,
b0ec458e,CUST-01792,site_visit,2024-11-25,,paid_social,
c795d634,CUST-01792,sample_request,2024-12-10,Thin Brick - Terracotta,paid_social,
a22a73eb,CUST-01792,purchase,2025-01-06,Thin Brick - Weathered White,paid_social,1098.48
c3af21c8,CUST-01793,site_visit,2024-01-17,,paid_social,
3e6560f1,CUST-01794,site_visit,2024-08-23,,architect_referral,
6a629883,CUST-01794,visualizer_use,2024-08-25,Glass - Champagne,architect_referral,
b85198f0,CUST-01794,sample_request,2024-09-01,Thin Brick - Charcoal,architect_referral,
9a3fa782,CUST-01795,site_visit,2025-02-06,,paid_social,
474f9755,CUST-01795,visualizer_use,2025-02-14,Natural Press - Sable,paid_social,
a3322fce,CUST-01795,sample_request,2025-02-09,Thin Brick - Charcoal,paid_social,
62c6dad2,CUST-01796,site_visit,2024-10-27,,showroom_walkin,
d6e53d30,CUST-01796,sample_request,2024-11-10,Thin Brick - Terracotta,showroom_walkin,
b3e95c0d,CUST-01797,site_visit,2025-05-12,,direct,
ce7ff901,CUST-01797,sample_request,2025-05-17,Original Ceramic - Clamshell,direct,
126a6f6a,CUST-01798,site_visit,2025-05-18,,organic_search,
c062f2e4,CUST-01798,sample_request,2025-05-26,Thin Brick - Weathered White,organic_search,
ee6b2c43,CUST-01798,sample_request,2025-06-05,Natural Press - Oatmeal,organic_search,
9970cf59,CUST-01799,site_visit,2024-02-24,,direct,
ec4a668d,CUST-01799,sample_request,2024-03-03,Original Ceramic - Sage,direct,
603aa6f7,CUST-01799,purchase,2024-04-05,Natural Press - Fog,direct,1189.92
87e4c805,CUST-01800,site_visit,2025-05-08,,email_capture,
8feefb89,CUST-01800,visualizer_use,2025-05-14,Thin Brick - Terracotta,email_capture,
1f5d2ed6,CUST-01800,sample_request,2025-05-13,Original Ceramic - Aegean,email_capture,
f91982e2,CUST-01800,purchase,2025-06-05,Original Ceramic - Sage,email_capture,1639.2
d4a74695,CUST-01801,site_visit,2024-12-23,,showroom_walkin,
ee8318de,CUST-01801,visualizer_use,2025-01-01,Original Ceramic - Sage,showroom_walkin,
74fb693b,CUST-01801,sample_request,2025-01-05,Glass - Seaglass,showroom_walkin,
2a795bb8,CUST-01802,site_visit,2025-06-25,,organic_search,
b6f32271,CUST-01802,visualizer_use,2025-06-25,Thin Brick - Charcoal,organic_search,
bd9c9a5c,CUST-01802,sample_request,2025-06-29,Original Ceramic - Sage,organic_search,
b1322d1b,CUST-01803,site_visit,2024-09-03,,organic_search,
8eae88ee,CUST-01803,sample_request,2024-09-17,Glass - Seaglass,organic_search,
eee9b5a6,CUST-01804,site_visit,2024-09-13,,direct,
0e5cb365,CUST-01804,visualizer_use,2024-09-22,Natural Press - Oatmeal,direct,
4a29ceac,CUST-01804,sample_request,2024-09-19,Natural Press - Oatmeal,direct,
8d54f18d,CUST-01805,site_visit,2025-01-08,,organic_search,
83205abb,CUST-01805,sample_request,2025-01-12,Glass - Seaglass,organic_search,
0d943247,CUST-01805,project_upload,2025-01-25,,organic_search,
b0447a82,CUST-01805,purchase,2025-02-15,Glass - Seaglass,organic_search,5941.04
829d0ac3,CUST-01805,repeat_purchase,2025-06-20,Glass - Midnight,organic_search,13828.43
1d31e1d7,CUST-01806,site_visit,2024-09-12,,trade_show,
8701911c,CUST-01806,visualizer_use,2024-09-14,Thin Brick - Charcoal,trade_show,
e9caa796,CUST-01806,sample_request,2024-09-16,Thin Brick - Terracotta,trade_show,
cddec586,CUST-01807,site_visit,2025-07-26,,referral,
9d2c7c2c,CUST-01807,sample_request,2025-08-14,Natural Press - Fog,referral,
a82fc29e,CUST-01808,site_visit,2024-10-09,,architect_referral,
54816f4d,CUST-01808,purchase,2024-12-07,Original Ceramic - Aegean,architect_referral,1217.85
af71b0fa,CUST-01809,site_visit,2024-12-04,,referral,
b5c27521,CUST-01809,sample_request,2024-12-15,Original Ceramic - Aegean,referral,
99cbf3a6,CUST-01810,site_visit,2024-12-17,,paid_social,
aeb9853f,CUST-01811,site_visit,2025-05-22,,organic_search,
e36af513,CUST-01811,sample_request,2025-06-06,Thin Brick - Weathered White,organic_search,
146af02c,CUST-01812,site_visit,2025-05-29,,showroom_walkin,
1a0078e4,CUST-01812,sample_request,2025-05-31,Natural Press - Fog,showroom_walkin,
9add4e36,CUST-01813,site_visit,2025-01-08,,showroom_walkin,
54b029a4,CUST-01813,sample_request,2025-01-09,Thin Brick - Weathered White,showroom_walkin,
057b4891,CUST-01813,sample_request,2025-01-22,Glass - Seaglass,showroom_walkin,
3a26d5ce,CUST-01813,purchase,2025-02-06,Natural Press - Fog,showroom_walkin,1196.14
2883b3b9,CUST-01814,site_visit,2024-07-11,,referral,
a3128a69,CUST-01814,visualizer_use,2024-07-20,Glass - Seaglass,referral,
f2715890,CUST-01814,sample_request,2024-07-14,Original Ceramic - Sage,referral,
fb700c74,CUST-01814,sample_request,2024-08-06,Glass - Midnight,referral,
dd63b1fb,CUST-01815,site_visit,2025-05-12,,referral,
f8a282d8,CUST-01815,sample_request,2025-05-18,Original Ceramic - Sage,referral,
d3007d96,CUST-01815,sample_request,2025-05-28,Glass - Midnight,referral,
5c6d35d9,CUST-01815,purchase,2025-06-10,Glass - Seaglass,referral,1392.07
a667ffd7,CUST-01816,site_visit,2024-09-13,,organic_search,
ea69ae78,CUST-01816,purchase,2024-10-21,Original Ceramic - Sage,organic_search,946.63
de3678e4,CUST-01817,site_visit,2024-01-18,,email_capture,
acb83f1d,CUST-01817,sample_request,2024-01-18,Glass - Seaglass,email_capture,
e3d0d2ca,CUST-01817,sample_request,2024-02-15,Natural Press - Fog,email_capture,
67690c1d,CUST-01817,purchase,2024-02-17,Thin Brick - Terracotta,email_capture,948.23
2c1b8987,CUST-01818,site_visit,2024-01-09,,organic_search,
db45b9cd,CUST-01818,sample_request,2024-01-25,Original Ceramic - Clamshell,organic_search,
285c0d71,CUST-01818,purchase,2024-03-19,Original Ceramic - Clamshell,organic_search,1511.32
de4d9155,CUST-01819,site_visit,2024-06-03,,paid_social,
4056bb16,CUST-01820,site_visit,2025-02-26,,showroom_walkin,
f9ed3dcd,CUST-01820,sample_request,2025-03-01,Original Ceramic - Sage,showroom_walkin,
c7548e3f,CUST-01820,purchase,2025-04-27,Natural Press - Oatmeal,showroom_walkin,1244.05
ad9ad193,CUST-01821,site_visit,2025-05-06,,trade_show,
bb8dec9a,CUST-01821,visualizer_use,2025-05-14,Natural Press - Sable,trade_show,
a695584d,CUST-01821,sample_request,2025-05-10,Natural Press - Oatmeal,trade_show,
71e2d263,CUST-01821,sample_request,2025-05-20,Thin Brick - Charcoal,trade_show,
1443a826,CUST-01821,purchase,2025-06-03,Original Ceramic - Aegean,trade_show,1783.04
35e56b70,CUST-01822,site_visit,2024-07-24,,organic_search,
390e968f,CUST-01822,sample_request,2024-08-07,Original Ceramic - Sage,organic_search,
711caeca,CUST-01823,site_visit,2025-04-12,,referral,
04117374,CUST-01824,site_visit,2024-06-12,,showroom_walkin,
718fda34,CUST-01824,visualizer_use,2024-06-13,Natural Press - Fog,showroom_walkin,
79fe955d,CUST-01824,sample_request,2024-06-22,Glass - Midnight,showroom_walkin,
4693d797,CUST-01824,purchase,2024-08-14,Natural Press - Fog,showroom_walkin,518.86
80ca4fc6,CUST-01824,repeat_purchase,2025-05-31,Original Ceramic - Clamshell,showroom_walkin,1593.66
367361a0,CUST-01825,site_visit,2025-08-04,,trade_show,
3c49575d,CUST-01825,sample_request,2025-08-12,Thin Brick - Terracotta,trade_show,
0fe63d19,CUST-01826,site_visit,2025-07-09,,paid_social,
9d4b3633,CUST-01827,site_visit,2025-01-11,,organic_search,
2d515550,CUST-01827,sample_request,2025-01-31,Thin Brick - Terracotta,organic_search,
cede7d9d,CUST-01828,site_visit,2024-03-30,,direct,
5432a588,CUST-01828,visualizer_use,2024-04-02,Glass - Seaglass,direct,
af77573f,CUST-01828,sample_request,2024-04-08,Glass - Midnight,direct,
41e1f76a,CUST-01828,purchase,2024-04-23,Natural Press - Oatmeal,direct,440.69
e1b1b7ee,CUST-01829,site_visit,2025-08-14,,referral,
be9ed70e,CUST-01830,site_visit,2025-01-19,,organic_search,
a90665a0,CUST-01830,sample_request,2025-02-09,Natural Press - Fog,organic_search,
48f2f757,CUST-01830,purchase,2025-03-14,Original Ceramic - Aegean,organic_search,1084.77
f930c321,CUST-01831,site_visit,2024-01-06,,organic_search,
af005743,CUST-01831,sample_request,2024-01-13,Thin Brick - Terracotta,organic_search,
9af346d6,CUST-01832,site_visit,2024-05-19,,email_capture,
5bbf8ea2,CUST-01832,visualizer_use,2024-05-26,Glass - Champagne,email_capture,
dd0e118f,CUST-01833,site_visit,2024-10-27,,organic_search,
566dda3e,CUST-01833,visualizer_use,2024-10-27,Original Ceramic - Sage,organic_search,
6c35a540,CUST-01834,site_visit,2024-09-20,,email_capture,
ce7e47c1,CUST-01834,sample_request,2024-10-02,Thin Brick - Weathered White,email_capture,
fa1cc531,CUST-01835,site_visit,2025-01-22,,email_capture,
0de372c5,CUST-01835,sample_request,2025-02-12,Glass - Champagne,email_capture,
67ed24a6,CUST-01835,purchase,2025-02-23,Thin Brick - Weathered White,email_capture,544.99
8da004d5,CUST-01836,site_visit,2024-07-04,,paid_social,
346c0dce,CUST-01836,sample_request,2024-07-08,Natural Press - Oatmeal,paid_social,
26a87b3a,CUST-01837,site_visit,2025-06-20,,architect_referral,
6af1bbff,CUST-01837,purchase,2025-07-10,Glass - Midnight,architect_referral,1189.85
66563ffa,CUST-01838,site_visit,2025-06-06,,referral,
bf6cea8f,CUST-01839,site_visit,2025-01-26,,organic_search,
d269f260,CUST-01839,visualizer_use,2025-01-27,Glass - Champagne,organic_search,
891e5881,CUST-01839,sample_request,2025-01-30,Natural Press - Oatmeal,organic_search,
e46e2b9e,CUST-01839,purchase,2025-02-09,Glass - Midnight,organic_search,877.57
1daf6396,CUST-01839,repeat_purchase,2025-05-14,Thin Brick - Charcoal,organic_search,1583.8
974b99a9,CUST-01840,site_visit,2024-08-21,,architect_referral,
0f3d811c,CUST-01840,sample_request,2024-09-01,Glass - Champagne,architect_referral,
ce23d734,CUST-01840,sample_request,2024-09-06,Natural Press - Oatmeal,architect_referral,
209c9fcd,CUST-01840,purchase,2024-10-02,Glass - Champagne,architect_referral,1013.07
54080960,CUST-01841,site_visit,2024-11-27,,organic_search,
7d628cdf,CUST-01841,sample_request,2024-12-05,Thin Brick - Terracotta,organic_search,
495753ca,CUST-01841,sample_request,2024-12-17,Glass - Midnight,organic_search,
9a9752ed,CUST-01841,purchase,2024-12-23,Thin Brick - Terracotta,organic_search,897.62
051a51dd,CUST-01842,site_visit,2024-11-26,,organic_search,
f7cf7843,CUST-01842,visualizer_use,2024-11-27,Glass - Champagne,organic_search,
918086ca,CUST-01842,sample_request,2024-11-28,Original Ceramic - Sage,organic_search,
513deff2,CUST-01843,site_visit,2024-10-20,,paid_social,
d98b7966,CUST-01844,site_visit,2025-05-31,,trade_show,
cbf09f1a,CUST-01845,site_visit,2024-12-18,,referral,
df54cf65,CUST-01845,visualizer_use,2024-12-22,Thin Brick - Weathered White,referral,
d2288ebc,CUST-01846,site_visit,2024-12-11,,paid_social,
68b6c2f5,CUST-01846,sample_request,2024-12-31,Natural Press - Oatmeal,paid_social,
b7474338,CUST-01847,site_visit,2025-02-03,,referral,
3bd05517,CUST-01848,site_visit,2024-08-08,,direct,
9875f0b3,CUST-01849,site_visit,2024-04-08,,referral,
b7eb0df8,CUST-01849,visualizer_use,2024-04-17,Natural Press - Sable,referral,
5e7ea92f,CUST-01849,sample_request,2024-04-21,Thin Brick - Terracotta,referral,
181ce5fb,CUST-01849,purchase,2024-06-15,Glass - Seaglass,referral,1376.09
7c484404,CUST-01850,site_visit,2024-10-08,,paid_social,
e3f3b055,CUST-01850,sample_request,2024-10-15,Original Ceramic - Sage,paid_social,
67449461,CUST-01850,purchase,2024-11-05,Original Ceramic - Clamshell,paid_social,439.19
f3cab505,CUST-01851,site_visit,2025-04-02,,organic_search,
eec1c34a,CUST-01851,sample_request,2025-04-06,Original Ceramic - Sage,organic_search,
1c5dbe0f,CUST-01851,project_upload,2025-04-29,,organic_search,
02e0a322,CUST-01851,purchase,2025-05-07,Thin Brick - Charcoal,organic_search,9153.7
b2ffaada,CUST-01852,site_visit,2024-08-03,,trade_show,
c67d0379,CUST-01852,sample_request,2024-08-24,Natural Press - Oatmeal,trade_show,
9958e4e3,CUST-01852,project_upload,2024-09-20,,trade_show,
bb103c2b,CUST-01852,purchase,2024-09-25,Original Ceramic - Clamshell,trade_show,25225.25
1750d266,CUST-01853,site_visit,2025-06-11,,referral,
dca1ad55,CUST-01853,visualizer_use,2025-06-14,Natural Press - Sable,referral,
2db0e6e7,CUST-01854,site_visit,2024-04-07,,organic_search,
8e7e446f,CUST-01855,site_visit,2024-03-15,,paid_social,
23cc064a,CUST-01855,purchase,2024-04-27,Original Ceramic - Sage,paid_social,892.79
e54253da,CUST-01856,site_visit,2024-03-02,,architect_referral,
8f6190f3,CUST-01856,sample_request,2024-03-21,Thin Brick - Charcoal,architect_referral,
8b5b17fc,CUST-01856,purchase,2024-05-19,Original Ceramic - Clamshell,architect_referral,1406.68
c51bc5fc,CUST-01857,site_visit,2024-10-21,,showroom_walkin,
48b48c18,CUST-01857,sample_request,2024-10-22,Original Ceramic - Clamshell,showroom_walkin,
e3b3d833,CUST-01858,site_visit,2025-04-16,,direct,
3f9b3df6,CUST-01858,visualizer_use,2025-04-24,Natural Press - Fog,direct,
41c9f5b6,CUST-01858,sample_request,2025-04-20,Thin Brick - Charcoal,direct,
115a3f4b,CUST-01859,site_visit,2024-08-15,,paid_social,
8b3b93f6,CUST-01859,sample_request,2024-08-17,Original Ceramic - Clamshell,paid_social,
3e81842e,CUST-01859,purchase,2024-10-11,Original Ceramic - Clamshell,paid_social,1461.81
568f7ea8,CUST-01860,site_visit,2024-07-04,,organic_search,
dc177c2c,CUST-01860,visualizer_use,2024-07-06,Glass - Seaglass,organic_search,
fa7eb9b3,CUST-01860,sample_request,2024-07-07,Natural Press - Fog,organic_search,
22f174f0,CUST-01861,site_visit,2024-10-29,,paid_social,
f269adce,CUST-01861,visualizer_use,2024-10-31,Glass - Midnight,paid_social,
79041df3,CUST-01861,sample_request,2024-11-05,Original Ceramic - Clamshell,paid_social,
2cb6e5dc,CUST-01861,sample_request,2024-11-19,Natural Press - Sable,paid_social,
b5d03125,CUST-01861,purchase,2024-12-25,Glass - Midnight,paid_social,1575.7
517d3b2b,CUST-01861,repeat_purchase,2025-07-22,Original Ceramic - Clamshell,paid_social,1069.43
a5c5fb03,CUST-01862,site_visit,2025-06-21,,referral,
0d6a3ec7,CUST-01862,sample_request,2025-07-04,Thin Brick - Charcoal,referral,
71c116c0,CUST-01862,purchase,2025-08-31,Original Ceramic - Aegean,referral,428.5
d4a73a66,CUST-01863,site_visit,2024-01-29,,referral,
4ed5a9c0,CUST-01863,visualizer_use,2024-02-07,Original Ceramic - Aegean,referral,
694ba8d4,CUST-01863,sample_request,2024-02-03,Natural Press - Sable,referral,
5f905d22,CUST-01864,site_visit,2024-07-24,,organic_search,
84fad5b4,CUST-01865,site_visit,2025-03-29,,email_capture,
af65b7dc,CUST-01865,sample_request,2025-04-01,Original Ceramic - Clamshell,email_capture,
8d6683b7,CUST-01865,sample_request,2025-04-19,Glass - Champagne,email_capture,
c623a382,CUST-01865,purchase,2025-05-10,Natural Press - Fog,email_capture,1295.17
8b1e7b57,CUST-01866,site_visit,2024-08-09,,organic_search,
4344ff02,CUST-01867,site_visit,2025-03-16,,organic_search,
5e96d303,CUST-01867,sample_request,2025-03-28,Glass - Midnight,organic_search,
66e257b4,CUST-01867,sample_request,2025-04-22,Glass - Champagne,organic_search,
8004e686,CUST-01867,purchase,2025-04-25,Glass - Seaglass,organic_search,741.75
c488406a,CUST-01868,site_visit,2024-01-12,,referral,
c7a916d2,CUST-01868,visualizer_use,2024-01-18,Original Ceramic - Aegean,referral,
18a5f664,CUST-01868,sample_request,2024-01-21,Natural Press - Fog,referral,
99dfb1ef,CUST-01868,purchase,2024-02-12,Original Ceramic - Aegean,referral,806.39
7118fe24,CUST-01869,site_visit,2024-12-02,,referral,
53414cd2,CUST-01869,sample_request,2024-12-20,Thin Brick - Weathered White,referral,
732d81e4,CUST-01869,sample_request,2024-12-27,Thin Brick - Weathered White,referral,
1e48711f,CUST-01869,purchase,2025-02-17,Natural Press - Fog,referral,1508.6
bbf7c932,CUST-01869,repeat_purchase,2025-07-25,Original Ceramic - Aegean,referral,422.32
34335fb5,CUST-01870,site_visit,2024-12-17,,referral,
ee09f0ee,CUST-01870,sample_request,2025-01-07,Glass - Midnight,referral,
3933b10b,CUST-01870,project_upload,2025-01-23,,referral,
1b486470,CUST-01870,purchase,2025-01-20,Glass - Champagne,referral,23568.66
0c175323,CUST-01871,site_visit,2025-08-13,,referral,
04377ec8,CUST-01871,visualizer_use,2025-08-14,Original Ceramic - Sage,referral,
35682cd0,CUST-01871,sample_request,2025-08-22,Natural Press - Fog,referral,
a8963990,CUST-01871,purchase,2025-09-05,Glass - Seaglass,referral,1717.24
ca2d0979,CUST-01872,site_visit,2024-04-30,,trade_show,
374455cd,CUST-01872,sample_request,2024-05-20,Glass - Champagne,trade_show,
96607df8,CUST-01873,site_visit,2024-10-11,,showroom_walkin,
3886b91c,CUST-01873,purchase,2024-12-09,Thin Brick - Weathered White,showroom_walkin,572.56
3f787299,CUST-01874,site_visit,2024-01-05,,paid_social,
2a4810b8,CUST-01874,visualizer_use,2024-01-08,Original Ceramic - Sage,paid_social,
22f93e21,CUST-01874,sample_request,2024-01-12,Natural Press - Sable,paid_social,
4db88898,CUST-01875,site_visit,2025-05-30,,showroom_walkin,
192236b3,CUST-01875,visualizer_use,2025-06-08,Thin Brick - Terracotta,showroom_walkin,
7fc9f8c3,CUST-01875,sample_request,2025-06-13,Thin Brick - Terracotta,showroom_walkin,
b3fedbd6,CUST-01876,site_visit,2024-11-25,,paid_social,
a44e84bf,CUST-01877,site_visit,2025-05-10,,showroom_walkin,
42541cc3,CUST-01878,site_visit,2024-05-03,,referral,
e8fe3747,CUST-01879,site_visit,2024-06-10,,email_capture,
af47cc5f,CUST-01879,sample_request,2024-06-22,Glass - Midnight,email_capture,
89d76073,CUST-01879,purchase,2024-07-06,Glass - Midnight,email_capture,1786.86
16a909d9,CUST-01880,site_visit,2024-10-29,,direct,
3ad54162,CUST-01880,visualizer_use,2024-11-02,Natural Press - Oatmeal,direct,
1a92cb7a,CUST-01880,sample_request,2024-11-09,Original Ceramic - Sage,direct,
838c0eff,CUST-01880,purchase,2024-11-26,Glass - Midnight,direct,1587.46
86a757b7,CUST-01881,site_visit,2024-08-25,,email_capture,
43caa36a,CUST-01881,sample_request,2024-08-26,Natural Press - Sable,email_capture,
e87e9ad5,CUST-01881,purchase,2024-10-13,Natural Press - Oatmeal,email_capture,462.72
604d4bc7,CUST-01882,site_visit,2025-02-06,,direct,
f6c8fbc7,CUST-01882,visualizer_use,2025-02-08,Original Ceramic - Clamshell,direct,
3e8009f3,CUST-01882,sample_request,2025-02-17,Original Ceramic - Aegean,direct,
50724a7c,CUST-01882,purchase,2025-03-16,Original Ceramic - Aegean,direct,801.08
e6f71912,CUST-01883,site_visit,2024-12-08,,trade_show,
76bd87a1,CUST-01883,sample_request,2024-12-24,Original Ceramic - Aegean,trade_show,
3633e64c,CUST-01883,sample_request,2025-01-05,Glass - Seaglass,trade_show,
c9290224,CUST-01883,purchase,2025-02-04,Thin Brick - Charcoal,trade_show,20221.55
d665f50f,CUST-01883,repeat_purchase,2025-07-09,Original Ceramic - Sage,trade_show,4227.57
06309dbf,CUST-01884,site_visit,2024-12-22,,email_capture,
1a00517f,CUST-01884,sample_request,2025-01-03,Glass - Champagne,email_capture,
efea58f1,CUST-01884,sample_request,2025-01-12,Natural Press - Oatmeal,email_capture,
0eacfa92,CUST-01884,purchase,2025-02-22,Thin Brick - Terracotta,email_capture,1221.35
c335e591,CUST-01885,site_visit,2025-02-12,,trade_show,
31352288,CUST-01885,sample_request,2025-02-14,Glass - Midnight,trade_show,
db5d4451,CUST-01885,purchase,2025-03-16,Thin Brick - Weathered White,trade_show,505.78
3290b34e,CUST-01885,repeat_purchase,2025-08-08,Original Ceramic - Clamshell,trade_show,583.24
b5214df1,CUST-01886,site_visit,2024-09-14,,architect_referral,
4b66ba39,CUST-01886,sample_request,2024-09-20,Natural Press - Sable,architect_referral,
c5ba306b,CUST-01886,sample_request,2024-10-07,Original Ceramic - Sage,architect_referral,
c4432b46,CUST-01886,purchase,2024-11-10,Glass - Seaglass,architect_referral,1526.35
e45ea419,CUST-01887,site_visit,2024-04-07,,showroom_walkin,
c8cad22a,CUST-01887,sample_request,2024-04-24,Natural Press - Sable,showroom_walkin,
6b8f366b,CUST-01888,site_visit,2024-05-02,,trade_show,
28708d41,CUST-01888,visualizer_use,2024-05-02,Natural Press - Fog,trade_show,
7f171fd0,CUST-01888,sample_request,2024-05-15,Thin Brick - Weathered White,trade_show,
1cee75ac,CUST-01889,site_visit,2024-01-26,,showroom_walkin,
abfd6d46,CUST-01889,sample_request,2024-02-02,Natural Press - Fog,showroom_walkin,
f3634e98,CUST-01889,purchase,2024-03-31,Original Ceramic - Aegean,showroom_walkin,1227.83
e271391e,CUST-01890,site_visit,2025-08-05,,showroom_walkin,
7d2ca548,CUST-01891,site_visit,2024-09-21,,architect_referral,
b18a12e8,CUST-01892,site_visit,2024-09-26,,architect_referral,
f52e1f22,CUST-01892,visualizer_use,2024-10-05,Original Ceramic - Clamshell,architect_referral,
f9ed6af1,CUST-01892,sample_request,2024-09-30,Original Ceramic - Sage,architect_referral,
f6964d17,CUST-01892,sample_request,2024-10-18,Thin Brick - Charcoal,architect_referral,
38bc6223,CUST-01892,purchase,2024-11-21,Original Ceramic - Sage,architect_referral,1662.11
4cf3e2aa,CUST-01893,site_visit,2024-01-24,,organic_search,
882a8b3c,CUST-01893,sample_request,2024-02-05,Natural Press - Sable,organic_search,
53eb9555,CUST-01894,site_visit,2024-05-13,,referral,
e10f4862,CUST-01895,site_visit,2024-07-09,,organic_search,
de4778d1,CUST-01896,site_visit,2025-05-31,,paid_social,
b20cd4dc,CUST-01896,sample_request,2025-06-07,Natural Press - Fog,paid_social,
11f45cef,CUST-01896,sample_request,2025-06-16,Thin Brick - Charcoal,paid_social,
036def15,CUST-01896,purchase,2025-07-16,Thin Brick - Weathered White,paid_social,1142.56
a825b8f4,CUST-01897,site_visit,2024-07-01,,referral,
3a7c7aaa,CUST-01897,sample_request,2024-07-08,Glass - Seaglass,referral,
a9ca58fd,CUST-01897,sample_request,2024-07-23,Natural Press - Oatmeal,referral,
4b2d48a6,CUST-01898,site_visit,2024-12-18,,architect_referral,
11ecf32e,CUST-01898,sample_request,2024-12-22,Glass - Champagne,architect_referral,
cee170f9,CUST-01899,site_visit,2024-05-16,,email_capture,
251ed120,CUST-01899,sample_request,2024-05-19,Thin Brick - Charcoal,email_capture,
3e00bb03,CUST-01899,sample_request,2024-06-16,Natural Press - Oatmeal,email_capture,
06a9d502,CUST-01899,purchase,2024-06-10,Original Ceramic - Sage,email_capture,1430.34
a56eaf54,CUST-01900,site_visit,2024-02-21,,referral,
084de511,CUST-01900,sample_request,2024-02-22,Thin Brick - Terracotta,referral,
cc2456fa,CUST-01900,purchase,2024-04-04,Natural Press - Sable,referral,722.65
3fd5cf8c,CUST-01901,site_visit,2025-04-02,,trade_show,
f8a0e44d,CUST-01901,visualizer_use,2025-04-07,Natural Press - Oatmeal,trade_show,
6c468b24,CUST-01901,sample_request,2025-04-12,Original Ceramic - Clamshell,trade_show,
2fedde38,CUST-01902,site_visit,2024-06-17,,paid_social,
c2e42cd9,CUST-01902,visualizer_use,2024-06-21,Glass - Champagne,paid_social,
26375c88,CUST-01902,sample_request,2024-06-18,Natural Press - Oatmeal,paid_social,
bdd5d120,CUST-01902,sample_request,2024-07-05,Thin Brick - Terracotta,paid_social,
411e343b,CUST-01903,site_visit,2024-01-17,,direct,
8c9a5f39,CUST-01903,sample_request,2024-02-07,Glass - Champagne,direct,
8e757f1a,CUST-01903,purchase,2024-03-09,Thin Brick - Terracotta,direct,1206.72
16895cfc,CUST-01904,site_visit,2024-06-02,,referral,
9aa1ae50,CUST-01904,sample_request,2024-06-11,Glass - Seaglass,referral,
2f70fcb9,CUST-01905,site_visit,2025-02-28,,paid_social,
7bdf984f,CUST-01905,sample_request,2025-03-18,Original Ceramic - Clamshell,paid_social,
d9cddc3e,CUST-01905,purchase,2025-04-22,Thin Brick - Charcoal,paid_social,642.08
d65eb704,CUST-01905,repeat_purchase,2025-08-31,Glass - Midnight,paid_social,898.81
c790d783,CUST-01906,site_visit,2024-07-20,,paid_social,
bb46e701,CUST-01906,sample_request,2024-08-08,Glass - Midnight,paid_social,
fe19d8a6,CUST-01907,site_visit,2024-05-06,,organic_search,
1919e143,CUST-01907,sample_request,2024-05-07,Glass - Seaglass,organic_search,
aaca433b,CUST-01908,site_visit,2025-02-11,,organic_search,
722f595b,CUST-01908,sample_request,2025-02-16,Natural Press - Sable,organic_search,
6245ae49,CUST-01909,site_visit,2024-05-11,,showroom_walkin,
e722daaa,CUST-01909,sample_request,2024-05-29,Glass - Midnight,showroom_walkin,
ad7c2b2f,CUST-01909,sample_request,2024-06-09,Natural Press - Sable,showroom_walkin,
8d0a046b,CUST-01909,purchase,2024-06-20,Glass - Seaglass,showroom_walkin,858.57
58b3f041,CUST-01910,site_visit,2024-05-13,,email_capture,
dedcc780,CUST-01910,visualizer_use,2024-05-23,Original Ceramic - Sage,email_capture,
6d5c3583,CUST-01910,sample_request,2024-05-25,Thin Brick - Charcoal,email_capture,
5e63944e,CUST-01910,sample_request,2024-06-14,Glass - Midnight,email_capture,
23f3266c,CUST-01910,purchase,2024-07-14,Glass - Champagne,email_capture,1278.85
8653c3b2,CUST-01910,repeat_purchase,2025-02-28,Thin Brick - Weathered White,email_capture,1588.67
5c5e801c,CUST-01911,site_visit,2025-05-24,,email_capture,
e68999be,CUST-01911,visualizer_use,2025-05-30,Glass - Seaglass,email_capture,
a73ccef7,CUST-01911,sample_request,2025-06-06,Natural Press - Oatmeal,email_capture,
20f40941,CUST-01911,sample_request,2025-06-22,Natural Press - Oatmeal,email_capture,
307d5d83,CUST-01911,project_upload,2025-07-13,,email_capture,
bd87f59f,CUST-01911,purchase,2025-07-03,Thin Brick - Terracotta,email_capture,14862.05
9622ae8c,CUST-01912,site_visit,2025-05-26,,architect_referral,
d3bcd7c4,CUST-01913,site_visit,2024-03-31,,showroom_walkin,
afa84728,CUST-01913,sample_request,2024-04-18,Glass - Seaglass,showroom_walkin,
090c4476,CUST-01913,purchase,2024-05-14,Thin Brick - Weathered White,showroom_walkin,757.93
35c87ba8,CUST-01914,site_visit,2025-02-14,,trade_show,
8ee74842,CUST-01914,sample_request,2025-03-07,Original Ceramic - Sage,trade_show,
4e61c7e2,CUST-01915,site_visit,2025-05-28,,architect_referral,
d2445729,CUST-01916,site_visit,2025-05-09,,email_capture,
d7264b1c,CUST-01916,sample_request,2025-05-10,Natural Press - Fog,email_capture,
48a47807,CUST-01917,site_visit,2024-04-08,,trade_show,
1933a6ae,CUST-01917,visualizer_use,2024-04-18,Original Ceramic - Clamshell,trade_show,
08e08bcd,CUST-01917,sample_request,2024-04-12,Thin Brick - Terracotta,trade_show,
059beb5f,CUST-01917,sample_request,2024-05-03,Thin Brick - Weathered White,trade_show,
d0c0778a,CUST-01917,purchase,2024-06-10,Original Ceramic - Aegean,trade_show,766.55
e207f212,CUST-01918,site_visit,2025-05-08,,paid_social,
dbefe4e0,CUST-01918,visualizer_use,2025-05-18,Thin Brick - Charcoal,paid_social,
9264dfc2,CUST-01918,sample_request,2025-05-20,Thin Brick - Weathered White,paid_social,
1d30cb6f,CUST-01918,sample_request,2025-06-07,Thin Brick - Charcoal,paid_social,
fcfd8f86,CUST-01919,site_visit,2025-01-05,,showroom_walkin,
de9178b4,CUST-01919,sample_request,2025-01-05,Thin Brick - Charcoal,showroom_walkin,
931f2fe7,CUST-01920,site_visit,2025-03-25,,organic_search,
854b18a6,CUST-01920,sample_request,2025-04-07,Natural Press - Sable,organic_search,
44ebc86e,CUST-01920,purchase,2025-05-31,Glass - Seaglass,organic_search,1098.37
ca4a12bf,CUST-01921,site_visit,2025-07-17,,paid_social,
6a0ab111,CUST-01922,site_visit,2025-07-09,,showroom_walkin,
489ab5bf,CUST-01922,sample_request,2025-07-30,Glass - Seaglass,showroom_walkin,
ea779526,CUST-01922,purchase,2025-09-02,Natural Press - Oatmeal,showroom_walkin,511.13
0062904b,CUST-01923,site_visit,2024-10-29,,direct,
3e67c40e,CUST-01923,sample_request,2024-11-16,Glass - Seaglass,direct,
fe3bed92,CUST-01924,site_visit,2024-06-23,,direct,
20d8933b,CUST-01924,sample_request,2024-07-13,Glass - Midnight,direct,
3cd36914,CUST-01924,sample_request,2024-07-23,Original Ceramic - Sage,direct,
f4f83043,CUST-01924,purchase,2024-07-20,Thin Brick - Charcoal,direct,847.29
2b75369b,CUST-01925,site_visit,2025-03-13,,trade_show,
bec629a3,CUST-01925,sample_request,2025-03-31,Glass - Champagne,trade_show,
e384d65a,CUST-01925,purchase,2025-05-25,Thin Brick - Terracotta,trade_show,9293.33
86c8b273,CUST-01926,site_visit,2024-11-02,,referral,
a605b7cb,CUST-01926,sample_request,2024-11-05,Thin Brick - Charcoal,referral,
51144aac,CUST-01926,sample_request,2024-12-05,Thin Brick - Terracotta,referral,
1aaa4958,CUST-01926,purchase,2024-12-06,Glass - Seaglass,referral,490.33
960c36af,CUST-01927,site_visit,2024-08-30,,paid_social,
88641f7b,CUST-01927,sample_request,2024-09-01,Thin Brick - Weathered White,paid_social,
435d99a6,CUST-01928,site_visit,2024-08-14,,direct,
9415012f,CUST-01928,sample_request,2024-08-14,Natural Press - Fog,direct,
cad2c78c,CUST-01928,sample_request,2024-08-31,Natural Press - Fog,direct,
27bd162e,CUST-01928,purchase,2024-09-08,Thin Brick - Terracotta,direct,445.38
026b5702,CUST-01928,repeat_purchase,2025-07-01,Glass - Seaglass,direct,540.38
f304ed50,CUST-01929,site_visit,2024-08-27,,referral,
0b1886b1,CUST-01930,site_visit,2025-08-22,,email_capture,
95462d44,CUST-01930,sample_request,2025-09-03,Original Ceramic - Aegean,email_capture,
71df2086,CUST-01930,purchase,2025-10-10,Glass - Champagne,email_capture,1105.95
da077fcf,CUST-01931,site_visit,2025-04-25,,referral,
135cdbfa,CUST-01931,sample_request,2025-04-25,Thin Brick - Weathered White,referral,
e0547003,CUST-01932,site_visit,2024-10-26,,organic_search,
d821041f,CUST-01933,site_visit,2024-03-24,,organic_search,
6fd07e15,CUST-01933,sample_request,2024-04-02,Glass - Seaglass,organic_search,
94de0f6d,CUST-01933,project_upload,2024-04-23,,organic_search,
ff6049fa,CUST-01933,purchase,2024-04-22,Thin Brick - Terracotta,organic_search,16100.48
cf857e18,CUST-01933,repeat_purchase,2024-12-01,Original Ceramic - Sage,organic_search,7546.31
1ac08130,CUST-01934,site_visit,2025-07-20,,direct,
a5087bed,CUST-01935,site_visit,2025-01-08,,architect_referral,
cbe65167,CUST-01936,site_visit,2024-01-25,,paid_social,
653145a5,CUST-01936,sample_request,2024-01-29,Glass - Champagne,paid_social,
0332d566,CUST-01936,sample_request,2024-02-17,Original Ceramic - Aegean,paid_social,
d55e8712,CUST-01937,site_visit,2025-08-05,,showroom_walkin,
c7459b4a,CUST-01937,visualizer_use,2025-08-12,Original Ceramic - Sage,showroom_walkin,
0ca7568c,CUST-01937,sample_request,2025-08-06,Glass - Seaglass,showroom_walkin,
0d628782,CUST-01938,site_visit,2025-05-28,,organic_search,
92493e9e,CUST-01938,visualizer_use,2025-06-04,Original Ceramic - Clamshell,organic_search,
916d3350,CUST-01938,sample_request,2025-06-04,Glass - Seaglass,organic_search,
cc7e7748,CUST-01938,purchase,2025-07-04,Natural Press - Fog,organic_search,1793.96
d4ceac47,CUST-01939,site_visit,2024-01-04,,referral,
7bb5f929,CUST-01939,sample_request,2024-01-21,Thin Brick - Charcoal,referral,
623bb48d,CUST-01939,sample_request,2024-02-15,Glass - Champagne,referral,
8a53da92,CUST-01940,site_visit,2025-01-03,,organic_search,
f695a07e,CUST-01940,visualizer_use,2025-01-07,Original Ceramic - Sage,organic_search,
35cbac7c,CUST-01940,sample_request,2025-01-16,Glass - Midnight,organic_search,
ed73dad3,CUST-01940,purchase,2025-02-17,Glass - Champagne,organic_search,930.57
3291834f,CUST-01941,site_visit,2024-10-18,,organic_search,
f8a6c255,CUST-01941,sample_request,2024-11-07,Glass - Champagne,organic_search,
ef156b91,CUST-01942,site_visit,2024-11-11,,referral,
fb9a6302,CUST-01943,site_visit,2025-02-07,,referral,
b96b7f4c,CUST-01943,sample_request,2025-02-10,Glass - Midnight,referral,
4e2e94c6,CUST-01943,project_upload,2025-03-16,,referral,
01c6c30a,CUST-01943,purchase,2025-03-06,Thin Brick - Weathered White,referral,17596.31
793ce367,CUST-01944,site_visit,2024-09-23,,architect_referral,
2dd66e0e,CUST-01944,sample_request,2024-10-06,Glass - Midnight,architect_referral,
df1da735,CUST-01944,sample_request,2024-10-11,Thin Brick - Charcoal,architect_referral,
f870ab2f,CUST-01944,project_upload,2024-10-19,,architect_referral,
f137f936,CUST-01944,purchase,2024-11-10,Glass - Midnight,architect_referral,7216.01
43d852b5,CUST-01945,site_visit,2024-01-19,,organic_search,
a087e5f6,CUST-01945,sample_request,2024-01-27,Natural Press - Fog,organic_search,
49f7ca36,CUST-01946,site_visit,2025-08-30,,paid_social,
40f61bcc,CUST-01946,sample_request,2025-09-14,Thin Brick - Terracotta,paid_social,
3137f47e,CUST-01946,purchase,2025-10-26,Thin Brick - Weathered White,paid_social,483.9
f00285d4,CUST-01947,site_visit,2024-12-10,,organic_search,
58efe4f7,CUST-01948,site_visit,2024-03-30,,referral,
15ecf2f2,CUST-01948,sample_request,2024-04-20,Glass - Champagne,referral,
63a0bd16,CUST-01949,site_visit,2024-04-27,,architect_referral,
df3125c6,CUST-01949,purchase,2024-06-11,Glass - Champagne,architect_referral,665.09
883a31ed,CUST-01950,site_visit,2024-06-26,,paid_social,
f60b4d2c,CUST-01950,sample_request,2024-07-04,Natural Press - Sable,paid_social,
c27efb8b,CUST-01950,purchase,2024-07-23,Natural Press - Fog,paid_social,795.38
bdb4cecc,CUST-01951,site_visit,2024-07-31,,architect_referral,
d8f3f231,CUST-01951,sample_request,2024-08-11,Natural Press - Sable,architect_referral,
1c6949d9,CUST-01952,site_visit,2024-03-04,,referral,
f4ad0b60,CUST-01952,visualizer_use,2024-03-06,Glass - Midnight,referral,
772b2769,CUST-01952,sample_request,2024-03-11,Natural Press - Oatmeal,referral,
2857b5ca,CUST-01953,site_visit,2025-02-20,,paid_social,
0638b9ce,CUST-01954,site_visit,2024-12-09,,direct,
6365a5bb,CUST-01954,sample_request,2024-12-23,Thin Brick - Charcoal,direct,
88139254,CUST-01954,purchase,2025-02-04,Thin Brick - Weathered White,direct,805.34
b640bfa2,CUST-01955,site_visit,2025-02-16,,referral,
c5125654,CUST-01955,sample_request,2025-02-28,Thin Brick - Charcoal,referral,
75afee21,CUST-01956,site_visit,2024-07-30,,architect_referral,
4c072da0,CUST-01956,sample_request,2024-08-05,Original Ceramic - Sage,architect_referral,
0cf1bf0f,CUST-01956,purchase,2024-08-13,Glass - Seaglass,architect_referral,4708.52
e7b34ce0,CUST-01956,repeat_purchase,2025-01-28,Original Ceramic - Aegean,architect_referral,4260.13
45b78486,CUST-01957,site_visit,2025-06-25,,referral,
aa6a8c17,CUST-01957,sample_request,2025-07-10,Glass - Champagne,referral,
16ea373d,CUST-01958,site_visit,2025-01-21,,organic_search,
9241f728,CUST-01959,site_visit,2024-05-26,,referral,
3f3e5e32,CUST-01960,site_visit,2024-04-11,,direct,
23ef0319,CUST-01960,sample_request,2024-04-30,Thin Brick - Weathered White,direct,
77d46732,CUST-01961,site_visit,2025-03-08,,paid_social,
f7f817b3,CUST-01961,sample_request,2025-03-20,Glass - Champagne,paid_social,
ead17316,CUST-01961,sample_request,2025-04-03,Original Ceramic - Aegean,paid_social,
d20fb4fa,CUST-01961,purchase,2025-04-10,Natural Press - Oatmeal,paid_social,1059.46
b7127dde,CUST-01962,site_visit,2024-07-18,,trade_show,
bfab766d,CUST-01962,sample_request,2024-07-19,Glass - Midnight,trade_show,
95dd2687,CUST-01963,site_visit,2025-06-26,,architect_referral,
fb605d7a,CUST-01963,purchase,2025-08-22,Original Ceramic - Clamshell,architect_referral,1556.65
d146b8fe,CUST-01964,site_visit,2024-10-30,,organic_search,
9d479c8f,CUST-01964,sample_request,2024-11-10,Natural Press - Sable,organic_search,
d779008b,CUST-01965,site_visit,2025-08-10,,paid_social,
fe89f581,CUST-01966,site_visit,2025-01-09,,showroom_walkin,
296622ae,CUST-01967,site_visit,2024-07-11,,organic_search,
c9e308a5,CUST-01967,visualizer_use,2024-07-16,Thin Brick - Weathered White,organic_search,
2e40e681,CUST-01967,sample_request,2024-07-12,Natural Press - Sable,organic_search,
88e269cb,CUST-01967,purchase,2024-08-14,Natural Press - Sable,organic_search,1212.96
fbbba288,CUST-01968,site_visit,2025-03-21,,organic_search,
37dc581c,CUST-01968,visualizer_use,2025-03-27,Thin Brick - Terracotta,organic_search,
533baea5,CUST-01968,sample_request,2025-04-03,Glass - Seaglass,organic_search,
d30e7d33,CUST-01968,sample_request,2025-04-20,Original Ceramic - Sage,organic_search,
738c473a,CUST-01968,purchase,2025-05-15,Natural Press - Oatmeal,organic_search,1734.81
c9e5ed28,CUST-01969,site_visit,2024-09-13,,email_capture,
a86ede88,CUST-01969,visualizer_use,2024-09-14,Thin Brick - Weathered White,email_capture,
eb559c9f,CUST-01969,purchase,2024-11-12,Natural Press - Fog,email_capture,1562.06
e59d0f95,CUST-01970,site_visit,2024-08-19,,paid_social,
8139f6da,CUST-01970,visualizer_use,2024-08-20,Natural Press - Oatmeal,paid_social,
62c71e3b,CUST-01970,sample_request,2024-08-20,Original Ceramic - Clamshell,paid_social,
b708f1d9,CUST-01971,site_visit,2025-03-09,,paid_social,
19bbfb2f,CUST-01971,sample_request,2025-03-11,Thin Brick - Charcoal,paid_social,
dc5be46c,CUST-01972,site_visit,2025-05-20,,trade_show,
b3b6ae73,CUST-01973,site_visit,2025-07-21,,organic_search,
9ca74512,CUST-01973,visualizer_use,2025-07-25,Original Ceramic - Sage,organic_search,
fa8bd092,CUST-01973,sample_request,2025-08-02,Glass - Champagne,organic_search,
947fd5b6,CUST-01974,site_visit,2024-03-17,,organic_search,
819bf00d,CUST-01974,sample_request,2024-03-29,Thin Brick - Weathered White,organic_search,
99331e57,CUST-01974,sample_request,2024-04-04,Glass - Champagne,organic_search,
03d3a73f,CUST-01974,purchase,2024-05-22,Natural Press - Oatmeal,organic_search,1540.15
828350a5,CUST-01975,site_visit,2024-04-01,,trade_show,
579fb2e6,CUST-01975,visualizer_use,2024-04-04,Glass - Champagne,trade_show,
58032e59,CUST-01975,sample_request,2024-04-03,Thin Brick - Charcoal,trade_show,
fb69a034,CUST-01975,purchase,2024-04-25,Glass - Midnight,trade_show,25162.47
b3e55473,CUST-01976,site_visit,2025-02-12,,organic_search,
e75e3b2c,CUST-01976,sample_request,2025-02-25,Natural Press - Sable,organic_search,
36dca142,CUST-01976,sample_request,2025-03-23,Thin Brick - Terracotta,organic_search,
9a443c2a,CUST-01977,site_visit,2024-10-25,,trade_show,
a1e7d9f9,CUST-01977,sample_request,2024-11-07,Natural Press - Sable,trade_show,
d46fd720,CUST-01977,sample_request,2024-11-28,Natural Press - Sable,trade_show,
d6e29ed7,CUST-01977,project_upload,2024-11-24,,trade_show,
45feef55,CUST-01977,purchase,2024-11-20,Natural Press - Fog,trade_show,17144.34
004b6050,CUST-01978,site_visit,2025-05-22,,organic_search,
5eeaa30e,CUST-01979,site_visit,2024-02-04,,organic_search,
a1bee7e5,CUST-01980,site_visit,2025-03-11,,paid_social,
400ed9d3,CUST-01980,sample_request,2025-03-31,Glass - Midnight,paid_social,
d8f6ef96,CUST-01980,purchase,2025-05-24,Original Ceramic - Sage,paid_social,926.04
323a3e4f,CUST-01980,repeat_purchase,2025-07-26,Thin Brick - Terracotta,paid_social,656.58
ef3165f8,CUST-01981,site_visit,2024-10-17,,email_capture,
a44890b1,CUST-01981,visualizer_use,2024-10-27,Thin Brick - Charcoal,email_capture,
b7f6f654,CUST-01981,sample_request,2024-10-25,Natural Press - Oatmeal,email_capture,
2dd8b7a1,CUST-01981,sample_request,2024-11-20,Glass - Seaglass,email_capture,
c965926a,CUST-01981,purchase,2024-11-24,Natural Press - Fog,email_capture,618.73
c4821a0a,CUST-01982,site_visit,2024-09-17,,showroom_walkin,
bd6be718,CUST-01982,sample_request,2024-10-05,Thin Brick - Terracotta,showroom_walkin,
d1ac3dd5,CUST-01983,site_visit,2025-05-09,,referral,
e4664fe1,CUST-01983,sample_request,2025-05-21,Natural Press - Oatmeal,referral,
ff37faa3,CUST-01983,purchase,2025-06-01,Thin Brick - Charcoal,referral,996.43
50b2db9b,CUST-01984,site_visit,2024-01-27,,paid_social,
9170ad83,CUST-01984,sample_request,2024-01-30,Original Ceramic - Clamshell,paid_social,
3654af04,CUST-01985,site_visit,2024-08-02,,direct,
b07ebfb5,CUST-01986,site_visit,2025-03-15,,direct,
a3f1f7c6,CUST-01986,sample_request,2025-03-30,Natural Press - Oatmeal,direct,
ac2b1efe,CUST-01987,site_visit,2024-01-13,,architect_referral,
8a8b6a66,CUST-01987,sample_request,2024-01-15,Thin Brick - Weathered White,architect_referral,
a0755a04,CUST-01988,site_visit,2024-01-03,,referral,
b2f69bc6,CUST-01988,purchase,2024-01-23,Natural Press - Fog,referral,13155.91
93629ce7,CUST-01989,site_visit,2024-09-02,,organic_search,
17624a83,CUST-01989,visualizer_use,2024-09-03,Original Ceramic - Aegean,organic_search,
2be9c848,CUST-01989,sample_request,2024-09-06,Natural Press - Fog,organic_search,
7bbd7d80,CUST-01989,sample_request,2024-09-19,Glass - Seaglass,organic_search,
be998f0e,CUST-01990,site_visit,2024-04-16,,architect_referral,
ac51f2a8,CUST-01990,sample_request,2024-04-26,Thin Brick - Terracotta,architect_referral,
4e6947b3,CUST-01991,site_visit,2025-06-23,,paid_social,
3a5f35b6,CUST-01991,visualizer_use,2025-06-26,Original Ceramic - Sage,paid_social,
b4198ed3,CUST-01991,sample_request,2025-07-05,Glass - Champagne,paid_social,
d3d5ecce,CUST-01991,sample_request,2025-07-10,Thin Brick - Weathered White,paid_social,
ce117ea0,CUST-01992,site_visit,2024-04-19,,organic_search,
3ebb3e55,CUST-01992,sample_request,2024-04-26,Glass - Champagne,organic_search,
5c0bc930,CUST-01992,sample_request,2024-05-21,Glass - Midnight,organic_search,
c0e21d6e,CUST-01993,site_visit,2024-03-03,,organic_search,
5556cb19,CUST-01993,visualizer_use,2024-03-10,Glass - Midnight,organic_search,
e76af4ce,CUST-01993,purchase,2024-03-30,Natural Press - Fog,organic_search,1679.28
8a81077a,CUST-01994,site_visit,2024-04-13,,trade_show,
9b3764fa,CUST-01994,purchase,2024-05-24,Glass - Midnight,trade_show,8871.91
a52d9a87,CUST-01994,repeat_purchase,2024-10-18,Thin Brick - Terracotta,trade_show,11181.1
02116c88,CUST-01995,site_visit,2025-03-12,,email_capture,
5aa67970,CUST-01995,sample_request,2025-03-12,Glass - Seaglass,email_capture,
230420aa,CUST-01996,site_visit,2025-08-09,,organic_search,
1bdf5b1c,CUST-01996,visualizer_use,2025-08-18,Natural Press - Oatmeal,organic_search,
e99efe72,CUST-01996,sample_request,2025-08-21,Original Ceramic - Sage,organic_search,
56878ff9,CUST-01996,sample_request,2025-09-10,Glass - Midnight,organic_search,
fcfe3529,CUST-01997,site_visit,2025-08-08,,referral,
b8561456,CUST-01997,sample_request,2025-08-09,Glass - Midnight,referral,
82dd2998,CUST-01997,sample_request,2025-08-22,Glass - Midnight,referral,
521bbac6,CUST-01997,purchase,2025-09-04,Natural Press - Sable,referral,12472.06
e434cd03,CUST-01998,site_visit,2024-12-02,,paid_social,
38c2b461,CUST-01999,site_visit,2025-04-06,,organic_search,
8b6269b0,CUST-01999,sample_request,2025-04-25,Original Ceramic - Aegean,organic_search,
3af14ff2,CUST-01999,purchase,2025-06-05,Thin Brick - Weathered White,organic_search,538.2
1f5ad192,CUST-02000,site_visit,2024-09-26,,direct,
e671c6ce,CUST-02001,site_visit,2024-11-18,,organic_search,
923fa97e,CUST-02001,sample_request,2024-12-09,Natural Press - Fog,organic_search,
624c833f,CUST-02001,sample_request,2025-01-01,Original Ceramic - Clamshell,organic_search,
17485f1f,CUST-02001,purchase,2025-01-31,Glass - Midnight,organic_search,950.98
c84d2877,CUST-02002,site_visit,2024-03-21,,direct,
e48c68be,CUST-02002,sample_request,2024-03-23,Natural Press - Sable,direct,
8750cc7d,CUST-02002,purchase,2024-04-15,Original Ceramic - Aegean,direct,407.78
1a3b9d32,CUST-02002,repeat_purchase,2024-08-27,Natural Press - Sable,direct,1227.17
99ea476d,CUST-02003,site_visit,2025-06-25,,paid_social,
4b8be22b,CUST-02003,sample_request,2025-07-12,Thin Brick - Weathered White,paid_social,
073fb9ee,CUST-02003,purchase,2025-08-16,Original Ceramic - Sage,paid_social,990.87
9eeca117,CUST-02004,site_visit,2025-06-03,,organic_search,
9e66f0f3,CUST-02004,visualizer_use,2025-06-13,Natural Press - Fog,organic_search,
af75271d,CUST-02004,sample_request,2025-06-14,Original Ceramic - Sage,organic_search,
d287834b,CUST-02004,sample_request,2025-06-26,Original Ceramic - Sage,organic_search,
b667f178,CUST-02004,purchase,2025-06-22,Original Ceramic - Sage,organic_search,1014.87
3de4349f,CUST-02005,site_visit,2025-01-31,,direct,
23b6d364,CUST-02005,sample_request,2025-02-05,Thin Brick - Terracotta,direct,
06eff9b3,CUST-02005,purchase,2025-03-07,Glass - Seaglass,direct,830.2
e95858f7,CUST-02006,site_visit,2024-09-14,,architect_referral,
fc339467,CUST-02007,site_visit,2024-05-10,,direct,
cd9d8d36,CUST-02007,sample_request,2024-05-20,Thin Brick - Weathered White,direct,
2f7a339b,CUST-02007,project_upload,2024-06-15,,direct,
ff0eb4a5,CUST-02007,purchase,2024-05-27,Natural Press - Sable,direct,15871.49
c2879c2b,CUST-02008,site_visit,2025-08-16,,email_capture,
baa7b865,CUST-02008,sample_request,2025-08-31,Natural Press - Oatmeal,email_capture,
2b8d8e3b,CUST-02008,purchase,2025-10-28,Thin Brick - Weathered White,email_capture,756.5
1910aa9b,CUST-02009,site_visit,2025-04-10,,direct,
e040ff7b,CUST-02009,sample_request,2025-04-23,Thin Brick - Terracotta,direct,
eabea19f,CUST-02009,purchase,2025-05-07,Natural Press - Fog,direct,1241.94
fa2d956e,CUST-02010,site_visit,2025-03-21,,organic_search,
3fcfbdff,CUST-02011,site_visit,2025-03-22,,referral,
e6f5c9ef,CUST-02011,sample_request,2025-03-31,Natural Press - Sable,referral,
357599f0,CUST-02012,site_visit,2024-02-26,,direct,
f699deff,CUST-02013,site_visit,2025-07-05,,referral,
dd3279be,CUST-02013,visualizer_use,2025-07-09,Natural Press - Sable,referral,
5ab3efa3,CUST-02014,site_visit,2025-02-23,,referral,
74008a73,CUST-02014,purchase,2025-04-07,Natural Press - Oatmeal,referral,1657.9
1c9a2568,CUST-02015,site_visit,2024-05-26,,referral,
b75aa24a,CUST-02015,visualizer_use,2024-06-03,Thin Brick - Weathered White,referral,
1575f654,CUST-02016,site_visit,2024-01-24,,architect_referral,
57772423,CUST-02016,sample_request,2024-02-10,Original Ceramic - Clamshell,architect_referral,
4f87c22e,CUST-02016,purchase,2024-04-01,Original Ceramic - Aegean,architect_referral,10776.54
a0f225cf,CUST-02017,site_visit,2025-04-23,,paid_social,
4ec7a6b0,CUST-02017,sample_request,2025-04-26,Glass - Seaglass,paid_social,
9a0a80d5,CUST-02017,purchase,2025-06-25,Original Ceramic - Clamshell,paid_social,1361.23
0923f8bd,CUST-02018,site_visit,2025-06-26,,referral,
93a61041,CUST-02018,visualizer_use,2025-07-04,Original Ceramic - Sage,referral,
677f171c,CUST-02018,sample_request,2025-07-09,Thin Brick - Terracotta,referral,
2b1762a3,CUST-02018,sample_request,2025-07-20,Glass - Midnight,referral,
4cb76b30,CUST-02018,purchase,2025-07-27,Glass - Seaglass,referral,1563.68
4de01a46,CUST-02019,site_visit,2024-12-26,,architect_referral,
0fa43e5f,CUST-02019,visualizer_use,2024-12-30,Original Ceramic - Aegean,architect_referral,
83cf34d9,CUST-02019,sample_request,2024-12-28,Glass - Champagne,architect_referral,
cfe5b40b,CUST-02019,purchase,2025-01-31,Thin Brick - Weathered White,architect_referral,1680.78
fd6193d2,CUST-02020,site_visit,2024-03-01,,trade_show,
f5ea2e47,CUST-02020,visualizer_use,2024-03-05,Natural Press - Oatmeal,trade_show,
9285c06e,CUST-02020,sample_request,2024-03-05,Thin Brick - Terracotta,trade_show,
7df4707b,CUST-02021,site_visit,2024-09-04,,showroom_walkin,
8fa9913a,CUST-02021,visualizer_use,2024-09-06,Glass - Midnight,showroom_walkin,
d576996f,CUST-02021,sample_request,2024-09-07,Thin Brick - Charcoal,showroom_walkin,
632239aa,CUST-02022,site_visit,2024-06-10,,showroom_walkin,
585fb070,CUST-02022,sample_request,2024-06-24,Original Ceramic - Clamshell,showroom_walkin,
0f38f7ca,CUST-02023,site_visit,2025-08-31,,direct,
f1605020,CUST-02023,sample_request,2025-09-15,Glass - Champagne,direct,
14f24ce9,CUST-02023,sample_request,2025-09-20,Glass - Midnight,direct,
48344b3f,CUST-02023,purchase,2025-11-11,Glass - Seaglass,direct,631.55
831302a5,CUST-02024,site_visit,2025-06-10,,organic_search,
dfb02f39,CUST-02024,visualizer_use,2025-06-11,Thin Brick - Weathered White,organic_search,
1acc3516,CUST-02024,sample_request,2025-06-20,Natural Press - Sable,organic_search,
5fca01a1,CUST-02025,site_visit,2025-02-09,,referral,
d7dc8669,CUST-02025,visualizer_use,2025-02-10,Original Ceramic - Aegean,referral,
64d02670,CUST-02026,site_visit,2024-04-03,,direct,
cc6b37d4,CUST-02026,visualizer_use,2024-04-10,Natural Press - Fog,direct,
82dbf311,CUST-02026,sample_request,2024-04-04,Glass - Midnight,direct,
75c2fc0d,CUST-02027,site_visit,2025-05-07,,direct,
a5a73d99,CUST-02027,sample_request,2025-05-20,Original Ceramic - Clamshell,direct,
c5f1cb35,CUST-02028,site_visit,2024-01-01,,paid_social,
79e79b47,CUST-02028,purchase,2024-02-18,Original Ceramic - Sage,paid_social,838.33
0d733bfb,CUST-02029,site_visit,2024-03-26,,architect_referral,
ddd04f2e,CUST-02029,sample_request,2024-03-28,Thin Brick - Terracotta,architect_referral,
19605bf6,CUST-02030,site_visit,2024-07-14,,trade_show,
3b744079,CUST-02031,site_visit,2024-12-24,,paid_social,
42e7f566,CUST-02031,sample_request,2025-01-01,Thin Brick - Charcoal,paid_social,
6ade102d,CUST-02032,site_visit,2024-06-12,,architect_referral,
63c2f3f2,CUST-02032,sample_request,2024-06-29,Original Ceramic - Aegean,architect_referral,
9fe6471d,CUST-02033,site_visit,2024-11-29,,referral,
f296b497,CUST-02034,site_visit,2025-02-18,,architect_referral,
e50ba41f,CUST-02034,sample_request,2025-03-11,Glass - Champagne,architect_referral,
92fda428,CUST-02035,site_visit,2025-02-24,,organic_search,
1b5f8bd4,CUST-02035,visualizer_use,2025-03-02,Thin Brick - Charcoal,organic_search,
8e45e83a,CUST-02035,sample_request,2025-03-04,Thin Brick - Charcoal,organic_search,
cfa8741f,CUST-02035,sample_request,2025-03-17,Natural Press - Oatmeal,organic_search,
b303258a,CUST-02035,purchase,2025-04-16,Thin Brick - Charcoal,organic_search,1061.37
8defe298,CUST-02036,site_visit,2024-02-18,,organic_search,
55dff90c,CUST-02036,visualizer_use,2024-02-25,Glass - Seaglass,organic_search,
08e7abd5,CUST-02036,sample_request,2024-03-01,Glass - Midnight,organic_search,
06a26813,CUST-02037,site_visit,2025-06-03,,organic_search,
33f49e50,CUST-02037,sample_request,2025-06-04,Glass - Seaglass,organic_search,
337f70e7,CUST-02037,sample_request,2025-07-02,Original Ceramic - Clamshell,organic_search,
b313d025,CUST-02038,site_visit,2024-07-29,,organic_search,
65ed2277,CUST-02038,sample_request,2024-08-09,Thin Brick - Weathered White,organic_search,
9be34a5c,CUST-02038,sample_request,2024-08-28,Natural Press - Sable,organic_search,
ed69eace,CUST-02039,site_visit,2024-02-16,,showroom_walkin,
c597af0a,CUST-02040,site_visit,2025-07-06,,email_capture,
8e9428f5,CUST-02040,visualizer_use,2025-07-07,Thin Brick - Terracotta,email_capture,
2412d723,CUST-02040,sample_request,2025-07-15,Glass - Champagne,email_capture,
e65ab40f,CUST-02040,project_upload,2025-07-27,,email_capture,
45e11f8d,CUST-02040,purchase,2025-09-07,Thin Brick - Terracotta,email_capture,17759.74
7e457fd0,CUST-02041,site_visit,2024-04-18,,direct,
d3167f1a,CUST-02041,sample_request,2024-05-06,Glass - Seaglass,direct,
0ae90da9,CUST-02041,purchase,2024-06-29,Original Ceramic - Aegean,direct,670.01
33098c7d,CUST-02042,site_visit,2024-03-03,,email_capture,
4916c7a6,CUST-02042,purchase,2024-04-18,Thin Brick - Weathered White,email_capture,775.52
003f2272,CUST-02043,site_visit,2025-07-02,,organic_search,
fcd6ee26,CUST-02043,visualizer_use,2025-07-02,Glass - Seaglass,organic_search,
f3cd50b0,CUST-02043,sample_request,2025-07-11,Natural Press - Sable,organic_search,
58369a14,CUST-02043,purchase,2025-09-01,Thin Brick - Weathered White,organic_search,1457.35
a8f6e9bd,CUST-02044,site_visit,2025-05-23,,referral,
8b84a900,CUST-02045,site_visit,2024-02-22,,referral,
59c36f8a,CUST-02045,visualizer_use,2024-03-03,Glass - Champagne,referral,
4c9b5f10,CUST-02045,sample_request,2024-02-25,Glass - Midnight,referral,
eeb59fa9,CUST-02045,purchase,2024-04-21,Thin Brick - Charcoal,referral,466.87
03b27d11,CUST-02045,repeat_purchase,2024-11-26,Natural Press - Fog,referral,1009.04
60a1a84f,CUST-02046,site_visit,2025-07-09,,paid_social,
ba7963be,CUST-02046,sample_request,2025-07-25,Natural Press - Fog,paid_social,
9ab744e8,CUST-02046,purchase,2025-08-01,Original Ceramic - Clamshell,paid_social,918.63
bac4b90c,CUST-02047,site_visit,2024-06-09,,organic_search,
f4b1e8b5,CUST-02048,site_visit,2024-05-03,,organic_search,
26c9d186,CUST-02048,sample_request,2024-05-03,Thin Brick - Terracotta,organic_search,
15c225ca,CUST-02048,sample_request,2024-05-09,Natural Press - Sable,organic_search,
b7715bf5,CUST-02048,purchase,2024-06-02,Glass - Seaglass,organic_search,494.84
0a5ba91f,CUST-02048,repeat_purchase,2025-02-22,Glass - Midnight,organic_search,1303.19
cb0332fd,CUST-02049,site_visit,2025-01-26,,architect_referral,
32b71a31,CUST-02049,sample_request,2025-01-27,Thin Brick - Weathered White,architect_referral,
483f4bd8,CUST-02049,sample_request,2025-02-07,Thin Brick - Weathered White,architect_referral,
15d0e121,CUST-02049,purchase,2025-02-06,Natural Press - Oatmeal,architect_referral,913.75
2cb40ded,CUST-02049,repeat_purchase,2025-06-23,Original Ceramic - Sage,architect_referral,1378.27
6364e372,CUST-02050,site_visit,2024-03-29,,paid_social,
01196d72,CUST-02050,sample_request,2024-04-07,Natural Press - Oatmeal,paid_social,
fa1f3ebb,CUST-02050,sample_request,2024-05-03,Thin Brick - Terracotta,paid_social,
cb7913aa,CUST-02050,purchase,2024-05-26,Thin Brick - Terracotta,paid_social,828.73
723d9b1c,CUST-02051,site_visit,2024-04-30,,paid_social,
0f00d6aa,CUST-02051,visualizer_use,2024-05-03,Thin Brick - Charcoal,paid_social,
0aa1b340,CUST-02051,purchase,2024-06-04,Thin Brick - Weathered White,paid_social,1264.32
484fddc9,CUST-02052,site_visit,2024-01-09,,paid_social,
8facec4a,CUST-02052,sample_request,2024-01-27,Glass - Seaglass,paid_social,
a1cb8c20,CUST-02052,sample_request,2024-02-24,Thin Brick - Terracotta,paid_social,
20d52321,CUST-02052,purchase,2024-02-19,Natural Press - Sable,paid_social,2337.27
c3f7cc27,CUST-02053,site_visit,2024-02-11,,paid_social,
a022a694,CUST-02053,sample_request,2024-02-24,Glass - Seaglass,paid_social,
9d6869e4,CUST-02054,site_visit,2024-05-30,,showroom_walkin,
6de8f784,CUST-02055,site_visit,2025-04-22,,paid_social,
38889b45,CUST-02056,site_visit,2024-07-11,,direct,
cfba42e7,CUST-02057,site_visit,2025-01-22,,organic_search,
8f213405,CUST-02057,sample_request,2025-01-23,Natural Press - Sable,organic_search,
99aaa109,CUST-02057,sample_request,2025-02-18,Natural Press - Sable,organic_search,
a1950808,CUST-02057,purchase,2025-03-03,Glass - Seaglass,organic_search,1700.46
dd7728e0,CUST-02058,site_visit,2024-08-10,,trade_show,
b584ea1c,CUST-02058,sample_request,2024-08-18,Natural Press - Sable,trade_show,
75c0e2f0,CUST-02058,project_upload,2024-09-23,,trade_show,
99e27c9f,CUST-02058,purchase,2024-09-06,Natural Press - Fog,trade_show,8268.47
4208dfbd,CUST-02059,site_visit,2024-04-12,,organic_search,
af0ffbb3,CUST-02060,site_visit,2025-08-14,,referral,
f01e2d2f,CUST-02060,sample_request,2025-08-20,Glass - Midnight,referral,
884cf552,CUST-02060,purchase,2025-10-19,Original Ceramic - Sage,referral,737.69
9b88b2ca,CUST-02061,site_visit,2024-03-23,,email_capture,
138c1398,CUST-02061,visualizer_use,2024-03-30,Natural Press - Oatmeal,email_capture,
16d2a53e,CUST-02061,sample_request,2024-03-28,Original Ceramic - Clamshell,email_capture,
33d6afc7,CUST-02061,purchase,2024-04-12,Thin Brick - Weathered White,email_capture,778.14
12b35f1b,CUST-02062,site_visit,2025-04-05,,referral,
88e6d2f5,CUST-02062,sample_request,2025-04-21,Natural Press - Sable,referral,
fb57563c,CUST-02062,purchase,2025-05-23,Original Ceramic - Aegean,referral,754.29
ff266d42,CUST-02063,site_visit,2025-05-12,,organic_search,
f28c8ec6,CUST-02064,site_visit,2025-03-08,,referral,
1ace6093,CUST-02064,sample_request,2025-03-21,Glass - Midnight,referral,
e7cdfd16,CUST-02064,purchase,2025-05-16,Natural Press - Oatmeal,referral,763.7
066a52c0,CUST-02065,site_visit,2024-07-26,,architect_referral,
4ed823fb,CUST-02066,site_visit,2024-03-29,,paid_social,
abab5e8b,CUST-02066,visualizer_use,2024-04-02,Natural Press - Oatmeal,paid_social,
78dbd5d4,CUST-02066,sample_request,2024-03-31,Thin Brick - Terracotta,paid_social,
a0452f91,CUST-02066,sample_request,2024-04-09,Glass - Midnight,paid_social,
ef4214fc,CUST-02066,purchase,2024-04-30,Glass - Seaglass,paid_social,405.69
c2eb8c9a,CUST-02066,repeat_purchase,2024-10-16,Natural Press - Sable,paid_social,836.37
425e7382,CUST-02067,site_visit,2025-03-20,,organic_search,
7e12416c,CUST-02067,visualizer_use,2025-03-29,Original Ceramic - Sage,organic_search,
04ed7976,CUST-02067,sample_request,2025-03-26,Thin Brick - Charcoal,organic_search,
e0edd9df,CUST-02067,sample_request,2025-04-09,Thin Brick - Terracotta,organic_search,
dc32a693,CUST-02067,purchase,2025-04-05,Glass - Champagne,organic_search,534.52
72d6f21a,CUST-02068,site_visit,2024-06-09,,direct,
69ac6797,CUST-02068,sample_request,2024-06-25,Glass - Midnight,direct,
a0628ea6,CUST-02068,sample_request,2024-07-24,Natural Press - Oatmeal,direct,
9ae0a0b1,CUST-02068,purchase,2024-07-28,Natural Press - Fog,direct,1788.6
8af2938a,CUST-02069,site_visit,2025-02-17,,referral,
48273297,CUST-02069,visualizer_use,2025-02-27,Original Ceramic - Clamshell,referral,
28f105b3,CUST-02069,sample_request,2025-02-18,Glass - Seaglass,referral,
fb329157,CUST-02069,purchase,2025-04-16,Natural Press - Sable,referral,760.13
ef557d45,CUST-02070,site_visit,2024-12-30,,paid_social,
5a9a8f65,CUST-02070,sample_request,2025-01-01,Glass - Seaglass,paid_social,
0a4eb2b7,CUST-02071,site_visit,2025-05-25,,trade_show,
51c1d01b,CUST-02072,site_visit,2025-06-26,,direct,
2cdf6608,CUST-02072,purchase,2025-08-14,Original Ceramic - Clamshell,direct,744.54
49f6e058,CUST-02073,site_visit,2025-04-12,,paid_social,
905a0225,CUST-02073,visualizer_use,2025-04-12,Natural Press - Sable,paid_social,
40cbd429,CUST-02074,site_visit,2024-10-07,,referral,
89f6e071,CUST-02074,visualizer_use,2024-10-11,Original Ceramic - Sage,referral,
c080305b,CUST-02074,sample_request,2024-10-08,Glass - Seaglass,referral,
f9e96668,CUST-02074,purchase,2024-10-17,Glass - Midnight,referral,1235.01
2ff4e9b6,CUST-02074,repeat_purchase,2025-04-25,Thin Brick - Weathered White,referral,514.56
b2d6bb70,CUST-02075,site_visit,2024-05-11,,organic_search,
ff46e69a,CUST-02075,sample_request,2024-05-16,Natural Press - Sable,organic_search,
8c1f45dc,CUST-02075,sample_request,2024-06-01,Glass - Midnight,organic_search,
188ece04,CUST-02075,purchase,2024-06-28,Glass - Champagne,organic_search,524.03
2e74b6df,CUST-02076,site_visit,2024-05-30,,email_capture,
35d48099,CUST-02076,sample_request,2024-05-30,Glass - Seaglass,email_capture,
6e9e3e75,CUST-02076,purchase,2024-06-27,Natural Press - Sable,email_capture,1254.49
f9b47e0c,CUST-02077,site_visit,2024-01-22,,architect_referral,
3c89ef8b,CUST-02077,visualizer_use,2024-01-28,Natural Press - Sable,architect_referral,
5d09891c,CUST-02077,sample_request,2024-01-24,Thin Brick - Charcoal,architect_referral,
d20daba5,CUST-02078,site_visit,2024-02-29,,organic_search,
1da27f8e,CUST-02079,site_visit,2024-07-02,,paid_social,
32c7839c,CUST-02079,sample_request,2024-07-02,Glass - Midnight,paid_social,
397e198b,CUST-02079,purchase,2024-08-10,Thin Brick - Terracotta,paid_social,1270.12
b176107c,CUST-02080,site_visit,2024-07-14,,paid_social,
640f5990,CUST-02081,site_visit,2025-08-23,,organic_search,
860687d1,CUST-02081,sample_request,2025-09-08,Original Ceramic - Clamshell,organic_search,
d15450c2,CUST-02081,purchase,2025-11-05,Original Ceramic - Sage,organic_search,1685.11
b42a350a,CUST-02082,site_visit,2025-07-10,,direct,
4ecc961e,CUST-02082,sample_request,2025-07-30,Glass - Midnight,direct,
841cce27,CUST-02082,sample_request,2025-08-25,Natural Press - Oatmeal,direct,
51e750d8,CUST-02082,purchase,2025-09-27,Glass - Seaglass,direct,1093.15
9d3c6012,CUST-02083,site_visit,2024-01-21,,direct,
defa36fc,CUST-02084,site_visit,2025-04-20,,architect_referral,
233b9b6d,CUST-02084,visualizer_use,2025-04-30,Original Ceramic - Aegean,architect_referral,
5ca1ffc0,CUST-02084,sample_request,2025-05-03,Glass - Seaglass,architect_referral,
732c955e,CUST-02084,sample_request,2025-05-14,Glass - Midnight,architect_referral,
f3e6af1a,CUST-02085,site_visit,2025-08-12,,referral,
918354ca,CUST-02085,purchase,2025-09-20,Glass - Midnight,referral,1346.85
7f759458,CUST-02086,site_visit,2024-07-30,,architect_referral,
b78d7f14,CUST-02087,site_visit,2024-10-01,,paid_social,
2b2e4512,CUST-02088,site_visit,2024-09-26,,organic_search,
6a8a914e,CUST-02089,site_visit,2025-04-06,,direct,
e6bf23a5,CUST-02089,visualizer_use,2025-04-16,Original Ceramic - Sage,direct,
dd4b9998,CUST-02089,sample_request,2025-04-09,Natural Press - Fog,direct,
a8949cd6,CUST-02090,site_visit,2024-12-29,,organic_search,
a735af56,CUST-02090,sample_request,2025-01-11,Glass - Seaglass,organic_search,
4d6cc59f,CUST-02091,site_visit,2024-03-24,,email_capture,
5dc51d1a,CUST-02091,sample_request,2024-04-06,Thin Brick - Charcoal,email_capture,
ad08db52,CUST-02092,site_visit,2024-11-04,,referral,
f050eb93,CUST-02092,visualizer_use,2024-11-06,Natural Press - Oatmeal,referral,
ab969977,CUST-02092,sample_request,2024-11-14,Natural Press - Sable,referral,
4ed9ef18,CUST-02092,purchase,2025-01-04,Original Ceramic - Aegean,referral,1079.32
399ab24e,CUST-02093,site_visit,2025-04-18,,direct,
bd31e9c7,CUST-02093,sample_request,2025-05-07,Original Ceramic - Aegean,direct,
d19acfa9,CUST-02093,sample_request,2025-05-25,Original Ceramic - Clamshell,direct,
e2be3845,CUST-02093,purchase,2025-05-17,Thin Brick - Charcoal,direct,1708.38
6321fa51,CUST-02093,repeat_purchase,2025-08-13,Original Ceramic - Aegean,direct,1416.2
b4b006ce,CUST-02094,site_visit,2024-08-13,,referral,
435e16c8,CUST-02094,visualizer_use,2024-08-20,Thin Brick - Charcoal,referral,
cf1bfa84,CUST-02094,sample_request,2024-08-24,Thin Brick - Charcoal,referral,
d772f00a,CUST-02094,purchase,2024-10-06,Glass - Seaglass,referral,1770.26
18d49263,CUST-02095,site_visit,2025-03-06,,organic_search,
ffe119fd,CUST-02095,visualizer_use,2025-03-16,Glass - Midnight,organic_search,
32d938c7,CUST-02095,sample_request,2025-03-11,Thin Brick - Terracotta,organic_search,
7309cda2,CUST-02096,site_visit,2025-06-27,,paid_social,
9d6e0d4d,CUST-02096,sample_request,2025-07-04,Original Ceramic - Aegean,paid_social,
a6219c5a,CUST-02096,purchase,2025-07-31,Natural Press - Fog,paid_social,760.28
b8e41a43,CUST-02097,site_visit,2025-04-08,,referral,
a87c0dd3,CUST-02097,sample_request,2025-04-08,Glass - Champagne,referral,
641c8412,CUST-02098,site_visit,2024-09-02,,architect_referral,
21abc700,CUST-02098,sample_request,2024-09-05,Natural Press - Fog,architect_referral,
f12c53d9,CUST-02098,purchase,2024-09-26,Thin Brick - Charcoal,architect_referral,5012.26
52496f55,CUST-02098,repeat_purchase,2025-05-30,Natural Press - Oatmeal,architect_referral,3157.01
12722fcb,CUST-02099,site_visit,2024-10-09,,organic_search,
521cfb25,CUST-02099,visualizer_use,2024-10-14,Thin Brick - Charcoal,organic_search,
9a7f4543,CUST-02099,sample_request,2024-10-11,Natural Press - Fog,organic_search,
4030bb0e,CUST-02100,site_visit,2024-03-15,,architect_referral,
c278929f,CUST-02101,site_visit,2025-06-19,,architect_referral,
b15bee9f,CUST-02101,sample_request,2025-07-01,Original Ceramic - Sage,architect_referral,
9bed5e3b,CUST-02102,site_visit,2025-07-24,,trade_show,
d2d6ccf5,CUST-02102,sample_request,2025-08-14,Thin Brick - Weathered White,trade_show,
2fd7fa9e,CUST-02102,purchase,2025-09-04,Original Ceramic - Sage,trade_show,3597.53
326041fe,CUST-02103,site_visit,2025-03-21,,referral,
9ce8653e,CUST-02103,sample_request,2025-03-24,Thin Brick - Weathered White,referral,
144e428d,CUST-02104,site_visit,2024-01-11,,organic_search,
92be99ef,CUST-02104,sample_request,2024-01-15,Glass - Midnight,organic_search,
2023ebba,CUST-02104,purchase,2024-02-11,Thin Brick - Charcoal,organic_search,1208.16
406192a8,CUST-02104,repeat_purchase,2024-09-26,Thin Brick - Terracotta,organic_search,1266.6
9055ea7a,CUST-02105,site_visit,2025-07-05,,organic_search,
be571f2a,CUST-02105,sample_request,2025-07-17,Thin Brick - Weathered White,organic_search,
ffda3eb2,CUST-02106,site_visit,2024-09-11,,email_capture,
e5e9b075,CUST-02106,sample_request,2024-09-21,Original Ceramic - Clamshell,email_capture,
e1bb946c,CUST-02106,project_upload,2024-10-09,,email_capture,
568e4913,CUST-02106,purchase,2024-11-03,Thin Brick - Terracotta,email_capture,10516.55
19b5faa1,CUST-02107,site_visit,2024-07-21,,organic_search,
5aa5041e,CUST-02107,visualizer_use,2024-07-26,Thin Brick - Terracotta,organic_search,
5b6cb68c,CUST-02107,sample_request,2024-07-26,Glass - Champagne,organic_search,
f71bd7e3,CUST-02107,sample_request,2024-08-21,Glass - Champagne,organic_search,
93f6269e,CUST-02107,purchase,2024-08-26,Thin Brick - Terracotta,organic_search,662.05
f75b704b,CUST-02108,site_visit,2024-06-10,,paid_social,
e45a0db3,CUST-02108,sample_request,2024-06-27,Original Ceramic - Clamshell,paid_social,
d34fed8d,CUST-02108,sample_request,2024-07-08,Thin Brick - Terracotta,paid_social,
fcdaa442,CUST-02108,purchase,2024-07-30,Natural Press - Fog,paid_social,1791.06
dd2f003c,CUST-02109,site_visit,2024-01-26,,referral,
58ff885f,CUST-02109,sample_request,2024-02-05,Glass - Seaglass,referral,
e2493582,CUST-02109,purchase,2024-03-30,Natural Press - Oatmeal,referral,1082.58
04252aa4,CUST-02110,site_visit,2024-12-06,,direct,
2e68fe59,CUST-02110,visualizer_use,2024-12-08,Thin Brick - Terracotta,direct,
0bb48a15,CUST-02110,sample_request,2024-12-19,Natural Press - Oatmeal,direct,
b01fadce,CUST-02111,site_visit,2025-02-02,,showroom_walkin,
bc9713c1,CUST-02111,purchase,2025-03-15,Thin Brick - Charcoal,showroom_walkin,1750.58
73938602,CUST-02112,site_visit,2025-04-03,,paid_social,
714966b0,CUST-02112,sample_request,2025-04-23,Natural Press - Oatmeal,paid_social,
7f250ae6,CUST-02112,sample_request,2025-05-10,Thin Brick - Charcoal,paid_social,
8dbbefe7,CUST-02113,site_visit,2025-08-19,,paid_social,
55c41b67,CUST-02114,site_visit,2025-03-07,,organic_search,
639ad3a7,CUST-02114,sample_request,2025-03-12,Natural Press - Fog,organic_search,
afae6e51,CUST-02114,purchase,2025-03-27,Original Ceramic - Clamshell,organic_search,699.96
aa45ff9e,CUST-02115,site_visit,2025-07-15,,email_capture,
c61671a6,CUST-02115,visualizer_use,2025-07-15,Glass - Midnight,email_capture,
ab69c15d,CUST-02115,sample_request,2025-07-25,Thin Brick - Terracotta,email_capture,
5df933ce,CUST-02115,purchase,2025-09-19,Glass - Champagne,email_capture,1762.48
c898a9f7,CUST-02116,site_visit,2024-10-05,,direct,
0b14a8e9,CUST-02116,visualizer_use,2024-10-12,Glass - Midnight,direct,
c4e6eae8,CUST-02117,site_visit,2024-03-18,,architect_referral,
680dd304,CUST-02118,site_visit,2025-01-19,,email_capture,
0bf1e4c5,CUST-02118,sample_request,2025-02-04,Thin Brick - Terracotta,email_capture,
d4a5e7c8,CUST-02119,site_visit,2025-03-27,,paid_social,
47fd354b,CUST-02119,visualizer_use,2025-04-03,Glass - Champagne,paid_social,
0490ab48,CUST-02119,sample_request,2025-04-09,Original Ceramic - Aegean,paid_social,
c5a3d582,CUST-02120,site_visit,2024-06-19,,trade_show,
2b4480cd,CUST-02120,visualizer_use,2024-06-25,Original Ceramic - Sage,trade_show,
de41b548,CUST-02120,sample_request,2024-06-29,Original Ceramic - Sage,trade_show,
ca3b1d2b,CUST-02120,sample_request,2024-07-05,Original Ceramic - Aegean,trade_show,
c881487e,CUST-02121,site_visit,2025-02-10,,organic_search,
eca38378,CUST-02121,visualizer_use,2025-02-19,Thin Brick - Charcoal,organic_search,
6dc8de28,CUST-02122,site_visit,2024-10-10,,email_capture,
a5c7226f,CUST-02122,visualizer_use,2024-10-17,Glass - Midnight,email_capture,
6e4a9837,CUST-02122,sample_request,2024-10-18,Original Ceramic - Clamshell,email_capture,
80df654f,CUST-02123,site_visit,2024-12-25,,direct,
efd378cd,CUST-02123,sample_request,2025-01-04,Original Ceramic - Sage,direct,
a97c16e7,CUST-02123,purchase,2025-01-18,Original Ceramic - Aegean,direct,1079.49
9494aa9a,CUST-02124,site_visit,2024-05-08,,organic_search,
e3a45f44,CUST-02125,site_visit,2024-11-12,,organic_search,
823fc9a6,CUST-02125,sample_request,2024-11-30,Original Ceramic - Aegean,organic_search,
e4358327,CUST-02126,site_visit,2024-11-23,,organic_search,
87c5c98c,CUST-02127,site_visit,2025-03-16,,showroom_walkin,
577d5b0f,CUST-02127,sample_request,2025-04-03,Natural Press - Sable,showroom_walkin,
d1ff7540,CUST-02128,site_visit,2024-10-21,,trade_show,
e0e5c543,CUST-02128,sample_request,2024-11-06,Glass - Champagne,trade_show,
47bbcdd6,CUST-02128,purchase,2024-12-14,Original Ceramic - Aegean,trade_show,20422.16
207a6f5a,CUST-02129,site_visit,2025-04-17,,trade_show,
f6133643,CUST-02130,site_visit,2024-07-19,,paid_social,
244a1400,CUST-02131,site_visit,2024-05-25,,referral,
977d7c26,CUST-02131,sample_request,2024-06-09,Glass - Seaglass,referral,
bd698c4b,CUST-02131,project_upload,2024-07-19,,referral,
d4b4c5f8,CUST-02131,purchase,2024-07-23,Natural Press - Sable,referral,24467.44
7171ccfa,CUST-02131,repeat_purchase,2025-02-16,Original Ceramic - Aegean,referral,8501.29
9c1c1625,CUST-02132,site_visit,2024-01-19,,organic_search,
4fcbca21,CUST-02132,sample_request,2024-02-02,Thin Brick - Terracotta,organic_search,
b0be39c2,CUST-02132,project_upload,2024-03-13,,organic_search,
282f68f3,CUST-02133,site_visit,2024-10-31,,showroom_walkin,
1a4ea150,CUST-02133,visualizer_use,2024-10-31,Glass - Seaglass,showroom_walkin,
f923ffb6,CUST-02133,sample_request,2024-11-03,Natural Press - Fog,showroom_walkin,
b04a7253,CUST-02134,site_visit,2024-07-10,,organic_search,
33e1953a,CUST-02134,purchase,2024-08-01,Glass - Midnight,organic_search,1768.45
7e55db89,CUST-02135,site_visit,2024-07-28,,referral,
1df22756,CUST-02135,visualizer_use,2024-08-05,Original Ceramic - Clamshell,referral,
eaa19e94,CUST-02135,sample_request,2024-08-04,Thin Brick - Charcoal,referral,
afcec25d,CUST-02135,purchase,2024-08-14,Glass - Seaglass,referral,1494.02
ddd888db,CUST-02136,site_visit,2025-07-22,,organic_search,
21a2b791,CUST-02136,purchase,2025-08-17,Thin Brick - Weathered White,organic_search,746.94
34254f8b,CUST-02137,site_visit,2024-05-27,,organic_search,
3c30e101,CUST-02138,site_visit,2024-07-09,,organic_search,
77f25250,CUST-02139,site_visit,2024-12-23,,organic_search,
5ce26eab,CUST-02139,sample_request,2024-12-23,Thin Brick - Terracotta,organic_search,
43ffa24b,CUST-02139,sample_request,2025-01-14,Glass - Champagne,organic_search,
db919a0a,CUST-02139,project_upload,2025-01-05,,organic_search,
a424f7ac,CUST-02139,purchase,2025-02-05,Thin Brick - Terracotta,organic_search,5587.23
749bb7e6,CUST-02140,site_visit,2024-04-13,,direct,
aed2e5bf,CUST-02140,sample_request,2024-04-21,Original Ceramic - Aegean,direct,
01137e2c,CUST-02140,purchase,2024-05-17,Glass - Midnight,direct,746.13
6a63c73a,CUST-02141,site_visit,2025-05-22,,referral,
85e6d74f,CUST-02141,visualizer_use,2025-05-28,Natural Press - Oatmeal,referral,
fd89ab4b,CUST-02141,sample_request,2025-05-30,Natural Press - Oatmeal,referral,
cb142a08,CUST-02141,sample_request,2025-06-28,Original Ceramic - Aegean,referral,
dd0c8f58,CUST-02141,purchase,2025-07-16,Thin Brick - Weathered White,referral,1262.12
ec0d6d69,CUST-02142,site_visit,2024-09-28,,email_capture,
2164ec38,CUST-02142,purchase,2024-11-10,Glass - Midnight,email_capture,1492.24
7273834a,CUST-02142,repeat_purchase,2025-06-20,Original Ceramic - Aegean,email_capture,1273.1
ef2707e5,CUST-02143,site_visit,2025-08-20,,trade_show,
4609ea12,CUST-02143,sample_request,2025-09-10,Natural Press - Oatmeal,trade_show,
b3f3b390,CUST-02143,sample_request,2025-09-17,Glass - Champagne,trade_show,
ff3351fe,CUST-02143,purchase,2025-09-21,Thin Brick - Charcoal,trade_show,6684.92
d2d448f2,CUST-02144,site_visit,2024-10-20,,organic_search,
1b908009,CUST-02144,sample_request,2024-10-27,Thin Brick - Terracotta,organic_search,
ded93faa,CUST-02144,purchase,2024-11-25,Glass - Seaglass,organic_search,1510.9
94482b35,CUST-02145,site_visit,2024-11-30,,trade_show,
18a2916e,CUST-02145,sample_request,2024-12-19,Natural Press - Sable,trade_show,
16563351,CUST-02146,site_visit,2024-01-11,,email_capture,
1f41657d,CUST-02146,sample_request,2024-01-30,Original Ceramic - Aegean,email_capture,
59b30123,CUST-02146,sample_request,2024-02-16,Thin Brick - Terracotta,email_capture,
57ba1bec,CUST-02146,purchase,2024-03-10,Glass - Seaglass,email_capture,1494.45
1ccebf41,CUST-02147,site_visit,2024-07-25,,trade_show,
1c450827,CUST-02148,site_visit,2024-12-13,,organic_search,
4a86b74c,CUST-02148,sample_request,2024-12-16,Thin Brick - Charcoal,organic_search,
c6f821b4,CUST-02148,sample_request,2025-01-08,Original Ceramic - Clamshell,organic_search,
0f23c439,CUST-02148,purchase,2025-01-04,Glass - Seaglass,organic_search,1185.21
137b86dc,CUST-02149,site_visit,2024-06-14,,organic_search,
13ccaa09,CUST-02149,sample_request,2024-07-02,Original Ceramic - Clamshell,organic_search,
4bd0e2be,CUST-02149,sample_request,2024-07-12,Original Ceramic - Sage,organic_search,
1d88c1ad,CUST-02149,purchase,2024-08-09,Original Ceramic - Aegean,organic_search,488.84
d2db1bee,CUST-02150,site_visit,2025-02-17,,referral,
703a9853,CUST-02150,visualizer_use,2025-02-27,Natural Press - Sable,referral,
430a71ed,CUST-02150,sample_request,2025-02-19,Original Ceramic - Aegean,referral,
22834373,CUST-02150,purchase,2025-04-01,Glass - Champagne,referral,504.35
7203d7dc,CUST-02151,site_visit,2024-08-16,,referral,
b282befa,CUST-02152,site_visit,2024-09-12,,referral,
b0948713,CUST-02152,visualizer_use,2024-09-14,Original Ceramic - Aegean,referral,
eb1f4404,CUST-02152,sample_request,2024-09-23,Natural Press - Sable,referral,
c76f9c57,CUST-02152,purchase,2024-10-27,Thin Brick - Charcoal,referral,1519.68
36f96f2c,CUST-02152,repeat_purchase,2025-01-08,Glass - Seaglass,referral,1362.88
a0367089,CUST-02153,site_visit,2024-10-13,,showroom_walkin,
ec6d2bc9,CUST-02153,sample_request,2024-10-13,Natural Press - Sable,showroom_walkin,
eb1779a0,CUST-02154,site_visit,2025-04-02,,organic_search,
cdbde732,CUST-02154,sample_request,2025-04-04,Glass - Midnight,organic_search,
7bbaa2f7,CUST-02154,sample_request,2025-04-23,Glass - Midnight,organic_search,
8b80ff26,CUST-02155,site_visit,2024-12-05,,direct,
1d087bc7,CUST-02156,site_visit,2024-09-14,,trade_show,
c7461e36,CUST-02156,visualizer_use,2024-09-19,Glass - Seaglass,trade_show,
3a6b7e29,CUST-02156,sample_request,2024-09-28,Glass - Champagne,trade_show,
05531982,CUST-02156,purchase,2024-11-05,Natural Press - Fog,trade_show,1644.87
a7c9ee5d,CUST-02156,repeat_purchase,2025-03-31,Glass - Seaglass,trade_show,956.63
0c42ce32,CUST-02157,site_visit,2024-10-25,,referral,
2473f6ff,CUST-02157,sample_request,2024-11-04,Original Ceramic - Aegean,referral,
531a04dd,CUST-02157,purchase,2024-12-11,Original Ceramic - Clamshell,referral,21525.89
3e7069e1,CUST-02158,site_visit,2024-04-21,,paid_social,
f9fc9edd,CUST-02158,sample_request,2024-05-07,Thin Brick - Terracotta,paid_social,
c2c4e026,CUST-02158,purchase,2024-05-24,Glass - Champagne,paid_social,1011.86
3a9700ea,CUST-02159,site_visit,2024-04-14,,paid_social,
2b3b03e9,CUST-02160,site_visit,2024-08-28,,trade_show,
5a0ea427,CUST-02160,visualizer_use,2024-08-28,Original Ceramic - Sage,trade_show,
ecf1a3d1,CUST-02161,site_visit,2024-06-01,,paid_social,
05357021,CUST-02161,sample_request,2024-06-11,Glass - Seaglass,paid_social,
96e2d3ee,CUST-02161,purchase,2024-07-21,Natural Press - Sable,paid_social,1403.9
0162708a,CUST-02161,repeat_purchase,2024-09-26,Glass - Seaglass,paid_social,1270.28
f06fc1dd,CUST-02162,site_visit,2024-03-09,,email_capture,
973e134c,CUST-02162,sample_request,2024-03-20,Glass - Seaglass,email_capture,
9fa6dfdc,CUST-02162,sample_request,2024-03-27,Natural Press - Sable,email_capture,
e6c2d410,CUST-02162,purchase,2024-05-14,Glass - Seaglass,email_capture,1366.66
49e47a37,CUST-02163,site_visit,2024-07-03,,organic_search,
3748c8ff,CUST-02163,sample_request,2024-07-21,Glass - Seaglass,organic_search,
88fadc15,CUST-02163,sample_request,2024-08-17,Thin Brick - Terracotta,organic_search,
fbab0f17,CUST-02164,site_visit,2024-04-20,,organic_search,
c1ad4326,CUST-02164,sample_request,2024-04-23,Original Ceramic - Clamshell,organic_search,
5fc6ba80,CUST-02165,site_visit,2024-08-01,,showroom_walkin,
eaac1d97,CUST-02165,visualizer_use,2024-08-03,Original Ceramic - Sage,showroom_walkin,
561ea400,CUST-02165,sample_request,2024-08-06,Thin Brick - Terracotta,showroom_walkin,
aa74a9bc,CUST-02166,site_visit,2025-07-24,,direct,
294cf39b,CUST-02166,sample_request,2025-08-09,Natural Press - Oatmeal,direct,
0397e01c,CUST-02166,purchase,2025-10-05,Original Ceramic - Sage,direct,473.65
b8d0bd41,CUST-02167,site_visit,2025-08-16,,paid_social,
8bb1e37b,CUST-02167,sample_request,2025-08-18,Thin Brick - Weathered White,paid_social,
7e71b0be,CUST-02168,site_visit,2024-11-09,,organic_search,
2018f503,CUST-02168,sample_request,2024-11-25,Original Ceramic - Clamshell,organic_search,
4a855ce2,CUST-02168,project_upload,2024-12-08,,organic_search,
17699ba4,CUST-02168,purchase,2025-01-05,Glass - Champagne,organic_search,14597.57
98f0904d,CUST-02169,site_visit,2024-03-21,,organic_search,
f5c4ee00,CUST-02170,site_visit,2024-09-23,,architect_referral,
acb8abb9,CUST-02170,visualizer_use,2024-09-25,Glass - Midnight,architect_referral,
a6282ba8,CUST-02170,sample_request,2024-09-25,Original Ceramic - Aegean,architect_referral,
5bd8c173,CUST-02170,purchase,2024-11-01,Original Ceramic - Aegean,architect_referral,788.17
51e61243,CUST-02171,site_visit,2025-07-26,,referral,
a6e85b4f,CUST-02171,visualizer_use,2025-07-26,Glass - Champagne,referral,
48273052,CUST-02171,sample_request,2025-08-01,Glass - Champagne,referral,
1fa028fd,CUST-02171,purchase,2025-08-09,Thin Brick - Weathered White,referral,548.84
6ea32f75,CUST-02172,site_visit,2025-04-07,,paid_social,
06bdf223,CUST-02173,site_visit,2025-05-08,,email_capture,
4dcaedb2,CUST-02173,sample_request,2025-05-10,Glass - Seaglass,email_capture,
30e86310,CUST-02173,purchase,2025-07-06,Natural Press - Oatmeal,email_capture,1147.8
d2bc778c,CUST-02174,site_visit,2025-06-12,,direct,
89b255d0,CUST-02174,sample_request,2025-06-26,Original Ceramic - Aegean,direct,
218abdfb,CUST-02174,sample_request,2025-07-26,Natural Press - Oatmeal,direct,
ae43e6d6,CUST-02175,site_visit,2025-01-24,,showroom_walkin,
afb57f13,CUST-02175,visualizer_use,2025-02-01,Thin Brick - Weathered White,showroom_walkin,
bd8731f3,CUST-02175,sample_request,2025-01-29,Glass - Champagne,showroom_walkin,
3ac810c2,CUST-02175,sample_request,2025-02-24,Thin Brick - Weathered White,showroom_walkin,
7be28dba,CUST-02175,purchase,2025-02-06,Glass - Seaglass,showroom_walkin,897.49
49b2389f,CUST-02176,site_visit,2024-02-09,,trade_show,
dddc868c,CUST-02176,visualizer_use,2024-02-13,Original Ceramic - Aegean,trade_show,
8533b2a7,CUST-02177,site_visit,2024-05-28,,showroom_walkin,
706f5b03,CUST-02177,visualizer_use,2024-06-04,Thin Brick - Terracotta,showroom_walkin,
fa1da93d,CUST-02178,site_visit,2024-11-14,,paid_social,
252c22ab,CUST-02178,sample_request,2024-11-27,Thin Brick - Terracotta,paid_social,
16e6b9f0,CUST-02179,site_visit,2024-08-06,,organic_search,
36cb828c,CUST-02179,sample_request,2024-08-11,Thin Brick - Charcoal,organic_search,
777caac3,CUST-02179,sample_request,2024-09-05,Glass - Seaglass,organic_search,
f9f59027,CUST-02179,purchase,2024-09-10,Thin Brick - Terracotta,organic_search,794.02
5414544e,CUST-02180,site_visit,2025-04-10,,email_capture,
9aa0c35b,CUST-02181,site_visit,2024-04-27,,showroom_walkin,
62dc222f,CUST-02181,sample_request,2024-05-02,Natural Press - Fog,showroom_walkin,
a636debb,CUST-02181,sample_request,2024-05-24,Thin Brick - Charcoal,showroom_walkin,
929c1432,CUST-02182,site_visit,2024-09-11,,showroom_walkin,
f02bcceb,CUST-02182,visualizer_use,2024-09-15,Original Ceramic - Aegean,showroom_walkin,
122a88a3,CUST-02182,sample_request,2024-09-16,Thin Brick - Weathered White,showroom_walkin,
400a5a22,CUST-02182,sample_request,2024-10-02,Thin Brick - Terracotta,showroom_walkin,
4fd201ac,CUST-02183,site_visit,2024-11-18,,paid_social,
dfdc3ece,CUST-02183,visualizer_use,2024-11-28,Thin Brick - Charcoal,paid_social,
2efcab8c,CUST-02183,sample_request,2024-11-20,Thin Brick - Weathered White,paid_social,
de517ca2,CUST-02183,purchase,2025-01-06,Natural Press - Fog,paid_social,1015.48
613b8a49,CUST-02183,repeat_purchase,2025-07-21,Natural Press - Sable,paid_social,654.73
79aa6528,CUST-02184,site_visit,2025-07-14,,architect_referral,
11e49304,CUST-02184,sample_request,2025-08-01,Natural Press - Fog,architect_referral,
f9a9d28c,CUST-02184,purchase,2025-08-29,Thin Brick - Weathered White,architect_referral,18492.06
2b7f9aa2,CUST-02185,site_visit,2024-07-09,,referral,
d6ae900b,CUST-02186,site_visit,2024-05-31,,referral,
e6499469,CUST-02186,sample_request,2024-06-07,Natural Press - Oatmeal,referral,
aa47923e,CUST-02186,purchase,2024-06-15,Natural Press - Fog,referral,1209.69
88acd728,CUST-02187,site_visit,2024-07-10,,referral,
2b8087fb,CUST-02187,visualizer_use,2024-07-18,Natural Press - Oatmeal,referral,
d9b4d221,CUST-02187,sample_request,2024-07-19,Natural Press - Oatmeal,referral,
72f46d0f,CUST-02188,site_visit,2024-10-26,,trade_show,
7e8a629d,CUST-02189,site_visit,2024-06-09,,direct,
656d4780,CUST-02189,purchase,2024-07-23,Original Ceramic - Aegean,direct,1173.03
75a622d7,CUST-02190,site_visit,2025-02-13,,organic_search,
a6302e31,CUST-02190,visualizer_use,2025-02-21,Natural Press - Sable,organic_search,
0c9f423a,CUST-02190,sample_request,2025-02-21,Natural Press - Oatmeal,organic_search,
82c0a311,CUST-02191,site_visit,2025-05-10,,organic_search,
fe12a82f,CUST-02191,visualizer_use,2025-05-10,Natural Press - Oatmeal,organic_search,
5e4fb721,CUST-02191,sample_request,2025-05-18,Original Ceramic - Clamshell,organic_search,
3011811b,CUST-02191,sample_request,2025-06-04,Thin Brick - Weathered White,organic_search,
4995a319,CUST-02192,site_visit,2025-02-05,,referral,
aa51dda5,CUST-02192,sample_request,2025-02-10,Glass - Midnight,referral,
4e32814b,CUST-02193,site_visit,2024-07-16,,architect_referral,
e76156cb,CUST-02193,visualizer_use,2024-07-18,Thin Brick - Weathered White,architect_referral,
742a6b9a,CUST-02193,purchase,2024-08-23,Thin Brick - Terracotta,architect_referral,9225.91
54aadd15,CUST-02194,site_visit,2024-10-30,,organic_search,
030d085d,CUST-02194,visualizer_use,2024-11-03,Glass - Seaglass,organic_search,
a4d84634,CUST-02194,sample_request,2024-11-04,Natural Press - Sable,organic_search,
6e3ce3d1,CUST-02194,sample_request,2024-11-21,Original Ceramic - Aegean,organic_search,
555604d8,CUST-02194,purchase,2024-12-22,Glass - Midnight,organic_search,731.66
1edc2936,CUST-02195,site_visit,2025-05-30,,referral,
0e72f8c0,CUST-02196,site_visit,2024-10-04,,architect_referral,
0207326c,CUST-02196,visualizer_use,2024-10-09,Glass - Midnight,architect_referral,
661c0281,CUST-02196,sample_request,2024-10-08,Thin Brick - Terracotta,architect_referral,
bca751b9,CUST-02196,purchase,2024-11-21,Natural Press - Sable,architect_referral,1450.5
c52dcbe0,CUST-02197,site_visit,2025-08-20,,referral,
6e21733b,CUST-02197,sample_request,2025-08-26,Original Ceramic - Aegean,referral,
34947878,CUST-02197,purchase,2025-09-15,Thin Brick - Weathered White,referral,434.73
8e3edc3a,CUST-02198,site_visit,2025-04-24,,organic_search,
7eafc7d5,CUST-02199,site_visit,2025-06-25,,paid_social,
1bd0c811,CUST-02199,sample_request,2025-07-01,Natural Press - Fog,paid_social,
1818ea07,CUST-02199,purchase,2025-08-01,Thin Brick - Charcoal,paid_social,1739.32
d408787d,CUST-02200,site_visit,2024-01-14,,email_capture,
64d3b1f1,CUST-02200,visualizer_use,2024-01-19,Glass - Champagne,email_capture,
2bfaf103,CUST-02200,sample_request,2024-01-19,Thin Brick - Terracotta,email_capture,
21387f14,CUST-02201,site_visit,2024-04-19,,organic_search,
820141b0,CUST-02202,site_visit,2024-08-26,,paid_social,
6ee43372,CUST-02202,sample_request,2024-08-28,Original Ceramic - Aegean,paid_social,
db498b9a,CUST-02202,purchase,2024-10-15,Glass - Seaglass,paid_social,1006.4
cc8e868c,CUST-02202,repeat_purchase,2025-04-14,Natural Press - Fog,paid_social,1452.28
43fc4976,CUST-02203,site_visit,2025-08-05,,trade_show,
8cc67580,CUST-02203,sample_request,2025-08-23,Thin Brick - Weathered White,trade_show,
4ec75ae3,CUST-02204,site_visit,2025-01-30,,paid_social,
f6dbe8e2,CUST-02204,purchase,2025-03-21,Thin Brick - Weathered White,paid_social,1414.3
75d17766,CUST-02205,site_visit,2024-04-09,,showroom_walkin,
0b3e2a29,CUST-02205,sample_request,2024-04-27,Glass - Seaglass,showroom_walkin,
b25e1968,CUST-02206,site_visit,2025-06-01,,direct,
0b753587,CUST-02207,site_visit,2025-06-05,,organic_search,
1d476bbd,CUST-02207,purchase,2025-07-18,Natural Press - Fog,organic_search,1149.21
7e3ec92b,CUST-02208,site_visit,2025-02-21,,referral,
7986a21a,CUST-02208,sample_request,2025-02-28,Natural Press - Sable,referral,
647534dd,CUST-02208,purchase,2025-04-03,Original Ceramic - Clamshell,referral,1049.27
554e8366,CUST-02209,site_visit,2024-05-23,,showroom_walkin,
27f68200,CUST-02210,site_visit,2024-06-21,,paid_social,
61f886eb,CUST-02210,sample_request,2024-07-05,Glass - Midnight,paid_social,
8c6589fb,CUST-02210,purchase,2024-08-14,Thin Brick - Charcoal,paid_social,534.65
bb39f167,CUST-02211,site_visit,2024-09-19,,organic_search,
b2922331,CUST-02211,sample_request,2024-09-24,Original Ceramic - Clamshell,organic_search,
38864b49,CUST-02212,site_visit,2024-03-14,,paid_social,
c474a9ce,CUST-02212,visualizer_use,2024-03-18,Thin Brick - Charcoal,paid_social,
4eb2a2f1,CUST-02212,sample_request,2024-03-26,Thin Brick - Charcoal,paid_social,
7583b0f3,CUST-02212,sample_request,2024-04-25,Glass - Midnight,paid_social,
4934c9e9,CUST-02212,purchase,2024-04-23,Original Ceramic - Aegean,paid_social,1392.92
9a87126d,CUST-02213,site_visit,2024-09-12,,referral,
b2bc2e6b,CUST-02213,visualizer_use,2024-09-21,Natural Press - Sable,referral,
ff3848a1,CUST-02213,sample_request,2024-09-23,Original Ceramic - Clamshell,referral,
99d1b334,CUST-02213,sample_request,2024-10-23,Glass - Champagne,referral,
dbdae55c,CUST-02213,purchase,2024-10-24,Thin Brick - Charcoal,referral,1621.71
a709d030,CUST-02214,site_visit,2025-02-21,,referral,
3eebb3f7,CUST-02214,visualizer_use,2025-03-03,Original Ceramic - Sage,referral,
d50d4840,CUST-02214,sample_request,2025-03-06,Glass - Midnight,referral,
3163d088,CUST-02215,site_visit,2024-11-16,,referral,
49298e66,CUST-02215,sample_request,2024-11-19,Natural Press - Fog,referral,
68751c55,CUST-02216,site_visit,2024-09-15,,paid_social,
1859a1d9,CUST-02217,site_visit,2024-02-15,,referral,
ef7e63db,CUST-02217,sample_request,2024-02-19,Thin Brick - Terracotta,referral,
a2a256b7,CUST-02217,sample_request,2024-02-28,Glass - Seaglass,referral,
a770fa47,CUST-02217,purchase,2024-04-01,Original Ceramic - Clamshell,referral,1033.73
7936bfeb,CUST-02218,site_visit,2025-02-27,,organic_search,
8ce416a2,CUST-02218,sample_request,2025-03-15,Glass - Champagne,organic_search,
538587e4,CUST-02218,sample_request,2025-03-20,Natural Press - Fog,organic_search,
976f4c4b,CUST-02219,site_visit,2025-05-05,,referral,
c4d36c12,CUST-02219,sample_request,2025-05-19,Original Ceramic - Sage,referral,
e06a40c1,CUST-02219,sample_request,2025-06-17,Glass - Seaglass,referral,
16b77b0f,CUST-02219,purchase,2025-06-05,Natural Press - Oatmeal,referral,1715.35
1d8159da,CUST-02220,site_visit,2024-03-11,,paid_social,
4beb8911,CUST-02220,visualizer_use,2024-03-11,Thin Brick - Charcoal,paid_social,
01cfdc5b,CUST-02221,site_visit,2024-06-07,,trade_show,
d0a15238,CUST-02221,visualizer_use,2024-06-16,Thin Brick - Charcoal,trade_show,
23ecf25a,CUST-02222,site_visit,2024-05-24,,organic_search,
b216d742,CUST-02223,site_visit,2024-08-08,,paid_social,
d534227a,CUST-02223,visualizer_use,2024-08-13,Glass - Champagne,paid_social,
0e98a0bf,CUST-02223,sample_request,2024-08-12,Original Ceramic - Aegean,paid_social,
1458b0de,CUST-02223,sample_request,2024-08-25,Thin Brick - Terracotta,paid_social,
4d9d1632,CUST-02223,purchase,2024-09-30,Thin Brick - Charcoal,paid_social,1461.2
1bbe857a,CUST-02223,repeat_purchase,2025-03-18,Natural Press - Fog,paid_social,908.42
4739793b,CUST-02224,site_visit,2025-04-20,,organic_search,
062d537e,CUST-02224,visualizer_use,2025-04-24,Glass - Champagne,organic_search,
7f8934af,CUST-02224,sample_request,2025-04-22,Glass - Champagne,organic_search,
9ca94c76,CUST-02224,purchase,2025-05-16,Glass - Champagne,organic_search,872.06
e4c44adf,CUST-02225,site_visit,2025-06-13,,referral,
2fbba9b9,CUST-02226,site_visit,2024-12-30,,architect_referral,
2589d27e,CUST-02226,visualizer_use,2025-01-09,Thin Brick - Charcoal,architect_referral,
a6bb0030,CUST-02227,site_visit,2025-01-17,,paid_social,
67f1a527,CUST-02227,sample_request,2025-01-20,Natural Press - Fog,paid_social,
fcfdb913,CUST-02227,sample_request,2025-01-31,Glass - Seaglass,paid_social,
7f1f7c3f,CUST-02228,site_visit,2025-05-10,,architect_referral,
c61c9d85,CUST-02228,visualizer_use,2025-05-20,Glass - Midnight,architect_referral,
ade10036,CUST-02228,sample_request,2025-05-15,Thin Brick - Terracotta,architect_referral,
ddcc1218,CUST-02228,purchase,2025-06-21,Original Ceramic - Clamshell,architect_referral,1364.73
f5a0c1aa,CUST-02229,site_visit,2024-02-25,,direct,
653b717d,CUST-02229,sample_request,2024-03-17,Original Ceramic - Aegean,direct,
63dfa4fd,CUST-02229,purchase,2024-04-22,Thin Brick - Charcoal,direct,830.35
6f8a0092,CUST-02230,site_visit,2024-07-18,,organic_search,
861b397b,CUST-02230,visualizer_use,2024-07-24,Glass - Champagne,organic_search,
0cb9192c,CUST-02230,sample_request,2024-07-31,Original Ceramic - Clamshell,organic_search,
e3858fdf,CUST-02231,site_visit,2024-11-27,,paid_social,
7f787433,CUST-02232,site_visit,2024-11-13,,showroom_walkin,
57f5f754,CUST-02232,sample_request,2024-11-21,Natural Press - Fog,showroom_walkin,
fd6e82d9,CUST-02233,site_visit,2025-04-11,,trade_show,
3963e9f9,CUST-02233,sample_request,2025-04-12,Glass - Seaglass,trade_show,
330e4c89,CUST-02233,sample_request,2025-04-19,Glass - Champagne,trade_show,
483ebd8d,CUST-02233,project_upload,2025-05-04,,trade_show,
46d0ed6a,CUST-02233,purchase,2025-05-12,Natural Press - Fog,trade_show,17787.93
41f9d89e,CUST-02234,site_visit,2024-06-04,,paid_social,
55656f70,CUST-02234,sample_request,2024-06-20,Original Ceramic - Aegean,paid_social,
b654fcfe,CUST-02234,sample_request,2024-07-17,Glass - Midnight,paid_social,
49f3dd6d,CUST-02234,purchase,2024-08-18,Original Ceramic - Aegean,paid_social,671.15
dceddc64,CUST-02235,site_visit,2025-03-25,,referral,
259c56f5,CUST-02236,site_visit,2025-02-03,,architect_referral,
df143f48,CUST-02236,sample_request,2025-02-19,Thin Brick - Charcoal,architect_referral,
601e50f8,CUST-02236,sample_request,2025-03-19,Natural Press - Fog,architect_referral,
35d379f4,CUST-02236,purchase,2025-03-01,Natural Press - Oatmeal,architect_referral,1155.53
2d1ccaf0,CUST-02237,site_visit,2025-07-31,,trade_show,
89b0bdd4,CUST-02237,visualizer_use,2025-08-05,Thin Brick - Terracotta,trade_show,
c40512b9,CUST-02238,site_visit,2025-06-28,,email_capture,
7acdad14,CUST-02239,site_visit,2025-06-14,,organic_search,
a8f7019c,CUST-02239,visualizer_use,2025-06-23,Natural Press - Sable,organic_search,
edc0dc6f,CUST-02239,sample_request,2025-06-26,Natural Press - Oatmeal,organic_search,
9018a96f,CUST-02240,site_visit,2024-07-04,,email_capture,
0747f859,CUST-02240,sample_request,2024-07-18,Natural Press - Sable,email_capture,
1c074af6,CUST-02240,purchase,2024-08-02,Glass - Seaglass,email_capture,1120.05
d20fe4bb,CUST-02240,repeat_purchase,2024-11-22,Natural Press - Sable,email_capture,429.52
895bb06f,CUST-02241,site_visit,2024-03-17,,referral,
2ee32dc7,CUST-02241,purchase,2024-05-04,Thin Brick - Terracotta,referral,25994.31
05b6c0bd,CUST-02241,repeat_purchase,2024-10-04,Original Ceramic - Sage,referral,9045.04
cd8026d0,CUST-02242,site_visit,2025-07-14,,trade_show,
fd4976c5,CUST-02242,sample_request,2025-08-04,Thin Brick - Charcoal,trade_show,
ad83aa07,CUST-02242,sample_request,2025-08-12,Glass - Midnight,trade_show,
4ab5525a,CUST-02242,purchase,2025-08-23,Glass - Champagne,trade_show,1335.97
3253a28d,CUST-02243,site_visit,2024-02-22,,organic_search,
6b384a88,CUST-02243,visualizer_use,2024-02-24,Natural Press - Sable,organic_search,
0069a81b,CUST-02243,sample_request,2024-02-28,Thin Brick - Terracotta,organic_search,
2a773de2,CUST-02243,purchase,2024-03-31,Original Ceramic - Sage,organic_search,1652.82
be2c5de3,CUST-02243,repeat_purchase,2024-08-31,Thin Brick - Weathered White,organic_search,1152.83
4523c589,CUST-02244,site_visit,2024-02-06,,paid_social,
37a9c78d,CUST-02244,visualizer_use,2024-02-11,Natural Press - Fog,paid_social,
3b8744e5,CUST-02244,sample_request,2024-02-15,Natural Press - Fog,paid_social,
734d1ab5,CUST-02245,site_visit,2025-02-02,,referral,
562fea45,CUST-02245,sample_request,2025-02-08,Glass - Champagne,referral,
009a1c36,CUST-02245,purchase,2025-03-27,Thin Brick - Weathered White,referral,943.64
b60d87bc,CUST-02246,site_visit,2024-11-18,,organic_search,
b52fec12,CUST-02247,site_visit,2024-11-26,,architect_referral,
fe1d9385,CUST-02247,sample_request,2024-12-02,Original Ceramic - Clamshell,architect_referral,
57566fc3,CUST-02247,sample_request,2024-12-08,Glass - Seaglass,architect_referral,
2519892d,CUST-02247,purchase,2024-12-13,Original Ceramic - Aegean,architect_referral,1203.82
fa63bf7b,CUST-02248,site_visit,2024-09-04,,paid_social,
9990272c,CUST-02248,visualizer_use,2024-09-06,Original Ceramic - Aegean,paid_social,
92f2dc3b,CUST-02248,purchase,2024-10-06,Original Ceramic - Clamshell,paid_social,552.34
b78a4ecf,CUST-02249,site_visit,2024-05-14,,referral,
e1eaa5af,CUST-02249,sample_request,2024-05-21,Thin Brick - Terracotta,referral,
f2b38d33,CUST-02249,sample_request,2024-05-29,Natural Press - Oatmeal,referral,
ec01e343,CUST-02249,project_upload,2024-06-16,,referral,
b25365cb,CUST-02249,purchase,2024-06-13,Natural Press - Fog,referral,17962.57
0cf1fb05,CUST-02250,site_visit,2024-11-26,,trade_show,
0b687b50,CUST-02250,visualizer_use,2024-12-04,Natural Press - Sable,trade_show,
93775048,CUST-02250,sample_request,2024-12-04,Glass - Seaglass,trade_show,
0abdc515,CUST-02251,site_visit,2025-01-19,,referral,
72e0df81,CUST-02251,visualizer_use,2025-01-19,Glass - Seaglass,referral,
882b27a7,CUST-02251,sample_request,2025-01-23,Glass - Seaglass,referral,
479d20b0,CUST-02251,sample_request,2025-01-31,Thin Brick - Terracotta,referral,
9aa2cc88,CUST-02252,site_visit,2024-07-21,,paid_social,
43a65565,CUST-02252,sample_request,2024-08-04,Glass - Midnight,paid_social,
1c31e5c3,CUST-02252,sample_request,2024-08-18,Natural Press - Oatmeal,paid_social,
22d8a4bd,CUST-02253,site_visit,2024-06-13,,organic_search,
329c11c8,CUST-02253,purchase,2024-06-30,Thin Brick - Weathered White,organic_search,704.46
5a825c85,CUST-02254,site_visit,2024-10-11,,trade_show,
28e64d9d,CUST-02254,visualizer_use,2024-10-16,Glass - Seaglass,trade_show,
bf9229a1,CUST-02254,sample_request,2024-10-12,Glass - Champagne,trade_show,
a2fb3f36,CUST-02255,site_visit,2024-07-12,,organic_search,
f3a1b95e,CUST-02255,sample_request,2024-07-19,Natural Press - Oatmeal,organic_search,
d6fba77f,CUST-02256,site_visit,2024-12-14,,trade_show,
8257d785,CUST-02257,site_visit,2024-07-05,,paid_social,
3a47bf8c,CUST-02258,site_visit,2024-10-18,,showroom_walkin,
042ffd39,CUST-02258,visualizer_use,2024-10-21,Thin Brick - Terracotta,showroom_walkin,
471f718f,CUST-02258,sample_request,2024-10-29,Glass - Seaglass,showroom_walkin,
1567790e,CUST-02258,purchase,2024-11-13,Original Ceramic - Clamshell,showroom_walkin,1330.4
912927c5,CUST-02259,site_visit,2025-01-12,,organic_search,
5e91c3f4,CUST-02260,site_visit,2024-03-14,,showroom_walkin,
ece04466,CUST-02260,visualizer_use,2024-03-24,Thin Brick - Weathered White,showroom_walkin,
3c27a76b,CUST-02260,sample_request,2024-03-15,Thin Brick - Terracotta,showroom_walkin,
11b7aca3,CUST-02260,purchase,2024-04-18,Original Ceramic - Clamshell,showroom_walkin,1550.09
0863e2b5,CUST-02261,site_visit,2024-08-18,,showroom_walkin,
0b684c5e,CUST-02262,site_visit,2024-07-31,,email_capture,
d9015ec3,CUST-02263,site_visit,2025-01-08,,email_capture,
d52c3bfa,CUST-02263,sample_request,2025-01-20,Natural Press - Sable,email_capture,
91fc9ae7,CUST-02263,purchase,2025-02-24,Thin Brick - Charcoal,email_capture,1310.74
32b21325,CUST-02264,site_visit,2024-01-31,,organic_search,
e3bd60d4,CUST-02264,sample_request,2024-01-31,Natural Press - Fog,organic_search,
fc92f29f,CUST-02264,project_upload,2024-03-04,,organic_search,
011a3c94,CUST-02264,purchase,2024-02-08,Thin Brick - Weathered White,organic_search,8851.28
dd3cb3f7,CUST-02265,site_visit,2024-03-14,,showroom_walkin,
d61fdc93,CUST-02265,visualizer_use,2024-03-20,Natural Press - Sable,showroom_walkin,
1adc8c91,CUST-02265,sample_request,2024-03-19,Original Ceramic - Sage,showroom_walkin,
069b932a,CUST-02265,sample_request,2024-04-01,Thin Brick - Charcoal,showroom_walkin,
77dacd2d,CUST-02266,site_visit,2025-01-08,,referral,
658f34d2,CUST-02266,sample_request,2025-01-11,Natural Press - Sable,referral,
d994ae05,CUST-02266,project_upload,2025-02-02,,referral,
c8940f91,CUST-02266,purchase,2025-02-16,Thin Brick - Charcoal,referral,13484.27
356bcc1e,CUST-02266,repeat_purchase,2025-07-25,Natural Press - Fog,referral,3890.42
16a0a513,CUST-02267,site_visit,2025-04-27,,trade_show,
023f13ab,CUST-02267,purchase,2025-05-20,Glass - Midnight,trade_show,24899.9
179249c2,CUST-02268,site_visit,2024-03-17,,paid_social,
08e8fd49,CUST-02268,sample_request,2024-03-22,Natural Press - Sable,paid_social,
10acb512,CUST-02269,site_visit,2024-08-23,,architect_referral,
e9f0cabb,CUST-02269,sample_request,2024-08-30,Original Ceramic - Sage,architect_referral,
513496ac,CUST-02269,sample_request,2024-09-28,Thin Brick - Terracotta,architect_referral,
df8d2b7a,CUST-02270,site_visit,2024-06-17,,showroom_walkin,
e09502b9,CUST-02271,site_visit,2024-11-09,,paid_social,
14133296,CUST-02271,sample_request,2024-11-15,Natural Press - Sable,paid_social,
73e58319,CUST-02271,sample_request,2024-12-03,Natural Press - Sable,paid_social,
3e537725,CUST-02271,purchase,2024-12-22,Thin Brick - Terracotta,paid_social,739.99
0cd548d6,CUST-02272,site_visit,2024-03-26,,organic_search,
dff4729e,CUST-02272,visualizer_use,2024-04-02,Original Ceramic - Clamshell,organic_search,
6a75ee0f,CUST-02272,sample_request,2024-03-30,Original Ceramic - Aegean,organic_search,
e7818a6d,CUST-02273,site_visit,2025-06-06,,paid_social,
1e242e81,CUST-02274,site_visit,2024-04-09,,trade_show,
c8755957,CUST-02274,sample_request,2024-04-21,Thin Brick - Charcoal,trade_show,
3066da83,CUST-02275,site_visit,2025-02-14,,organic_search,
4c9dcaf8,CUST-02275,sample_request,2025-02-16,Original Ceramic - Aegean,organic_search,
1f7ed27a,CUST-02275,sample_request,2025-02-21,Thin Brick - Terracotta,organic_search,
9adaac0b,CUST-02275,purchase,2025-04-06,Glass - Midnight,organic_search,1317.28
84c1b7e4,CUST-02276,site_visit,2024-12-20,,referral,
98609da1,CUST-02276,visualizer_use,2024-12-25,Natural Press - Fog,referral,
4da6f6cb,CUST-02276,sample_request,2024-12-31,Original Ceramic - Aegean,referral,
9d221418,CUST-02277,site_visit,2024-02-19,,organic_search,
9d22487e,CUST-02277,visualizer_use,2024-02-25,Natural Press - Sable,organic_search,
b973081a,CUST-02277,sample_request,2024-02-21,Thin Brick - Weathered White,organic_search,
478a2207,CUST-02277,sample_request,2024-03-01,Natural Press - Sable,organic_search,
438ec553,CUST-02277,purchase,2024-03-03,Natural Press - Fog,organic_search,949.41
6c239103,CUST-02278,site_visit,2025-02-12,,organic_search,
c5c8c31c,CUST-02278,sample_request,2025-03-01,Natural Press - Oatmeal,organic_search,
fd94f049,CUST-02278,purchase,2025-04-30,Glass - Midnight,organic_search,1723.68
a15ae30d,CUST-02279,site_visit,2024-12-06,,trade_show,
89321284,CUST-02279,visualizer_use,2024-12-07,Natural Press - Fog,trade_show,
7bbd8c35,CUST-02280,site_visit,2025-07-05,,paid_social,
3d189047,CUST-02280,visualizer_use,2025-07-11,Glass - Midnight,paid_social,
15fd340f,CUST-02280,sample_request,2025-07-12,Glass - Midnight,paid_social,
36a2eb5f,CUST-02280,purchase,2025-08-01,Natural Press - Fog,paid_social,1480.83
05b2ce5b,CUST-02281,site_visit,2024-07-25,,trade_show,
ee463ffb,CUST-02281,visualizer_use,2024-07-25,Natural Press - Oatmeal,trade_show,
29bab7d4,CUST-02281,sample_request,2024-07-27,Original Ceramic - Aegean,trade_show,
50c5a391,CUST-02281,sample_request,2024-08-01,Glass - Champagne,trade_show,
2fa44e2b,CUST-02281,project_upload,2024-08-13,,trade_show,
ac8f7ef3,CUST-02281,purchase,2024-09-10,Original Ceramic - Aegean,trade_show,18511.57
c0adad17,CUST-02282,site_visit,2025-02-14,,organic_search,
77a063ff,CUST-02282,sample_request,2025-03-04,Natural Press - Sable,organic_search,
805a4735,CUST-02283,site_visit,2025-03-30,,architect_referral,
6cd9d923,CUST-02283,visualizer_use,2025-04-05,Original Ceramic - Aegean,architect_referral,
cfbcdc7a,CUST-02284,site_visit,2024-05-25,,paid_social,
649446a9,CUST-02284,sample_request,2024-06-13,Thin Brick - Weathered White,paid_social,
df4857ad,CUST-02284,purchase,2024-07-07,Thin Brick - Weathered White,paid_social,893.19
05fa84d1,CUST-02285,site_visit,2024-11-07,,referral,
7f8bf803,CUST-02286,site_visit,2024-03-04,,organic_search,
c517c440,CUST-02286,visualizer_use,2024-03-10,Natural Press - Oatmeal,organic_search,
fdd4c570,CUST-02286,sample_request,2024-03-16,Natural Press - Oatmeal,organic_search,
65d801d2,CUST-02286,purchase,2024-04-10,Original Ceramic - Clamshell,organic_search,1705.48
bfa96078,CUST-02287,site_visit,2024-06-12,,direct,
607f3d1a,CUST-02287,sample_request,2024-06-13,Original Ceramic - Sage,direct,
5c104853,CUST-02287,purchase,2024-07-29,Thin Brick - Charcoal,direct,1024.09
c2eca2ab,CUST-02288,site_visit,2025-08-13,,organic_search,
7c488aeb,CUST-02288,sample_request,2025-08-22,Thin Brick - Charcoal,organic_search,
6be75bce,CUST-02289,site_visit,2024-09-16,,email_capture,
14dfc20c,CUST-02289,visualizer_use,2024-09-20,Natural Press - Sable,email_capture,
979cca72,CUST-02289,sample_request,2024-09-23,Original Ceramic - Aegean,email_capture,
99e9e740,CUST-02290,site_visit,2024-07-25,,organic_search,
0df4a895,CUST-02291,site_visit,2024-01-24,,showroom_walkin,
02eee639,CUST-02291,sample_request,2024-02-01,Natural Press - Fog,showroom_walkin,
4652cf71,CUST-02291,sample_request,2024-02-26,Thin Brick - Terracotta,showroom_walkin,
741b0195,CUST-02291,purchase,2024-02-25,Glass - Champagne,showroom_walkin,1455.0
0d563d9b,CUST-02292,site_visit,2024-05-28,,architect_referral,
8f2351d6,CUST-02292,purchase,2024-07-19,Glass - Midnight,architect_referral,21300.23
8ded06a4,CUST-02293,site_visit,2025-01-27,,email_capture,
65cd2a0d,CUST-02293,sample_request,2025-02-04,Glass - Midnight,email_capture,
e067d728,CUST-02293,purchase,2025-03-10,Original Ceramic - Clamshell,email_capture,1428.42
444c1708,CUST-02294,site_visit,2024-06-09,,architect_referral,
56979c8c,CUST-02295,site_visit,2024-03-02,,referral,
cf3398ea,CUST-02296,site_visit,2024-03-02,,direct,
703c8528,CUST-02297,site_visit,2025-03-12,,trade_show,
2edd647b,CUST-02297,visualizer_use,2025-03-16,Glass - Midnight,trade_show,
616fd7f5,CUST-02297,sample_request,2025-03-17,Natural Press - Fog,trade_show,
c90cd550,CUST-02298,site_visit,2025-03-17,,architect_referral,
62c3533a,CUST-02298,sample_request,2025-03-25,Original Ceramic - Aegean,architect_referral,
47cc1638,CUST-02299,site_visit,2025-02-12,,referral,
baa5f71d,CUST-02299,visualizer_use,2025-02-12,Natural Press - Fog,referral,
be8dbf8b,CUST-02299,sample_request,2025-02-17,Glass - Midnight,referral,
3c48b479,CUST-02300,site_visit,2025-07-29,,organic_search,
2f6e8464,CUST-02301,site_visit,2024-12-27,,organic_search,
ca72e23a,CUST-02301,visualizer_use,2025-01-05,Thin Brick - Weathered White,organic_search,
e688d770,CUST-02301,sample_request,2025-01-04,Thin Brick - Terracotta,organic_search,
40b439c5,CUST-02301,sample_request,2025-01-14,Natural Press - Sable,organic_search,
192d997f,CUST-02301,purchase,2025-02-19,Natural Press - Sable,organic_search,1655.8
1a45059d,CUST-02302,site_visit,2025-07-25,,showroom_walkin,
a294e2e0,CUST-02302,purchase,2025-08-11,Glass - Midnight,showroom_walkin,830.28
900e0c43,CUST-02303,site_visit,2024-05-05,,direct,
2acebdf8,CUST-02303,sample_request,2024-05-21,Thin Brick - Terracotta,direct,
e7624d78,CUST-02303,sample_request,2024-06-15,Natural Press - Oatmeal,direct,
744c3fe1,CUST-02304,site_visit,2024-05-03,,direct,
6ca12dee,CUST-02305,site_visit,2025-02-06,,direct,
8f848a1d,CUST-02306,site_visit,2025-07-19,,paid_social,
3ec9cdcf,CUST-02307,site_visit,2024-05-24,,referral,
f1f4ef08,CUST-02307,sample_request,2024-05-25,Original Ceramic - Aegean,referral,
9db51eb6,CUST-02307,purchase,2024-06-29,Natural Press - Fog,referral,734.85
c2e2133b,CUST-02308,site_visit,2024-12-20,,email_capture,
c88945ed,CUST-02308,sample_request,2025-01-08,Original Ceramic - Aegean,email_capture,
4c316069,CUST-02309,site_visit,2025-02-04,,direct,
d51da368,CUST-02309,visualizer_use,2025-02-09,Original Ceramic - Aegean,direct,
d072e233,CUST-02310,site_visit,2024-03-31,,email_capture,
3a17a148,CUST-02310,visualizer_use,2024-04-09,Original Ceramic - Sage,email_capture,
8d77a42a,CUST-02310,sample_request,2024-04-10,Thin Brick - Charcoal,email_capture,
be8f6b59,CUST-02311,site_visit,2025-03-14,,organic_search,
a696d1ef,CUST-02312,site_visit,2024-07-16,,direct,
fc09547d,CUST-02312,sample_request,2024-07-29,Natural Press - Oatmeal,direct,
17785f94,CUST-02313,site_visit,2025-02-17,,organic_search,
15d5e315,CUST-02313,purchase,2025-03-04,Thin Brick - Weathered White,organic_search,22847.65
318fad33,CUST-02314,site_visit,2024-09-29,,direct,
ee826c0d,CUST-02314,visualizer_use,2024-10-08,Thin Brick - Charcoal,direct,
1e8bbc82,CUST-02314,sample_request,2024-10-02,Original Ceramic - Aegean,direct,
3610f3a9,CUST-02314,purchase,2024-10-16,Original Ceramic - Aegean,direct,532.16
2b181878,CUST-02315,site_visit,2024-02-11,,architect_referral,
a819764e,CUST-02315,sample_request,2024-02-20,Glass - Midnight,architect_referral,
030f9455,CUST-02316,site_visit,2024-11-13,,organic_search,
fb2fade4,CUST-02316,sample_request,2024-11-15,Thin Brick - Terracotta,organic_search,
b38fafce,CUST-02316,purchase,2024-12-07,Natural Press - Fog,organic_search,982.8
6553d003,CUST-02317,site_visit,2024-05-13,,architect_referral,
524c7cd5,CUST-02318,site_visit,2024-03-09,,architect_referral,
17ffd05d,CUST-02318,sample_request,2024-03-20,Thin Brick - Weathered White,architect_referral,
bbe658f8,CUST-02318,purchase,2024-05-02,Original Ceramic - Sage,architect_referral,1786.11
89b78eb8,CUST-02318,repeat_purchase,2024-07-22,Thin Brick - Charcoal,architect_referral,742.43
369f2c30,CUST-02319,site_visit,2024-08-03,,paid_social,
acfbb1c5,CUST-02319,sample_request,2024-08-07,Original Ceramic - Aegean,paid_social,
699dcbc5,CUST-02319,sample_request,2024-08-15,Natural Press - Fog,paid_social,
8b8ed751,CUST-02319,purchase,2024-08-26,Original Ceramic - Aegean,paid_social,1525.73
d7e2b1f7,CUST-02320,site_visit,2025-07-28,,direct,
5cab1dca,CUST-02321,site_visit,2025-02-25,,organic_search,
83240b0f,CUST-02321,visualizer_use,2025-03-03,Thin Brick - Weathered White,organic_search,
17668cc3,CUST-02321,sample_request,2025-02-28,Thin Brick - Terracotta,organic_search,
2759412f,CUST-02322,site_visit,2025-08-02,,organic_search,
c5108927,CUST-02323,site_visit,2025-01-03,,organic_search,
4f07e3d8,CUST-02323,sample_request,2025-01-04,Natural Press - Sable,organic_search,
0f971a64,CUST-02323,sample_request,2025-01-27,Original Ceramic - Aegean,organic_search,
21cffe75,CUST-02323,purchase,2025-03-02,Thin Brick - Charcoal,organic_search,1120.69
a63351a7,CUST-02324,site_visit,2025-05-10,,referral,
ffd70bab,CUST-02324,visualizer_use,2025-05-10,Natural Press - Oatmeal,referral,
4a103ca4,CUST-02324,sample_request,2025-05-14,Original Ceramic - Sage,referral,
d51e5bcc,CUST-02325,site_visit,2025-04-12,,showroom_walkin,
adeb8c77,CUST-02326,site_visit,2024-01-15,,direct,
608d9069,CUST-02326,sample_request,2024-01-16,Original Ceramic - Aegean,direct,
d95966d5,CUST-02326,purchase,2024-03-05,Thin Brick - Terracotta,direct,552.82
7d2a7357,CUST-02326,repeat_purchase,2024-12-26,Thin Brick - Terracotta,direct,434.59
ac3c6c90,CUST-02327,site_visit,2024-11-30,,organic_search,
65a2292a,CUST-02327,visualizer_use,2024-12-04,Original Ceramic - Sage,organic_search,
4de5d87f,CUST-02328,site_visit,2024-03-03,,trade_show,
d4f990d4,CUST-02329,site_visit,2024-11-11,,direct,
ea93f3a2,CUST-02329,sample_request,2024-11-15,Thin Brick - Charcoal,direct,
cfc4b015,CUST-02329,sample_request,2024-12-15,Glass - Seaglass,direct,
b1ae2df0,CUST-02330,site_visit,2024-01-02,,trade_show,
dfcd5cd8,CUST-02330,visualizer_use,2024-01-09,Thin Brick - Weathered White,trade_show,
5a85c611,CUST-02330,sample_request,2024-01-08,Natural Press - Fog,trade_show,
46ddd9c1,CUST-02330,purchase,2024-01-29,Thin Brick - Charcoal,trade_show,1167.69
c46025ba,CUST-02331,site_visit,2025-06-01,,referral,
e7754cc8,CUST-02331,sample_request,2025-06-21,Original Ceramic - Aegean,referral,
a1a054ce,CUST-02331,sample_request,2025-07-20,Thin Brick - Terracotta,referral,
6d5eefaa,CUST-02331,purchase,2025-08-08,Glass - Champagne,referral,3834.76
1ede1e14,CUST-02332,site_visit,2025-05-17,,showroom_walkin,
3571fd7c,CUST-02332,sample_request,2025-05-28,Thin Brick - Terracotta,showroom_walkin,
cda0792d,CUST-02333,site_visit,2024-12-31,,paid_social,
9a5e5ed4,CUST-02333,visualizer_use,2025-01-07,Natural Press - Oatmeal,paid_social,
a0147830,CUST-02333,sample_request,2025-01-05,Original Ceramic - Clamshell,paid_social,
0da631bd,CUST-02334,site_visit,2024-03-18,,organic_search,
a6f34054,CUST-02334,visualizer_use,2024-03-22,Original Ceramic - Clamshell,organic_search,
c08f1302,CUST-02334,sample_request,2024-03-29,Natural Press - Fog,organic_search,
4b3d4436,CUST-02334,sample_request,2024-04-10,Original Ceramic - Sage,organic_search,
4533b8fc,CUST-02334,purchase,2024-05-23,Original Ceramic - Clamshell,organic_search,1608.7
02a3a4a6,CUST-02335,site_visit,2024-01-17,,organic_search,
059067ca,CUST-02335,visualizer_use,2024-01-18,Natural Press - Sable,organic_search,
29f49a59,CUST-02335,sample_request,2024-01-28,Glass - Midnight,organic_search,
4d805e66,CUST-02335,sample_request,2024-02-13,Natural Press - Fog,organic_search,
9702be6f,CUST-02335,purchase,2024-03-14,Original Ceramic - Clamshell,organic_search,593.33
417123a0,CUST-02335,repeat_purchase,2024-10-29,Original Ceramic - Aegean,organic_search,464.95
3f11d51c,CUST-02336,site_visit,2025-04-29,,referral,
2cb5cf1d,CUST-02336,visualizer_use,2025-05-09,Thin Brick - Weathered White,referral,
6a371367,CUST-02336,sample_request,2025-05-12,Natural Press - Sable,referral,
98d1743b,CUST-02336,sample_request,2025-05-31,Thin Brick - Terracotta,referral,
086dc203,CUST-02336,purchase,2025-06-06,Glass - Seaglass,referral,1265.38
056b36de,CUST-02337,site_visit,2025-03-29,,email_capture,
2b863b3e,CUST-02338,site_visit,2024-05-27,,organic_search,
12968876,CUST-02338,sample_request,2024-06-14,Thin Brick - Terracotta,organic_search,
f7b9040f,CUST-02338,purchase,2024-07-26,Natural Press - Sable,organic_search,520.0
a52ddc48,CUST-02339,site_visit,2025-04-27,,paid_social,
39e24fea,CUST-02339,sample_request,2025-05-13,Thin Brick - Terracotta,paid_social,
e504d74e,CUST-02339,purchase,2025-06-20,Glass - Midnight,paid_social,1163.21
3125b28c,CUST-02340,site_visit,2025-06-12,,paid_social,
34186169,CUST-02340,visualizer_use,2025-06-16,Natural Press - Fog,paid_social,
f519f67b,CUST-02340,sample_request,2025-06-21,Thin Brick - Terracotta,paid_social,
1aef3230,CUST-02341,site_visit,2024-01-27,,referral,
1f7324c9,CUST-02341,visualizer_use,2024-02-03,Glass - Champagne,referral,
1db345b7,CUST-02341,sample_request,2024-02-01,Natural Press - Sable,referral,
8eb404e8,CUST-02341,purchase,2024-03-11,Original Ceramic - Clamshell,referral,1243.33
0c3d352c,CUST-02342,site_visit,2024-02-23,,paid_social,
0234df99,CUST-02342,visualizer_use,2024-03-02,Glass - Champagne,paid_social,
8fe7cdcc,CUST-02342,sample_request,2024-02-25,Glass - Champagne,paid_social,
743d6ff1,CUST-02342,purchase,2024-04-24,Natural Press - Sable,paid_social,1023.56
a8fe459c,CUST-02343,site_visit,2024-04-14,,paid_social,
babb38aa,CUST-02343,visualizer_use,2024-04-18,Original Ceramic - Sage,paid_social,
f0b0b9f3,CUST-02343,sample_request,2024-04-27,Natural Press - Fog,paid_social,
5b05311f,CUST-02343,purchase,2024-06-01,Thin Brick - Charcoal,paid_social,1236.04
cba1dec0,CUST-02344,site_visit,2024-02-26,,paid_social,
054c5f4c,CUST-02344,visualizer_use,2024-03-04,Natural Press - Oatmeal,paid_social,
63860285,CUST-02344,sample_request,2024-03-02,Original Ceramic - Sage,paid_social,
a4d0f09b,CUST-02344,purchase,2024-04-18,Thin Brick - Charcoal,paid_social,656.81
ea025429,CUST-02345,site_visit,2024-06-15,,direct,
5f532718,CUST-02345,sample_request,2024-07-05,Glass - Seaglass,direct,
531569b2,CUST-02345,purchase,2024-08-09,Glass - Champagne,direct,830.93
36303817,CUST-02345,repeat_purchase,2024-11-09,Original Ceramic - Sage,direct,366.67
82667b47,CUST-02346,site_visit,2024-06-09,,paid_social,
d275039a,CUST-02346,sample_request,2024-06-22,Glass - Midnight,paid_social,
20dd710b,CUST-02346,purchase,2024-07-14,Original Ceramic - Sage,paid_social,1787.84
e03e9e9a,CUST-02347,site_visit,2025-01-18,,organic_search,
7f4ddd2c,CUST-02347,sample_request,2025-01-28,Glass - Champagne,organic_search,
a7e609c4,CUST-02347,purchase,2025-02-20,Natural Press - Sable,organic_search,1212.52
d79611ae,CUST-02347,repeat_purchase,2025-04-29,Thin Brick - Charcoal,organic_search,1333.19
dfec62da,CUST-02348,site_visit,2024-02-04,,referral,
fecef3bd,CUST-02348,visualizer_use,2024-02-09,Original Ceramic - Sage,referral,
c802a817,CUST-02348,sample_request,2024-02-18,Glass - Midnight,referral,
f46b0e5e,CUST-02349,site_visit,2024-03-23,,paid_social,
726f569d,CUST-02349,sample_request,2024-04-01,Natural Press - Oatmeal,paid_social,
db73d5f1,CUST-02349,purchase,2024-04-18,Glass - Midnight,paid_social,600.77
8762c50e,CUST-02350,site_visit,2025-07-07,,organic_search,
bbd7dd80,CUST-02351,site_visit,2025-06-12,,direct,
4927d82c,CUST-02352,site_visit,2024-05-31,,email_capture,
67814fcb,CUST-02352,sample_request,2024-06-07,Thin Brick - Charcoal,email_capture,
12c7f925,CUST-02352,purchase,2024-06-30,Natural Press - Sable,email_capture,973.67
93ad9346,CUST-02353,site_visit,2024-11-28,,trade_show,
2d8443c9,CUST-02353,sample_request,2024-12-07,Thin Brick - Charcoal,trade_show,
4a8b2f6f,CUST-02354,site_visit,2025-03-13,,organic_search,
97122d08,CUST-02354,visualizer_use,2025-03-20,Glass - Midnight,organic_search,
81aa781d,CUST-02354,purchase,2025-05-01,Original Ceramic - Aegean,organic_search,980.21
733d58dd,CUST-02355,site_visit,2024-07-10,,email_capture,
50e5dab8,CUST-02355,sample_request,2024-07-21,Original Ceramic - Sage,email_capture,
63448df8,CUST-02355,purchase,2024-08-22,Original Ceramic - Clamshell,email_capture,1424.87
8f477b74,CUST-02356,site_visit,2024-12-10,,paid_social,
c695c583,CUST-02356,sample_request,2024-12-22,Thin Brick - Weathered White,paid_social,
d93b005f,CUST-02356,sample_request,2025-01-15,Original Ceramic - Clamshell,paid_social,
42074c14,CUST-02357,site_visit,2025-05-04,,direct,
97c95ea9,CUST-02358,site_visit,2025-06-16,,direct,
108fb003,CUST-02358,sample_request,2025-06-22,Glass - Midnight,direct,
1a4f7f0c,CUST-02359,site_visit,2024-01-25,,showroom_walkin,
9f25c873,CUST-02359,visualizer_use,2024-01-25,Original Ceramic - Clamshell,showroom_walkin,
662c4593,CUST-02359,sample_request,2024-02-02,Natural Press - Fog,showroom_walkin,
1d1a2ae9,CUST-02360,site_visit,2024-08-15,,organic_search,
b3c085ae,CUST-02360,sample_request,2024-08-20,Glass - Midnight,organic_search,
10dbe706,CUST-02360,sample_request,2024-08-29,Thin Brick - Charcoal,organic_search,
aa1b65f2,CUST-02360,purchase,2024-10-12,Thin Brick - Weathered White,organic_search,1384.74
96a76b65,CUST-02361,site_visit,2024-09-09,,direct,
2e4afc9e,CUST-02361,visualizer_use,2024-09-13,Original Ceramic - Aegean,direct,
2ae3dc59,CUST-02361,sample_request,2024-09-12,Glass - Champagne,direct,
9aec9f9f,CUST-02362,site_visit,2024-01-27,,trade_show,
9d84b347,CUST-02362,sample_request,2024-02-04,Natural Press - Sable,trade_show,
5bdf009f,CUST-02362,purchase,2024-03-13,Original Ceramic - Clamshell,trade_show,7735.15
118d8637,CUST-02363,site_visit,2024-04-08,,paid_social,
6fee1ef3,CUST-02363,sample_request,2024-04-19,Original Ceramic - Sage,paid_social,
3033e94b,CUST-02364,site_visit,2024-10-30,,organic_search,
2fc53e7a,CUST-02365,site_visit,2024-11-27,,architect_referral,
02b7283d,CUST-02365,sample_request,2024-11-29,Natural Press - Oatmeal,architect_referral,
c57aa6bf,CUST-02365,sample_request,2024-12-08,Natural Press - Oatmeal,architect_referral,
0d8bc2a4,CUST-02365,purchase,2025-01-20,Natural Press - Sable,architect_referral,4276.97
8414120d,CUST-02366,site_visit,2025-06-04,,trade_show,
8b6e2ccb,CUST-02366,sample_request,2025-06-23,Thin Brick - Weathered White,trade_show,
66cd55fb,CUST-02367,site_visit,2024-11-09,,organic_search,
429651a8,CUST-02367,visualizer_use,2024-11-16,Thin Brick - Charcoal,organic_search,
68e42a9d,CUST-02367,sample_request,2024-11-14,Natural Press - Oatmeal,organic_search,
b533612c,CUST-02367,sample_request,2024-12-08,Original Ceramic - Sage,organic_search,
c1cc9b9a,CUST-02368,site_visit,2024-10-06,,architect_referral,
8bb159ba,CUST-02368,sample_request,2024-10-24,Glass - Midnight,architect_referral,
ed0e73fb,CUST-02369,site_visit,2025-04-09,,organic_search,
a3319b5d,CUST-02369,visualizer_use,2025-04-17,Natural Press - Fog,organic_search,
70a640ca,CUST-02369,sample_request,2025-04-21,Natural Press - Oatmeal,organic_search,
8c599922,CUST-02369,sample_request,2025-05-06,Natural Press - Oatmeal,organic_search,
54494b0f,CUST-02370,site_visit,2024-10-28,,architect_referral,
f69e5e20,CUST-02370,sample_request,2024-11-09,Natural Press - Oatmeal,architect_referral,
1d930ca7,CUST-02370,sample_request,2024-11-28,Thin Brick - Charcoal,architect_referral,
cc9e602c,CUST-02370,purchase,2024-12-08,Natural Press - Oatmeal,architect_referral,1620.29
f338b90e,CUST-02371,site_visit,2025-02-24,,organic_search,
cdcf12e2,CUST-02371,sample_request,2025-03-16,Thin Brick - Weathered White,organic_search,
1cd10445,CUST-02372,site_visit,2025-07-24,,organic_search,
9a0fe9a7,CUST-02373,site_visit,2024-07-19,,email_capture,
41a074a5,CUST-02373,visualizer_use,2024-07-27,Glass - Seaglass,email_capture,
3b9388c5,CUST-02373,sample_request,2024-07-23,Glass - Seaglass,email_capture,
f8d057ea,CUST-02373,purchase,2024-08-26,Natural Press - Fog,email_capture,1556.45
6bb4907f,CUST-02374,site_visit,2024-08-30,,architect_referral,
91f169c2,CUST-02375,site_visit,2024-06-27,,architect_referral,
e7660197,CUST-02376,site_visit,2024-04-01,,organic_search,
f9ce7823,CUST-02376,visualizer_use,2024-04-07,Glass - Midnight,organic_search,
0b672f2c,CUST-02376,sample_request,2024-04-12,Glass - Midnight,organic_search,
a70c5635,CUST-02377,site_visit,2024-05-27,,organic_search,
938a8a01,CUST-02377,sample_request,2024-05-30,Natural Press - Sable,organic_search,
71de1aef,CUST-02377,purchase,2024-07-14,Original Ceramic - Clamshell,organic_search,22978.5
9b1e5fac,CUST-02377,repeat_purchase,2025-01-02,Thin Brick - Weathered White,organic_search,9410.61
151edf9a,CUST-02378,site_visit,2024-05-12,,organic_search,
8992dff6,CUST-02378,purchase,2024-06-09,Original Ceramic - Clamshell,organic_search,1304.86
dd0c445b,CUST-02378,repeat_purchase,2025-04-05,Thin Brick - Weathered White,organic_search,573.16
3bd7930c,CUST-02379,site_visit,2024-11-12,,paid_social,
1219ef4e,CUST-02380,site_visit,2025-06-08,,trade_show,
1f0965bf,CUST-02380,sample_request,2025-06-21,Natural Press - Oatmeal,trade_show,
336fe6dc,CUST-02380,project_upload,2025-07-26,,trade_show,
f0cba4ff,CUST-02381,site_visit,2024-10-02,,organic_search,
5658860a,CUST-02382,site_visit,2024-03-03,,organic_search,
42480663,CUST-02382,sample_request,2024-03-17,Thin Brick - Weathered White,organic_search,
f5bfce01,CUST-02383,site_visit,2024-03-13,,organic_search,
3165acbf,CUST-02383,purchase,2024-03-29,Natural Press - Fog,organic_search,1170.34
558dcce2,CUST-02383,repeat_purchase,2024-12-13,Thin Brick - Terracotta,organic_search,781.07
385e94f1,CUST-02384,site_visit,2024-01-21,,showroom_walkin,
f7888ca1,CUST-02384,sample_request,2024-02-04,Thin Brick - Charcoal,showroom_walkin,
a264e379,CUST-02384,purchase,2024-03-24,Thin Brick - Weathered White,showroom_walkin,1302.67
255561fa,CUST-02385,site_visit,2024-10-16,,trade_show,
b0a8e346,CUST-02385,visualizer_use,2024-10-17,Thin Brick - Terracotta,trade_show,
1d6e424b,CUST-02385,sample_request,2024-10-24,Original Ceramic - Aegean,trade_show,
afbd9bc5,CUST-02386,site_visit,2024-12-30,,organic_search,
0be8fcee,CUST-02386,purchase,2025-02-11,Natural Press - Fog,organic_search,476.74
84a4437c,CUST-02387,site_visit,2025-05-21,,organic_search,
788ab7e5,CUST-02387,visualizer_use,2025-05-23,Glass - Seaglass,organic_search,
8f694df9,CUST-02387,sample_request,2025-05-25,Natural Press - Oatmeal,organic_search,
86a5bba8,CUST-02388,site_visit,2024-07-31,,email_capture,
0c1ce8b6,CUST-02388,visualizer_use,2024-08-01,Glass - Seaglass,email_capture,
9deb32d5,CUST-02388,sample_request,2024-08-07,Thin Brick - Charcoal,email_capture,
297dd1ac,CUST-02388,purchase,2024-09-20,Natural Press - Fog,email_capture,457.43
49a286d8,CUST-02389,site_visit,2024-07-18,,trade_show,
628751a1,CUST-02390,site_visit,2025-07-14,,trade_show,
7c0b2663,CUST-02390,sample_request,2025-07-19,Natural Press - Oatmeal,trade_show,
4f073bf3,CUST-02391,site_visit,2024-01-28,,direct,
1044daa2,CUST-02391,sample_request,2024-02-09,Thin Brick - Weathered White,direct,
76ead830,CUST-02391,purchase,2024-04-09,Natural Press - Fog,direct,1338.18
d7eaa2ec,CUST-02392,site_visit,2024-03-12,,showroom_walkin,
f63c393a,CUST-02392,sample_request,2024-03-19,Thin Brick - Weathered White,showroom_walkin,
8e4e6c69,CUST-02392,sample_request,2024-04-18,Original Ceramic - Aegean,showroom_walkin,
3b1e337b,CUST-02392,purchase,2024-04-09,Natural Press - Sable,showroom_walkin,1103.08
32a4613c,CUST-02393,site_visit,2024-11-24,,organic_search,
09b864e1,CUST-02393,purchase,2024-12-25,Thin Brick - Weathered White,organic_search,1262.0
d327a72d,CUST-02394,site_visit,2025-05-07,,organic_search,
ee781b54,CUST-02394,sample_request,2025-05-28,Original Ceramic - Aegean,organic_search,
51f051d9,CUST-02395,site_visit,2024-12-05,,paid_social,
0e810ec7,CUST-02396,site_visit,2024-11-06,,architect_referral,
1012c402,CUST-02396,visualizer_use,2024-11-11,Original Ceramic - Sage,architect_referral,
3c6f2217,CUST-02396,sample_request,2024-11-20,Thin Brick - Terracotta,architect_referral,
46967b92,CUST-02396,sample_request,2024-12-01,Thin Brick - Charcoal,architect_referral,
332500ba,CUST-02396,purchase,2024-12-03,Glass - Midnight,architect_referral,1411.6
b2e231b7,CUST-02396,repeat_purchase,2025-04-30,Thin Brick - Terracotta,architect_referral,1310.58
e4058ed1,CUST-02397,site_visit,2024-09-03,,email_capture,
307380c6,CUST-02397,visualizer_use,2024-09-03,Natural Press - Oatmeal,email_capture,
fbcf2455,CUST-02397,sample_request,2024-09-06,Glass - Champagne,email_capture,
04cd873b,CUST-02397,sample_request,2024-10-05,Thin Brick - Weathered White,email_capture,
355a0bbe,CUST-02397,purchase,2024-10-21,Glass - Midnight,email_capture,878.19
c58d3e6e,CUST-02398,site_visit,2025-05-20,,showroom_walkin,
07299031,CUST-02398,purchase,2025-06-02,Glass - Seaglass,showroom_walkin,1053.74
aaf9acd2,CUST-02399,site_visit,2024-11-06,,organic_search,
cdb52155,CUST-02400,site_visit,2024-06-24,,organic_search,
373d153a,CUST-02400,sample_request,2024-07-03,Original Ceramic - Sage,organic_search,
18713a5d,CUST-02401,site_visit,2024-06-28,,direct,
c5e6e669,CUST-02402,site_visit,2024-01-05,,paid_social,
9e9a3df1,CUST-02402,sample_request,2024-01-23,Glass - Seaglass,paid_social,
b162a21f,CUST-02402,sample_request,2024-02-08,Thin Brick - Weathered White,paid_social,
963e866f,CUST-02402,purchase,2024-02-19,Natural Press - Fog,paid_social,1262.74
2e125c8b,CUST-02403,site_visit,2024-12-31,,referral,
7c92605d,CUST-02404,site_visit,2024-07-06,,paid_social,
9d66fe32,CUST-02404,sample_request,2024-07-26,Thin Brick - Charcoal,paid_social,
a4d7f9e3,CUST-02404,sample_request,2024-08-10,Original Ceramic - Clamshell,paid_social,
3ac949fb,CUST-02404,purchase,2024-09-20,Natural Press - Oatmeal,paid_social,1485.58
bb9dff88,CUST-02405,site_visit,2024-05-17,,direct,
74884913,CUST-02405,visualizer_use,2024-05-24,Natural Press - Sable,direct,
5d8ce5d2,CUST-02405,sample_request,2024-05-25,Thin Brick - Charcoal,direct,
1f92727a,CUST-02405,sample_request,2024-06-18,Natural Press - Fog,direct,
8e61c431,CUST-02405,purchase,2024-07-19,Thin Brick - Weathered White,direct,1527.66
8fb3d27d,CUST-02406,site_visit,2025-05-27,,showroom_walkin,
4ce180d0,CUST-02407,site_visit,2025-04-29,,referral,
da51bcef,CUST-02407,sample_request,2025-05-08,Thin Brick - Weathered White,referral,
2555f849,CUST-02407,sample_request,2025-05-22,Thin Brick - Weathered White,referral,
e746078a,CUST-02407,purchase,2025-05-28,Original Ceramic - Aegean,referral,993.08
e9d96978,CUST-02408,site_visit,2024-04-14,,referral,
9de76d53,CUST-02408,sample_request,2024-04-29,Natural Press - Fog,referral,
bac1ddb5,CUST-02409,site_visit,2024-06-15,,showroom_walkin,
defc351b,CUST-02409,visualizer_use,2024-06-25,Glass - Seaglass,showroom_walkin,
d1147cdd,CUST-02409,sample_request,2024-06-25,Original Ceramic - Aegean,showroom_walkin,
f07acb4d,CUST-02409,sample_request,2024-07-10,Original Ceramic - Aegean,showroom_walkin,
b087f6fd,CUST-02410,site_visit,2024-07-28,,organic_search,
943fb3e1,CUST-02410,sample_request,2024-08-15,Glass - Seaglass,organic_search,
358b11ae,CUST-02410,purchase,2024-10-03,Natural Press - Sable,organic_search,993.27
39afb44e,CUST-02411,site_visit,2024-07-28,,direct,
cfa12a2a,CUST-02411,sample_request,2024-08-02,Glass - Midnight,direct,
0e7f93b7,CUST-02412,site_visit,2025-01-18,,organic_search,
e1adedc5,CUST-02412,visualizer_use,2025-01-24,Original Ceramic - Sage,organic_search,
e67d0d45,CUST-02412,sample_request,2025-01-21,Thin Brick - Terracotta,organic_search,
618f91f9,CUST-02412,project_upload,2025-02-19,,organic_search,
34d2b65d,CUST-02412,purchase,2025-03-18,Original Ceramic - Sage,organic_search,11333.02
2d5e076b,CUST-02412,repeat_purchase,2025-07-22,Natural Press - Oatmeal,organic_search,12736.4
cb538e68,CUST-02413,site_visit,2024-07-24,,trade_show,
9b5b5f95,CUST-02413,sample_request,2024-07-24,Original Ceramic - Sage,trade_show,
1a7574fe,CUST-02414,site_visit,2024-06-12,,trade_show,
8717bc4a,CUST-02414,visualizer_use,2024-06-19,Original Ceramic - Sage,trade_show,
fbb8ec34,CUST-02414,sample_request,2024-06-21,Glass - Midnight,trade_show,
f5a7f225,CUST-02415,site_visit,2024-06-25,,organic_search,
8701c68e,CUST-02415,visualizer_use,2024-06-29,Glass - Champagne,organic_search,
304d9116,CUST-02415,sample_request,2024-07-09,Thin Brick - Terracotta,organic_search,
526a5498,CUST-02415,purchase,2024-09-03,Glass - Seaglass,organic_search,1186.5
39d9dc4e,CUST-02416,site_visit,2024-05-24,,organic_search,
d13294d9,CUST-02416,sample_request,2024-05-29,Original Ceramic - Clamshell,organic_search,
f7f23d6f,CUST-02416,sample_request,2024-06-06,Glass - Champagne,organic_search,
1ca2c181,CUST-02417,site_visit,2024-09-01,,architect_referral,
8cd5f84f,CUST-02417,visualizer_use,2024-09-06,Thin Brick - Terracotta,architect_referral,
6cf5349c,CUST-02417,sample_request,2024-09-11,Original Ceramic - Clamshell,architect_referral,
d8a94a54,CUST-02417,sample_request,2024-09-23,Natural Press - Oatmeal,architect_referral,
79f80c0c,CUST-02417,project_upload,2024-10-02,,architect_referral,
75ed3ade,CUST-02417,purchase,2024-09-28,Thin Brick - Charcoal,architect_referral,3315.67
a4074fbb,CUST-02418,site_visit,2025-01-11,,paid_social,
9afefa16,CUST-02418,sample_request,2025-01-12,Glass - Champagne,paid_social,
ec352ebb,CUST-02418,sample_request,2025-01-17,Glass - Midnight,paid_social,
c56cc6cb,CUST-02419,site_visit,2024-08-06,,referral,
02ea5849,CUST-02419,sample_request,2024-08-26,Original Ceramic - Sage,referral,
3ea620f5,CUST-02419,purchase,2024-10-16,Thin Brick - Weathered White,referral,1770.34
11c1e74c,CUST-02420,site_visit,2025-08-20,,showroom_walkin,
c219b711,CUST-02420,visualizer_use,2025-08-20,Natural Press - Sable,showroom_walkin,
87983877,CUST-02420,sample_request,2025-09-02,Natural Press - Sable,showroom_walkin,
0f6a59e4,CUST-02420,purchase,2025-09-23,Thin Brick - Weathered White,showroom_walkin,1196.61
fd8a4e28,CUST-02421,site_visit,2025-01-06,,paid_social,
cc3d927c,CUST-02421,visualizer_use,2025-01-14,Glass - Champagne,paid_social,
86b0913d,CUST-02421,sample_request,2025-01-19,Glass - Seaglass,paid_social,
ece0bf7b,CUST-02421,sample_request,2025-02-10,Thin Brick - Weathered White,paid_social,
8f1f2398,CUST-02421,purchase,2025-01-27,Original Ceramic - Sage,paid_social,750.0
cbcf5f05,CUST-02421,repeat_purchase,2025-05-27,Original Ceramic - Sage,paid_social,1520.87
906a3459,CUST-02422,site_visit,2024-08-07,,referral,
174ef637,CUST-02422,sample_request,2024-08-18,Natural Press - Sable,referral,
6776675e,CUST-02422,sample_request,2024-09-02,Original Ceramic - Aegean,referral,
b9b33597,CUST-02423,site_visit,2025-05-01,,referral,
1814e14c,CUST-02423,sample_request,2025-05-16,Original Ceramic - Aegean,referral,
a0f563ad,CUST-02423,project_upload,2025-06-14,,referral,
5913fc6b,CUST-02423,purchase,2025-06-23,Natural Press - Oatmeal,referral,24524.53
f86deaf5,CUST-02423,repeat_purchase,2025-08-22,Glass - Champagne,referral,11463.8
a5ad43d3,CUST-02424,site_visit,2025-07-13,,showroom_walkin,
544a45ec,CUST-02425,site_visit,2024-03-03,,organic_search,
1ebcc4e6,CUST-02425,purchase,2024-03-17,Thin Brick - Weathered White,organic_search,1676.7
e3226737,CUST-02425,repeat_purchase,2024-12-11,Glass - Champagne,organic_search,1455.45
a4806098,CUST-02426,site_visit,2025-08-25,,organic_search,
eb454b7a,CUST-02427,site_visit,2024-10-03,,referral,
e9509a4b,CUST-02427,visualizer_use,2024-10-07,Natural Press - Oatmeal,referral,
2e4bdb60,CUST-02427,sample_request,2024-10-16,Original Ceramic - Aegean,referral,
ee5a8ac8,CUST-02427,sample_request,2024-11-13,Glass - Midnight,referral,
5a4872d8,CUST-02427,purchase,2024-11-16,Original Ceramic - Clamshell,referral,669.8
37bbe387,CUST-02428,site_visit,2024-06-23,,architect_referral,
7c662d4e,CUST-02428,sample_request,2024-06-27,Original Ceramic - Sage,architect_referral,
43ccf262,CUST-02429,site_visit,2024-11-06,,organic_search,
08892599,CUST-02429,sample_request,2024-11-07,Glass - Midnight,organic_search,
eb7825ca,CUST-02430,site_visit,2025-06-02,,trade_show,
74fcd9c1,CUST-02430,sample_request,2025-06-13,Natural Press - Sable,trade_show,
59c1e8b2,CUST-02430,purchase,2025-08-01,Natural Press - Oatmeal,trade_show,22794.03
84928336,CUST-02431,site_visit,2024-08-08,,organic_search,
d2d6826b,CUST-02431,visualizer_use,2024-08-15,Thin Brick - Charcoal,organic_search,
f5e8c7e9,CUST-02431,sample_request,2024-08-13,Glass - Midnight,organic_search,
b29f7bde,CUST-02431,sample_request,2024-09-09,Glass - Champagne,organic_search,
84d9db03,CUST-02431,purchase,2024-09-12,Glass - Seaglass,organic_search,1104.09
485229c2,CUST-02432,site_visit,2024-07-17,,organic_search,
12d8dea2,CUST-02433,site_visit,2024-03-29,,trade_show,
021115b2,CUST-02433,sample_request,2024-04-07,Glass - Champagne,trade_show,
ccded231,CUST-02434,site_visit,2024-12-10,,architect_referral,
d7b547c7,CUST-02434,purchase,2025-01-10,Natural Press - Fog,architect_referral,10252.18
d7c3f325,CUST-02435,site_visit,2025-01-28,,paid_social,
cdd928bb,CUST-02435,visualizer_use,2025-02-04,Thin Brick - Weathered White,paid_social,
0e597493,CUST-02435,sample_request,2025-02-10,Natural Press - Fog,paid_social,
00f549a5,CUST-02435,sample_request,2025-02-19,Natural Press - Sable,paid_social,
0547e570,CUST-02436,site_visit,2024-05-30,,referral,
3af11f7a,CUST-02437,site_visit,2024-10-24,,showroom_walkin,
af923585,CUST-02437,visualizer_use,2024-10-29,Glass - Seaglass,showroom_walkin,
eb4db9e3,CUST-02438,site_visit,2024-11-21,,organic_search,
53a094de,CUST-02438,visualizer_use,2024-12-01,Glass - Midnight,organic_search,
f6e056bf,CUST-02438,sample_request,2024-12-04,Original Ceramic - Aegean,organic_search,
777a5d91,CUST-02439,site_visit,2024-08-17,,email_capture,
0895e000,CUST-02440,site_visit,2024-06-14,,organic_search,
ab589cad,CUST-02440,sample_request,2024-06-29,Natural Press - Fog,organic_search,
60a4c8f3,CUST-02441,site_visit,2025-03-17,,trade_show,
a67fb00c,CUST-02441,visualizer_use,2025-03-23,Glass - Midnight,trade_show,
05ecc03d,CUST-02441,sample_request,2025-03-30,Thin Brick - Weathered White,trade_show,
eaa51910,CUST-02442,site_visit,2025-07-30,,paid_social,
2fbd8f3c,CUST-02442,visualizer_use,2025-07-30,Thin Brick - Terracotta,paid_social,
fd876ec2,CUST-02442,sample_request,2025-08-12,Thin Brick - Weathered White,paid_social,
3a057008,CUST-02442,purchase,2025-09-08,Glass - Champagne,paid_social,503.23
513cf204,CUST-02443,site_visit,2025-01-20,,showroom_walkin,
2a7de5f6,CUST-02443,purchase,2025-02-26,Thin Brick - Weathered White,showroom_walkin,620.8
9a073b04,CUST-02443,repeat_purchase,2025-05-11,Glass - Midnight,showroom_walkin,574.73
50f932df,CUST-02444,site_visit,2024-08-15,,direct,
27cfcc00,CUST-02444,visualizer_use,2024-08-16,Original Ceramic - Sage,direct,
4d2c2280,CUST-02444,sample_request,2024-08-29,Natural Press - Oatmeal,direct,
8643921c,CUST-02445,site_visit,2024-02-28,,paid_social,
8f5a3705,CUST-02446,site_visit,2024-06-22,,trade_show,
e650c9c4,CUST-02447,site_visit,2025-04-18,,referral,
bdbbb6a3,CUST-02447,sample_request,2025-04-20,Glass - Champagne,referral,
c6749e70,CUST-02447,purchase,2025-05-12,Original Ceramic - Aegean,referral,1535.08
0842083e,CUST-02447,repeat_purchase,2025-07-12,Original Ceramic - Clamshell,referral,1494.98
414225ba,CUST-02448,site_visit,2024-02-12,,direct,
541e2391,CUST-02449,site_visit,2025-08-25,,architect_referral,
42184d8a,CUST-02449,purchase,2025-09-08,Natural Press - Sable,architect_referral,794.26
39a5ec78,CUST-02450,site_visit,2024-06-02,,organic_search,
08a050d3,CUST-02450,sample_request,2024-06-12,Glass - Champagne,organic_search,
2b9d2879,CUST-02450,purchase,2024-07-20,Original Ceramic - Clamshell,organic_search,427.66
2d37a9dd,CUST-02451,site_visit,2024-06-09,,paid_social,
f167ed60,CUST-02452,site_visit,2025-06-21,,referral,
9c02b882,CUST-02452,sample_request,2025-06-29,Thin Brick - Charcoal,referral,
94d9b541,CUST-02453,site_visit,2025-05-30,,paid_social,
ce4437a0,CUST-02453,visualizer_use,2025-05-30,Glass - Seaglass,paid_social,
a33c287b,CUST-02453,sample_request,2025-06-03,Thin Brick - Weathered White,paid_social,
6a8dbd44,CUST-02453,sample_request,2025-07-02,Glass - Champagne,paid_social,
1d0be155,CUST-02453,purchase,2025-07-07,Glass - Midnight,paid_social,1564.38
8bcf9f9c,CUST-02454,site_visit,2024-07-18,,organic_search,
f71d6ff1,CUST-02454,visualizer_use,2024-07-27,Glass - Seaglass,organic_search,
08614688,CUST-02454,sample_request,2024-08-01,Glass - Midnight,organic_search,
7ef848c0,CUST-02454,purchase,2024-08-18,Thin Brick - Terracotta,organic_search,1726.25
fe6b4c96,CUST-02455,site_visit,2024-02-12,,direct,
f1ddc6a7,CUST-02455,sample_request,2024-02-20,Natural Press - Fog,direct,
fd0a6a61,CUST-02456,site_visit,2025-04-06,,showroom_walkin,
a824aff0,CUST-02456,visualizer_use,2025-04-08,Glass - Champagne,showroom_walkin,
c07632fc,CUST-02457,site_visit,2025-01-21,,paid_social,
b00eb9bf,CUST-02457,visualizer_use,2025-01-25,Thin Brick - Weathered White,paid_social,
ae8976c3,CUST-02457,sample_request,2025-01-26,Glass - Seaglass,paid_social,
a4667c18,CUST-02457,sample_request,2025-02-01,Natural Press - Oatmeal,paid_social,
39a29212,CUST-02458,site_visit,2025-01-28,,paid_social,
5023b5eb,CUST-02458,sample_request,2025-02-14,Original Ceramic - Clamshell,paid_social,
386d589a,CUST-02458,purchase,2025-03-14,Natural Press - Oatmeal,paid_social,1412.54
3539ecb7,CUST-02459,site_visit,2025-03-01,,trade_show,
9179385e,CUST-02460,site_visit,2024-07-25,,organic_search,
3f33ead3,CUST-02460,visualizer_use,2024-07-30,Thin Brick - Charcoal,organic_search,
226c988b,CUST-02460,sample_request,2024-07-26,Original Ceramic - Sage,organic_search,
75295979,CUST-02460,sample_request,2024-08-02,Natural Press - Fog,organic_search,
3d39fa17,CUST-02460,purchase,2024-09-04,Glass - Seaglass,organic_search,551.14
918701c7,CUST-02461,site_visit,2025-01-01,,organic_search,
f58e2825,CUST-02461,sample_request,2025-01-20,Glass - Midnight,organic_search,
9adf87f2,CUST-02461,purchase,2025-03-15,Original Ceramic - Clamshell,organic_search,1247.7
9f8738ed,CUST-02462,site_visit,2024-02-01,,organic_search,
893fa96e,CUST-02462,sample_request,2024-02-01,Thin Brick - Charcoal,organic_search,
9352058a,CUST-02462,sample_request,2024-02-20,Thin Brick - Charcoal,organic_search,
cfe6bf1a,CUST-02462,purchase,2024-02-20,Thin Brick - Charcoal,organic_search,1175.05
4226b51b,CUST-02462,repeat_purchase,2024-06-01,Glass - Midnight,organic_search,1432.74
edf6ed61,CUST-02463,site_visit,2024-03-30,,showroom_walkin,
cd6ddc0e,CUST-02464,site_visit,2024-04-21,,organic_search,
3b685528,CUST-02464,visualizer_use,2024-04-24,Original Ceramic - Aegean,organic_search,
ce1ef007,CUST-02464,sample_request,2024-05-02,Natural Press - Sable,organic_search,
b8230f5b,CUST-02464,sample_request,2024-05-13,Glass - Champagne,organic_search,
1a25b1d0,CUST-02465,site_visit,2024-11-03,,referral,
03f8fb78,CUST-02465,sample_request,2024-11-12,Thin Brick - Charcoal,referral,
99862360,CUST-02465,purchase,2024-12-10,Glass - Champagne,referral,587.02
f7eee523,CUST-02466,site_visit,2025-07-31,,referral,
0ed47be0,CUST-02466,visualizer_use,2025-08-04,Original Ceramic - Aegean,referral,
dd56a91e,CUST-02466,sample_request,2025-08-05,Original Ceramic - Clamshell,referral,
1daa593e,CUST-02467,site_visit,2025-04-29,,architect_referral,
00906412,CUST-02467,sample_request,2025-05-10,Glass - Midnight,architect_referral,
76c8aa72,CUST-02467,purchase,2025-07-03,Original Ceramic - Clamshell,architect_referral,1003.56
192fcf64,CUST-02468,site_visit,2024-01-09,,architect_referral,
e70a8c0b,CUST-02468,sample_request,2024-01-29,Natural Press - Fog,architect_referral,
e84cf8f0,CUST-02469,site_visit,2025-05-16,,referral,
bb60e704,CUST-02469,sample_request,2025-05-23,Thin Brick - Charcoal,referral,
2c36c1d6,CUST-02470,site_visit,2025-08-16,,paid_social,
c7e5482a,CUST-02470,sample_request,2025-08-26,Thin Brick - Charcoal,paid_social,
98947c95,CUST-02471,site_visit,2024-12-24,,direct,
d8a56197,CUST-02471,visualizer_use,2024-12-31,Natural Press - Oatmeal,direct,
ea43e24b,CUST-02471,sample_request,2025-01-06,Natural Press - Sable,direct,
246be031,CUST-02471,purchase,2025-03-03,Thin Brick - Charcoal,direct,615.89
0916ec76,CUST-02472,site_visit,2025-07-25,,architect_referral,
4041f38d,CUST-02472,visualizer_use,2025-08-04,Glass - Midnight,architect_referral,
7ebf419c,CUST-02472,sample_request,2025-07-26,Thin Brick - Terracotta,architect_referral,
599f03ee,CUST-02472,purchase,2025-09-23,Thin Brick - Weathered White,architect_referral,937.36
3f33bce9,CUST-02473,site_visit,2025-02-09,,email_capture,
55ea3dfb,CUST-02473,sample_request,2025-02-12,Original Ceramic - Sage,email_capture,
8376ba0a,CUST-02474,site_visit,2025-06-14,,organic_search,
6e5a9339,CUST-02474,sample_request,2025-06-19,Natural Press - Oatmeal,organic_search,
e7e87c17,CUST-02475,site_visit,2024-07-23,,trade_show,
c1512126,CUST-02476,site_visit,2025-04-20,,organic_search,
eddc8e4a,CUST-02476,sample_request,2025-05-01,Original Ceramic - Sage,organic_search,
946219f4,CUST-02477,site_visit,2024-02-10,,paid_social,
0d5ed482,CUST-02477,sample_request,2024-02-11,Original Ceramic - Clamshell,paid_social,
a300bfc8,CUST-02477,sample_request,2024-03-10,Glass - Seaglass,paid_social,
d8ccd774,CUST-02477,purchase,2024-02-20,Thin Brick - Weathered White,paid_social,1710.88
93fc88c2,CUST-02478,site_visit,2024-02-18,,organic_search,
0e7e11b5,CUST-02478,visualizer_use,2024-02-24,Natural Press - Sable,organic_search,
b8c76251,CUST-02478,sample_request,2024-03-03,Original Ceramic - Sage,organic_search,
5efe9106,CUST-02478,sample_request,2024-03-16,Original Ceramic - Aegean,organic_search,
5ab33647,CUST-02478,purchase,2024-05-02,Thin Brick - Weathered White,organic_search,763.99
7c425db1,CUST-02479,site_visit,2024-03-09,,organic_search,
73bd9082,CUST-02479,sample_request,2024-03-26,Original Ceramic - Sage,organic_search,
30109215,CUST-02480,site_visit,2025-07-26,,architect_referral,
26af28ad,CUST-02480,sample_request,2025-08-11,Original Ceramic - Sage,architect_referral,
e0b9d43f,CUST-02480,sample_request,2025-08-16,Original Ceramic - Sage,architect_referral,
5abfa3ac,CUST-02480,purchase,2025-09-20,Glass - Midnight,architect_referral,1003.46
609ad2b1,CUST-02481,site_visit,2024-06-21,,trade_show,
96f59a7e,CUST-02481,visualizer_use,2024-06-22,Glass - Midnight,trade_show,
52b0b438,CUST-02481,purchase,2024-07-11,Thin Brick - Weathered White,trade_show,516.82
0a36b48a,CUST-02481,repeat_purchase,2024-11-10,Natural Press - Fog,trade_show,450.44
74c9c39c,CUST-02482,site_visit,2024-07-05,,referral,
b8bd401b,CUST-02482,visualizer_use,2024-07-13,Original Ceramic - Clamshell,referral,
984622c9,CUST-02482,sample_request,2024-07-18,Glass - Seaglass,referral,
1bfea057,CUST-02482,sample_request,2024-08-11,Original Ceramic - Sage,referral,
d8ba92ac,CUST-02482,purchase,2024-08-24,Natural Press - Fog,referral,533.89
ada71a66,CUST-02483,site_visit,2024-07-18,,email_capture,
e154404d,CUST-02484,site_visit,2024-11-29,,showroom_walkin,
4d5c2065,CUST-02484,sample_request,2024-12-02,Glass - Champagne,showroom_walkin,
854da723,CUST-02485,site_visit,2024-11-29,,paid_social,
aae8b3a6,CUST-02485,sample_request,2024-12-05,Original Ceramic - Sage,paid_social,
47ce0e81,CUST-02485,purchase,2024-12-15,Thin Brick - Charcoal,paid_social,1163.65
ef24d747,CUST-02486,site_visit,2025-05-17,,organic_search,
4497370a,CUST-02486,visualizer_use,2025-05-20,Thin Brick - Charcoal,organic_search,
0384af1f,CUST-02486,sample_request,2025-05-31,Thin Brick - Terracotta,organic_search,
3ce63505,CUST-02486,sample_request,2025-06-07,Original Ceramic - Aegean,organic_search,
00cdf8f6,CUST-02486,purchase,2025-07-26,Original Ceramic - Clamshell,organic_search,1042.22
91b29839,CUST-02487,site_visit,2025-03-07,,paid_social,
0644da1c,CUST-02488,site_visit,2025-03-27,,email_capture,
05d637f7,CUST-02489,site_visit,2024-04-24,,direct,
6df29b8a,CUST-02489,sample_request,2024-05-13,Thin Brick - Terracotta,direct,
c515ccf2,CUST-02489,purchase,2024-07-02,Glass - Midnight,direct,558.69
fe6f0a02,CUST-02489,repeat_purchase,2025-04-22,Original Ceramic - Sage,direct,368.87
4fe577ae,CUST-02490,site_visit,2025-03-22,,paid_social,
292bd0ab,CUST-02490,sample_request,2025-04-11,Thin Brick - Weathered White,paid_social,
6f44484b,CUST-02490,purchase,2025-05-20,Thin Brick - Terracotta,paid_social,1276.02
32a6f9c0,CUST-02491,site_visit,2024-03-29,,organic_search,
bed8b18b,CUST-02491,sample_request,2024-04-10,Thin Brick - Weathered White,organic_search,
9faff98e,CUST-02492,site_visit,2024-07-28,,showroom_walkin,
8d496aab,CUST-02492,sample_request,2024-08-18,Thin Brick - Weathered White,showroom_walkin,
164fa3a8,CUST-02492,sample_request,2024-08-30,Original Ceramic - Clamshell,showroom_walkin,
b4dcada4,CUST-02493,site_visit,2024-11-20,,organic_search,
710252cf,CUST-02493,sample_request,2024-11-23,Natural Press - Oatmeal,organic_search,
53e1cb13,CUST-02494,site_visit,2025-03-03,,architect_referral,
4b29e804,CUST-02494,sample_request,2025-03-16,Glass - Champagne,architect_referral,
2a1c1610,CUST-02494,purchase,2025-04-16,Thin Brick - Charcoal,architect_referral,5825.67
b9c3fdd5,CUST-02495,site_visit,2024-08-20,,organic_search,
a3965c9d,CUST-02495,visualizer_use,2024-08-24,Glass - Champagne,organic_search,
2cd4151d,CUST-02495,sample_request,2024-08-31,Thin Brick - Weathered White,organic_search,
b67f0a52,CUST-02496,site_visit,2024-12-05,,paid_social,
9262f015,CUST-02496,visualizer_use,2024-12-06,Thin Brick - Charcoal,paid_social,
8151dea9,CUST-02496,sample_request,2024-12-09,Glass - Seaglass,paid_social,
25380d6f,CUST-02496,sample_request,2024-12-29,Thin Brick - Terracotta,paid_social,
270bd9a4,CUST-02496,purchase,2024-12-20,Thin Brick - Charcoal,paid_social,686.38
7f4be080,CUST-02497,site_visit,2025-05-08,,trade_show,
095acc58,CUST-02498,site_visit,2024-06-30,,email_capture,
e7e3d77c,CUST-02498,sample_request,2024-07-10,Original Ceramic - Sage,email_capture,
020a70cd,CUST-02499,site_visit,2024-03-02,,organic_search,
23ad5ae4,CUST-02499,purchase,2024-04-03,Glass - Midnight,organic_search,949.04
de1cdf94,CUST-02499,repeat_purchase,2024-09-18,Thin Brick - Terracotta,organic_search,711.34
f563bb81,CUST-02500,site_visit,2025-03-22,,architect_referral,
64e81743,CUST-02500,sample_request,2025-03-25,Thin Brick - Charcoal,architect_referral,
f28f6ad4,CUST-02500,sample_request,2025-04-17,Thin Brick - Weathered White,architect_referral,
e7c2a71f,CUST-02500,purchase,2025-04-13,Thin Brick - Charcoal,architect_referral,1595.98
b8e2ba3a,CUST-02501,site_visit,2025-05-16,,showroom_walkin,
6a1ebf75,CUST-02502,site_visit,2024-10-24,,paid_social,
c8934dba,CUST-02503,site_visit,2024-12-14,,referral,
f675d088,CUST-02503,sample_request,2024-12-22,Thin Brick - Weathered White,referral,
5677a460,CUST-02503,sample_request,2025-01-19,Thin Brick - Weathered White,referral,
7934ab77,CUST-02503,project_upload,2025-01-13,,referral,
c4e43074,CUST-02503,purchase,2025-02-08,Glass - Midnight,referral,18504.19
b74d546c,CUST-02504,site_visit,2024-12-01,,direct,
aeac696b,CUST-02504,sample_request,2024-12-14,Natural Press - Sable,direct,
304e69e0,CUST-02504,sample_request,2024-12-23,Original Ceramic - Clamshell,direct,
5d2cdf51,CUST-02504,purchase,2025-01-19,Natural Press - Sable,direct,918.9
7ccd1c7c,CUST-02505,site_visit,2024-01-04,,referral,
a7fc79d4,CUST-02505,sample_request,2024-01-13,Thin Brick - Weathered White,referral,
5070a587,CUST-02505,sample_request,2024-01-22,Thin Brick - Charcoal,referral,
a35eb424,CUST-02505,purchase,2024-02-17,Natural Press - Oatmeal,referral,999.86
46611bc3,CUST-02506,site_visit,2024-02-20,,organic_search,
163e1e13,CUST-02506,sample_request,2024-03-11,Glass - Midnight,organic_search,
d4ebbc20,CUST-02506,purchase,2024-04-17,Thin Brick - Charcoal,organic_search,1244.26
aabc6577,CUST-02507,site_visit,2025-06-01,,organic_search,
8d9909e2,CUST-02507,visualizer_use,2025-06-07,Glass - Champagne,organic_search,
8eeb793f,CUST-02507,sample_request,2025-06-10,Original Ceramic - Clamshell,organic_search,
a4adbc17,CUST-02507,sample_request,2025-07-02,Thin Brick - Terracotta,organic_search,
6c10918a,CUST-02507,purchase,2025-07-21,Glass - Seaglass,organic_search,543.49
6371a12a,CUST-02508,site_visit,2024-08-29,,trade_show,
269a8b9c,CUST-02508,sample_request,2024-09-14,Natural Press - Sable,trade_show,
131490ab,CUST-02508,sample_request,2024-09-25,Natural Press - Oatmeal,trade_show,
7d7bae7e,CUST-02508,purchase,2024-11-13,Thin Brick - Terracotta,trade_show,20763.67
d1bbe5f0,CUST-02509,site_visit,2025-03-20,,showroom_walkin,
3b2f7c38,CUST-02509,sample_request,2025-04-06,Glass - Seaglass,showroom_walkin,
2f8d5324,CUST-02509,sample_request,2025-04-30,Glass - Midnight,showroom_walkin,
3209fa38,CUST-02509,purchase,2025-04-17,Original Ceramic - Aegean,showroom_walkin,1776.61
12e01c94,CUST-02510,site_visit,2025-08-05,,architect_referral,
04d06faf,CUST-02510,sample_request,2025-08-17,Original Ceramic - Sage,architect_referral,
31d2d7e3,CUST-02510,sample_request,2025-09-08,Thin Brick - Terracotta,architect_referral,
6da6e0a1,CUST-02510,project_upload,2025-09-02,,architect_referral,
efffdcf0,CUST-02510,purchase,2025-10-01,Glass - Champagne,architect_referral,4842.53
53ab8047,CUST-02511,site_visit,2025-01-08,,organic_search,
3476ff74,CUST-02512,site_visit,2024-02-05,,showroom_walkin,
21eb9085,CUST-02512,visualizer_use,2024-02-15,Thin Brick - Terracotta,showroom_walkin,
ac10d3b2,CUST-02512,sample_request,2024-02-14,Original Ceramic - Aegean,showroom_walkin,
a2927695,CUST-02512,purchase,2024-03-19,Thin Brick - Terracotta,showroom_walkin,1659.13
618c75bc,CUST-02513,site_visit,2024-01-17,,showroom_walkin,
1355c9a5,CUST-02514,site_visit,2024-11-25,,organic_search,
39901cfe,CUST-02514,sample_request,2024-12-13,Thin Brick - Weathered White,organic_search,
bdd82716,CUST-02514,sample_request,2024-12-22,Thin Brick - Terracotta,organic_search,
fc57c0b3,CUST-02514,purchase,2025-01-13,Original Ceramic - Sage,organic_search,1422.65
3381544d,CUST-02515,site_visit,2024-05-19,,paid_social,
923264c8,CUST-02516,site_visit,2025-03-23,,direct,
61396610,CUST-02516,visualizer_use,2025-03-26,Glass - Champagne,direct,
71196a27,CUST-02516,sample_request,2025-04-02,Thin Brick - Charcoal,direct,
bf88e78e,CUST-02517,site_visit,2024-02-25,,direct,
22e49ccd,CUST-02517,sample_request,2024-03-07,Thin Brick - Weathered White,direct,
23a4917d,CUST-02518,site_visit,2024-08-05,,trade_show,
4dfd0b1f,CUST-02519,site_visit,2024-07-22,,trade_show,
b1a962c7,CUST-02519,visualizer_use,2024-07-22,Natural Press - Fog,trade_show,
919aa495,CUST-02519,sample_request,2024-08-02,Glass - Seaglass,trade_show,
4774ca9c,CUST-02519,sample_request,2024-08-20,Natural Press - Oatmeal,trade_show,
1a018a2b,CUST-02519,project_upload,2024-08-15,,trade_show,
e4f42072,CUST-02519,purchase,2024-09-09,Thin Brick - Terracotta,trade_show,9132.21
8db38287,CUST-02519,repeat_purchase,2025-06-07,Original Ceramic - Aegean,trade_show,5271.61
25755b4d,CUST-02520,site_visit,2025-06-27,,trade_show,
c728364f,CUST-02520,sample_request,2025-07-15,Thin Brick - Weathered White,trade_show,
3ffec71a,CUST-02520,purchase,2025-09-09,Glass - Champagne,trade_show,1298.45
1370a28a,CUST-02521,site_visit,2024-06-02,,showroom_walkin,
6bd15c38,CUST-02521,sample_request,2024-06-10,Thin Brick - Weathered White,showroom_walkin,
5cd18436,CUST-02521,purchase,2024-06-17,Natural Press - Oatmeal,showroom_walkin,1231.93
38f73c90,CUST-02522,site_visit,2024-07-10,,referral,
21ac3845,CUST-02522,sample_request,2024-07-25,Original Ceramic - Aegean,referral,
aae29b12,CUST-02522,sample_request,2024-08-24,Thin Brick - Terracotta,referral,
f18f1ae5,CUST-02522,purchase,2024-08-24,Original Ceramic - Aegean,referral,949.5
60e45011,CUST-02523,site_visit,2024-04-09,,organic_search,
bb789356,CUST-02523,sample_request,2024-04-21,Thin Brick - Charcoal,organic_search,
4051c792,CUST-02524,site_visit,2025-01-04,,architect_referral,
5b6481e5,CUST-02524,visualizer_use,2025-01-11,Thin Brick - Weathered White,architect_referral,
14d774c0,CUST-02524,sample_request,2025-01-08,Thin Brick - Weathered White,architect_referral,
ca8285ee,CUST-02524,purchase,2025-01-24,Thin Brick - Weathered White,architect_referral,1626.88
047302c9,CUST-02525,site_visit,2024-05-07,,organic_search,
5c551120,CUST-02525,sample_request,2024-05-27,Natural Press - Oatmeal,organic_search,
97ac9d23,CUST-02525,purchase,2024-07-14,Thin Brick - Charcoal,organic_search,12113.44
9712cc66,CUST-02525,repeat_purchase,2025-02-20,Original Ceramic - Sage,organic_search,18758.85
771a06f7,CUST-02526,site_visit,2024-01-08,,architect_referral,
213046d9,CUST-02527,site_visit,2024-07-19,,paid_social,
34689b3e,CUST-02527,visualizer_use,2024-07-27,Glass - Seaglass,paid_social,
ce4cf767,CUST-02527,sample_request,2024-07-28,Original Ceramic - Aegean,paid_social,
61201265,CUST-02527,purchase,2024-08-07,Glass - Champagne,paid_social,1401.74
ab1340bd,CUST-02528,site_visit,2025-01-16,,paid_social,
aab734f7,CUST-02529,site_visit,2024-02-20,,organic_search,
40dcc4d2,CUST-02530,site_visit,2024-04-27,,email_capture,
f48ad7b9,CUST-02530,sample_request,2024-04-30,Glass - Midnight,email_capture,
11f1910b,CUST-02531,site_visit,2024-11-17,,paid_social,
81b4505d,CUST-02531,sample_request,2024-11-30,Natural Press - Fog,paid_social,
c8cb685b,CUST-02531,purchase,2025-01-18,Natural Press - Sable,paid_social,720.09
4c00be87,CUST-02532,site_visit,2024-07-07,,paid_social,
25655123,CUST-02532,visualizer_use,2024-07-17,Glass - Seaglass,paid_social,
d2113f2e,CUST-02532,sample_request,2024-07-14,Original Ceramic - Clamshell,paid_social,
78fcc38e,CUST-02532,sample_request,2024-07-29,Glass - Champagne,paid_social,
bc580e16,CUST-02533,site_visit,2024-07-23,,paid_social,
829e9aed,CUST-02533,purchase,2024-08-31,Natural Press - Oatmeal,paid_social,805.34
ae0f808a,CUST-02534,site_visit,2024-08-20,,trade_show,
26835425,CUST-02535,site_visit,2025-06-18,,organic_search,
4386f5a4,CUST-02535,visualizer_use,2025-06-21,Original Ceramic - Sage,organic_search,
a66d2b70,CUST-02535,sample_request,2025-06-30,Natural Press - Fog,organic_search,
bdd859a9,CUST-02536,site_visit,2024-06-04,,referral,
b72a60b1,CUST-02536,sample_request,2024-06-05,Glass - Seaglass,referral,
46ab0ac4,CUST-02536,purchase,2024-07-03,Glass - Champagne,referral,574.05
52486c73,CUST-02537,site_visit,2025-06-10,,email_capture,
210f885f,CUST-02537,sample_request,2025-06-24,Original Ceramic - Aegean,email_capture,
baf5f9dc,CUST-02538,site_visit,2024-12-23,,trade_show,
bfe15d4b,CUST-02538,visualizer_use,2025-01-02,Natural Press - Sable,trade_show,
19054de5,CUST-02539,site_visit,2024-01-08,,trade_show,
85403d72,CUST-02539,visualizer_use,2024-01-09,Thin Brick - Weathered White,trade_show,
a128f6b8,CUST-02539,sample_request,2024-01-19,Original Ceramic - Sage,trade_show,
cc093ff1,CUST-02540,site_visit,2024-07-12,,referral,
a7925e37,CUST-02540,sample_request,2024-07-25,Thin Brick - Terracotta,referral,
b8baf1eb,CUST-02540,sample_request,2024-08-07,Natural Press - Oatmeal,referral,
33c29936,CUST-02541,site_visit,2025-04-24,,referral,
e4abd22f,CUST-02541,visualizer_use,2025-04-24,Natural Press - Sable,referral,
fd38d3c0,CUST-02541,sample_request,2025-05-01,Natural Press - Sable,referral,
1024d006,CUST-02541,sample_request,2025-05-06,Glass - Seaglass,referral,
1ef31cd2,CUST-02541,purchase,2025-05-24,Thin Brick - Terracotta,referral,900.66
14229c1e,CUST-02541,repeat_purchase,2025-08-13,Glass - Midnight,referral,1390.23
ae454bf1,CUST-02542,site_visit,2025-01-21,,paid_social,
9b93c976,CUST-02542,visualizer_use,2025-01-28,Natural Press - Oatmeal,paid_social,
92013aaa,CUST-02542,sample_request,2025-01-31,Natural Press - Fog,paid_social,
dfc9b7d2,CUST-02542,sample_request,2025-02-25,Glass - Seaglass,paid_social,
068f9c75,CUST-02543,site_visit,2024-05-24,,organic_search,
41eacf97,CUST-02543,visualizer_use,2024-05-29,Natural Press - Oatmeal,organic_search,
2cbf6e0d,CUST-02544,site_visit,2024-12-21,,organic_search,
eb3a74b4,CUST-02545,site_visit,2025-04-23,,referral,
49950397,CUST-02545,visualizer_use,2025-04-29,Natural Press - Sable,referral,
0da618e9,CUST-02545,sample_request,2025-04-25,Thin Brick - Weathered White,referral,
69217670,CUST-02545,sample_request,2025-05-11,Glass - Seaglass,referral,
7fea3885,CUST-02545,purchase,2025-05-05,Original Ceramic - Clamshell,referral,1762.85
20a200f5,CUST-02546,site_visit,2024-07-06,,trade_show,
df7cc40a,CUST-02546,visualizer_use,2024-07-16,Thin Brick - Weathered White,trade_show,
32e211b9,CUST-02546,sample_request,2024-07-16,Natural Press - Sable,trade_show,
ff166cd6,CUST-02546,project_upload,2024-07-28,,trade_show,
c3e0f73c,CUST-02546,purchase,2024-08-30,Glass - Midnight,trade_show,8644.63
d13991ac,CUST-02546,repeat_purchase,2024-12-09,Glass - Champagne,trade_show,11171.42
e8ce8157,CUST-02547,site_visit,2025-03-22,,referral,
88398229,CUST-02547,sample_request,2025-03-22,Original Ceramic - Sage,referral,
58f33e1c,CUST-02547,sample_request,2025-04-16,Thin Brick - Terracotta,referral,
f13e10d0,CUST-02548,site_visit,2024-07-01,,architect_referral,
6a28509d,CUST-02548,sample_request,2024-07-17,Glass - Champagne,architect_referral,
679fa318,CUST-02549,site_visit,2024-07-15,,referral,
01ff5670,CUST-02549,sample_request,2024-07-27,Glass - Seaglass,referral,
75db51ce,CUST-02550,site_visit,2024-09-18,,direct,
4feafb15,CUST-02550,purchase,2024-11-15,Original Ceramic - Aegean,direct,7277.44
53e6d3eb,CUST-02551,site_visit,2024-04-08,,paid_social,
1bc438fd,CUST-02551,visualizer_use,2024-04-10,Original Ceramic - Clamshell,paid_social,
370fe663,CUST-02551,sample_request,2024-04-12,Thin Brick - Charcoal,paid_social,
3f182f16,CUST-02551,project_upload,2024-04-30,,paid_social,
15386963,CUST-02551,purchase,2024-04-21,Original Ceramic - Sage,paid_social,8546.79
4a7b67eb,CUST-02552,site_visit,2024-03-21,,architect_referral,
842a2643,CUST-02552,sample_request,2024-03-26,Thin Brick - Terracotta,architect_referral,
53252b84,CUST-02552,sample_request,2024-04-08,Glass - Seaglass,architect_referral,
5344d528,CUST-02552,purchase,2024-04-04,Thin Brick - Terracotta,architect_referral,690.67
bb507a9e,CUST-02553,site_visit,2024-06-29,,paid_social,
6b313ef8,CUST-02554,site_visit,2024-06-14,,referral,
e35a0e69,CUST-02554,visualizer_use,2024-06-24,Thin Brick - Weathered White,referral,
4bdfb196,CUST-02554,sample_request,2024-06-24,Thin Brick - Weathered White,referral,
202559c3,CUST-02555,site_visit,2025-08-05,,referral,
5b214b18,CUST-02555,visualizer_use,2025-08-14,Thin Brick - Charcoal,referral,
8cc1b081,CUST-02555,sample_request,2025-08-16,Thin Brick - Weathered White,referral,
3299adbf,CUST-02555,purchase,2025-09-16,Natural Press - Oatmeal,referral,564.79
17832ee9,CUST-02556,site_visit,2024-04-25,,paid_social,
eab37466,CUST-02557,site_visit,2025-04-29,,organic_search,
e6274e5d,CUST-02557,sample_request,2025-05-16,Natural Press - Fog,organic_search,
44832518,CUST-02557,sample_request,2025-05-23,Original Ceramic - Sage,organic_search,
2f227b55,CUST-02557,purchase,2025-05-27,Thin Brick - Charcoal,organic_search,483.12
1187d782,CUST-02558,site_visit,2025-02-16,,referral,
26e5c468,CUST-02558,sample_request,2025-03-09,Original Ceramic - Aegean,referral,
597ad98e,CUST-02559,site_visit,2025-08-15,,trade_show,
ac1495e5,CUST-02559,sample_request,2025-08-23,Original Ceramic - Clamshell,trade_show,
8b66a54c,CUST-02559,sample_request,2025-09-07,Original Ceramic - Clamshell,trade_show,
398a645f,CUST-02559,purchase,2025-09-09,Glass - Champagne,trade_show,883.86
1629b9c4,CUST-02560,site_visit,2024-04-20,,direct,
df0a2360,CUST-02560,purchase,2024-05-04,Natural Press - Sable,direct,21196.65
0d16456c,CUST-02560,repeat_purchase,2024-07-18,Original Ceramic - Aegean,direct,11962.08
9892fd6f,CUST-02561,site_visit,2025-05-05,,architect_referral,
f294db53,CUST-02561,sample_request,2025-05-10,Original Ceramic - Clamshell,architect_referral,
48c5ec5e,CUST-02561,sample_request,2025-06-06,Natural Press - Sable,architect_referral,
2f9a83e1,CUST-02561,purchase,2025-06-30,Original Ceramic - Clamshell,architect_referral,1204.85
e691e88e,CUST-02562,site_visit,2024-01-27,,paid_social,
86bdd5c8,CUST-02562,visualizer_use,2024-02-05,Thin Brick - Terracotta,paid_social,
549c23b8,CUST-02562,sample_request,2024-02-08,Glass - Seaglass,paid_social,
b6d03f56,CUST-02563,site_visit,2025-07-16,,showroom_walkin,
f25eb5bc,CUST-02563,visualizer_use,2025-07-20,Original Ceramic - Clamshell,showroom_walkin,
310d6f8a,CUST-02563,sample_request,2025-07-25,Original Ceramic - Aegean,showroom_walkin,
2e96c8e4,CUST-02563,sample_request,2025-08-18,Glass - Midnight,showroom_walkin,
b7609b9f,CUST-02563,purchase,2025-08-01,Thin Brick - Charcoal,showroom_walkin,1250.35
6d891500,CUST-02564,site_visit,2024-12-15,,organic_search,
6c532605,CUST-02564,sample_request,2025-01-03,Glass - Midnight,organic_search,
5f906bbe,CUST-02564,sample_request,2025-01-28,Natural Press - Oatmeal,organic_search,
504e57a9,CUST-02564,purchase,2025-02-09,Glass - Champagne,organic_search,1689.44
43073d3e,CUST-02564,repeat_purchase,2025-05-02,Original Ceramic - Aegean,organic_search,940.05
bae5ea3c,CUST-02565,site_visit,2024-01-26,,organic_search,
8707d892,CUST-02565,sample_request,2024-02-09,Natural Press - Sable,organic_search,
7802f7c1,CUST-02565,purchase,2024-02-22,Thin Brick - Weathered White,organic_search,899.5
224285ac,CUST-02566,site_visit,2024-05-24,,showroom_walkin,
6fb2b4db,CUST-02567,site_visit,2024-11-14,,architect_referral,
5ddc2bef,CUST-02567,visualizer_use,2024-11-20,Glass - Seaglass,architect_referral,
f3a5d693,CUST-02567,sample_request,2024-11-18,Glass - Seaglass,architect_referral,
ebae896c,CUST-02567,purchase,2025-01-11,Natural Press - Fog,architect_referral,1698.9
35bc3f8f,CUST-02568,site_visit,2025-06-07,,architect_referral,
d3c9a5cd,CUST-02569,site_visit,2025-04-12,,email_capture,
70739765,CUST-02569,sample_request,2025-05-03,Glass - Seaglass,email_capture,
6159c483,CUST-02569,sample_request,2025-05-12,Natural Press - Oatmeal,email_capture,
1df2dde6,CUST-02570,site_visit,2024-11-11,,organic_search,
c14012d7,CUST-02570,sample_request,2024-11-23,Natural Press - Oatmeal,organic_search,
f7c3432b,CUST-02571,site_visit,2025-01-24,,paid_social,
e90b3b9d,CUST-02571,visualizer_use,2025-01-26,Thin Brick - Terracotta,paid_social,
5b599dec,CUST-02571,sample_request,2025-02-07,Glass - Seaglass,paid_social,
5a7f143b,CUST-02571,purchase,2025-03-10,Glass - Champagne,paid_social,1081.03
a2061eec,CUST-02572,site_visit,2024-07-09,,referral,
792064f2,CUST-02572,visualizer_use,2024-07-12,Natural Press - Oatmeal,referral,
b0813ea4,CUST-02572,sample_request,2024-07-17,Thin Brick - Weathered White,referral,
8116c4d4,CUST-02572,purchase,2024-08-01,Glass - Midnight,referral,1536.5
e495c7d7,CUST-02573,site_visit,2024-03-13,,referral,
82b78e8e,CUST-02573,visualizer_use,2024-03-20,Natural Press - Fog,referral,
ac359407,CUST-02573,sample_request,2024-03-15,Glass - Seaglass,referral,
c7998b8e,CUST-02574,site_visit,2024-07-07,,paid_social,
9c32f931,CUST-02574,visualizer_use,2024-07-08,Original Ceramic - Aegean,paid_social,
cb64df6e,CUST-02574,sample_request,2024-07-14,Glass - Seaglass,paid_social,
79f03837,CUST-02575,site_visit,2024-02-17,,trade_show,
7649283d,CUST-02575,sample_request,2024-03-03,Thin Brick - Terracotta,trade_show,
3f5e5f4a,CUST-02575,project_upload,2024-03-18,,trade_show,
7f8e0f89,CUST-02576,site_visit,2025-01-06,,direct,
c5ab9f75,CUST-02576,visualizer_use,2025-01-16,Original Ceramic - Clamshell,direct,
4cbd9dee,CUST-02576,purchase,2025-01-22,Original Ceramic - Aegean,direct,606.03
079ae118,CUST-02577,site_visit,2024-09-03,,showroom_walkin,
3f690617,CUST-02578,site_visit,2025-02-03,,email_capture,
9df3d20b,CUST-02578,sample_request,2025-02-07,Thin Brick - Weathered White,email_capture,
dc2b51c7,CUST-02579,site_visit,2024-12-12,,paid_social,
63c0b626,CUST-02579,sample_request,2025-01-02,Thin Brick - Charcoal,paid_social,
24de268b,CUST-02579,sample_request,2025-01-25,Thin Brick - Weathered White,paid_social,
b55a7496,CUST-02579,purchase,2025-02-15,Glass - Midnight,paid_social,1108.03
1750ffe0,CUST-02580,site_visit,2024-10-05,,organic_search,
22fc8fa5,CUST-02580,visualizer_use,2024-10-13,Original Ceramic - Sage,organic_search,
2167caff,CUST-02580,sample_request,2024-10-07,Thin Brick - Terracotta,organic_search,
55523477,CUST-02581,site_visit,2024-10-13,,architect_referral,
6e28694a,CUST-02581,visualizer_use,2024-10-22,Original Ceramic - Clamshell,architect_referral,
57210520,CUST-02581,sample_request,2024-10-24,Original Ceramic - Aegean,architect_referral,
1ff9fbb9,CUST-02582,site_visit,2025-02-22,,trade_show,
23752c14,CUST-02582,sample_request,2025-03-14,Thin Brick - Charcoal,trade_show,
cf1dbaa9,CUST-02582,purchase,2025-03-21,Thin Brick - Terracotta,trade_show,1770.5
50c91630,CUST-02582,repeat_purchase,2025-05-29,Glass - Seaglass,trade_show,615.77
fd96726e,CUST-02583,site_visit,2024-12-08,,direct,
c79996c5,CUST-02583,sample_request,2024-12-19,Original Ceramic - Sage,direct,
bd6eacdd,CUST-02583,purchase,2025-02-15,Natural Press - Sable,direct,566.07
8fbc096e,CUST-02584,site_visit,2024-07-13,,paid_social,
d295f59c,CUST-02584,visualizer_use,2024-07-15,Thin Brick - Weathered White,paid_social,
8cd5a183,CUST-02584,sample_request,2024-07-19,Glass - Champagne,paid_social,
6e71ab0b,CUST-02584,purchase,2024-08-02,Glass - Champagne,paid_social,1574.68
79ed3584,CUST-02584,repeat_purchase,2024-10-14,Glass - Seaglass,paid_social,421.88
67e7a1cd,CUST-02585,site_visit,2025-08-29,,trade_show,
53d303fb,CUST-02586,site_visit,2025-05-22,,organic_search,
44a301cb,CUST-02586,visualizer_use,2025-05-30,Thin Brick - Charcoal,organic_search,
6b002a69,CUST-02586,sample_request,2025-05-27,Glass - Midnight,organic_search,
1ba5b8a0,CUST-02586,purchase,2025-06-07,Natural Press - Oatmeal,organic_search,1595.27
61c0a5ce,CUST-02587,site_visit,2024-03-31,,organic_search,
7339a688,CUST-02588,site_visit,2024-04-06,,paid_social,
2f132697,CUST-02588,visualizer_use,2024-04-07,Thin Brick - Terracotta,paid_social,
22d25706,CUST-02588,sample_request,2024-04-10,Original Ceramic - Aegean,paid_social,
59a39329,CUST-02588,purchase,2024-05-27,Original Ceramic - Clamshell,paid_social,1224.18
86949ae5,CUST-02589,site_visit,2024-01-22,,organic_search,
b523f7c8,CUST-02589,visualizer_use,2024-01-27,Original Ceramic - Sage,organic_search,
aa25e2b0,CUST-02589,sample_request,2024-01-26,Thin Brick - Charcoal,organic_search,
30608790,CUST-02589,purchase,2024-02-02,Original Ceramic - Sage,organic_search,11412.81
be9a4640,CUST-02590,site_visit,2024-05-18,,showroom_walkin,
78d69bbe,CUST-02590,purchase,2024-05-31,Thin Brick - Weathered White,showroom_walkin,1148.37
08cc6c1c,CUST-02591,site_visit,2025-05-25,,email_capture,
c3be3563,CUST-02591,visualizer_use,2025-05-31,Original Ceramic - Clamshell,email_capture,
dce98fdf,CUST-02591,sample_request,2025-06-04,Original Ceramic - Sage,email_capture,
35106062,CUST-02592,site_visit,2024-07-17,,organic_search,
5ea8235d,CUST-02592,visualizer_use,2024-07-25,Glass - Seaglass,organic_search,
396952be,CUST-02592,sample_request,2024-07-25,Original Ceramic - Clamshell,organic_search,
526faad4,CUST-02592,sample_request,2024-08-16,Thin Brick - Weathered White,organic_search,
65622e88,CUST-02592,purchase,2024-08-23,Natural Press - Sable,organic_search,1119.04
b4b89c84,CUST-02593,site_visit,2025-01-09,,organic_search,
c187c5ec,CUST-02593,sample_request,2025-01-17,Original Ceramic - Sage,organic_search,
fddee035,CUST-02593,purchase,2025-02-14,Original Ceramic - Sage,organic_search,1041.74
4f701ec4,CUST-02594,site_visit,2024-01-19,,showroom_walkin,
16eb3d98,CUST-02595,site_visit,2024-07-05,,direct,
83bc3e54,CUST-02596,site_visit,2025-06-09,,paid_social,
bd311520,CUST-02597,site_visit,2024-01-11,,organic_search,
38d5ed94,CUST-02597,sample_request,2024-01-22,Natural Press - Oatmeal,organic_search,
69729f5c,CUST-02597,purchase,2024-03-14,Thin Brick - Weathered White,organic_search,736.62
093cf899,CUST-02597,repeat_purchase,2024-05-16,Original Ceramic - Aegean,organic_search,664.74
2a8ddb6b,CUST-02598,site_visit,2025-08-03,,paid_social,
88042876,CUST-02598,sample_request,2025-08-14,Glass - Midnight,paid_social,
2dd35d05,CUST-02599,site_visit,2024-05-26,,trade_show,
f826baa0,CUST-02599,sample_request,2024-06-14,Thin Brick - Weathered White,trade_show,
7e4ab680,CUST-02599,sample_request,2024-07-05,Glass - Seaglass,trade_show,
c55d561b,CUST-02600,site_visit,2025-02-28,,referral,
a89f3702,CUST-02600,sample_request,2025-03-14,Natural Press - Fog,referral,
13fc7605,CUST-02601,site_visit,2025-01-01,,trade_show,
f4e90db9,CUST-02601,sample_request,2025-01-09,Original Ceramic - Sage,trade_show,
9c7bc8f6,CUST-02602,site_visit,2025-04-28,,referral,
c372d3a4,CUST-02602,sample_request,2025-05-15,Thin Brick - Terracotta,referral,
7badb7a4,CUST-02603,site_visit,2025-01-11,,email_capture,
cca06aed,CUST-02603,sample_request,2025-01-19,Thin Brick - Terracotta,email_capture,
a3223120,CUST-02603,sample_request,2025-01-31,Natural Press - Sable,email_capture,
fa611d94,CUST-02604,site_visit,2024-06-27,,referral,
d9956688,CUST-02604,visualizer_use,2024-06-29,Natural Press - Sable,referral,
0ce7e4c2,CUST-02604,sample_request,2024-07-04,Thin Brick - Charcoal,referral,
f7cf5d4e,CUST-02605,site_visit,2024-02-18,,organic_search,
11574489,CUST-02605,visualizer_use,2024-02-28,Glass - Champagne,organic_search,
05958477,CUST-02605,sample_request,2024-02-22,Original Ceramic - Clamshell,organic_search,
2a153270,CUST-02605,purchase,2024-04-07,Thin Brick - Weathered White,organic_search,850.63
b0d1be4d,CUST-02606,site_visit,2025-04-28,,organic_search,
65f79605,CUST-02606,sample_request,2025-05-18,Thin Brick - Charcoal,organic_search,
e84ffa56,CUST-02607,site_visit,2025-08-11,,organic_search,
4ffaadf6,CUST-02608,site_visit,2024-02-28,,organic_search,
97f8630a,CUST-02609,site_visit,2024-09-19,,direct,
ccb18179,CUST-02609,sample_request,2024-09-30,Thin Brick - Terracotta,direct,
49744814,CUST-02609,purchase,2024-10-18,Original Ceramic - Sage,direct,430.44
9f61df86,CUST-02610,site_visit,2024-11-24,,showroom_walkin,
34139f0c,CUST-02611,site_visit,2024-08-09,,organic_search,
81d25447,CUST-02611,sample_request,2024-08-23,Glass - Midnight,organic_search,
41519e86,CUST-02612,site_visit,2024-10-10,,direct,
71efe82c,CUST-02612,sample_request,2024-10-27,Thin Brick - Terracotta,direct,
4ce3fca0,CUST-02613,site_visit,2025-03-25,,showroom_walkin,
858b3d7e,CUST-02613,sample_request,2025-04-08,Thin Brick - Weathered White,showroom_walkin,
cf181b2a,CUST-02614,site_visit,2024-07-06,,paid_social,
977879c9,CUST-02614,sample_request,2024-07-13,Natural Press - Sable,paid_social,
1ce328f7,CUST-02614,sample_request,2024-08-02,Thin Brick - Charcoal,paid_social,
f07f6908,CUST-02614,purchase,2024-08-08,Glass - Seaglass,paid_social,1022.92
b27175ed,CUST-02615,site_visit,2024-07-02,,paid_social,
89bb23ef,CUST-02615,sample_request,2024-07-18,Thin Brick - Charcoal,paid_social,
73767ef9,CUST-02616,site_visit,2024-11-28,,architect_referral,
08a0ef5e,CUST-02616,sample_request,2024-12-11,Natural Press - Fog,architect_referral,
c8828ddb,CUST-02617,site_visit,2024-08-27,,organic_search,
7981041d,CUST-02617,visualizer_use,2024-09-02,Thin Brick - Charcoal,organic_search,
3f349830,CUST-02617,sample_request,2024-09-02,Original Ceramic - Sage,organic_search,
5c87dd27,CUST-02618,site_visit,2025-08-03,,architect_referral,
7f8fbc7d,CUST-02618,purchase,2025-08-29,Original Ceramic - Clamshell,architect_referral,4052.75
64ca272a,CUST-02619,site_visit,2024-07-19,,showroom_walkin,
f09c7bc8,CUST-02619,visualizer_use,2024-07-26,Thin Brick - Terracotta,showroom_walkin,
33a1108a,CUST-02619,sample_request,2024-07-23,Thin Brick - Charcoal,showroom_walkin,
0bed3be6,CUST-02619,sample_request,2024-08-20,Natural Press - Sable,showroom_walkin,
9764fe76,CUST-02619,purchase,2024-08-02,Glass - Champagne,showroom_walkin,444.62
89e2536b,CUST-02620,site_visit,2024-09-09,,showroom_walkin,
db5c0ea4,CUST-02620,sample_request,2024-09-30,Thin Brick - Terracotta,showroom_walkin,
f60ea64d,CUST-02620,purchase,2024-10-31,Thin Brick - Terracotta,showroom_walkin,1212.21
8ca8431e,CUST-02621,site_visit,2025-02-03,,showroom_walkin,
e77c8ebf,CUST-02622,site_visit,2025-04-30,,trade_show,
4721140e,CUST-02623,site_visit,2024-01-30,,email_capture,
5161bad5,CUST-02623,sample_request,2024-01-31,Glass - Seaglass,email_capture,
b8ddaee3,CUST-02623,sample_request,2024-02-28,Natural Press - Fog,email_capture,
6f7dea20,CUST-02623,purchase,2024-03-12,Thin Brick - Weathered White,email_capture,1690.8
40338f7b,CUST-02623,repeat_purchase,2024-11-21,Natural Press - Oatmeal,email_capture,690.69
7fb07782,CUST-02624,site_visit,2024-06-25,,organic_search,
df3faf88,CUST-02624,sample_request,2024-06-29,Original Ceramic - Clamshell,organic_search,
1cb45c1b,CUST-02624,sample_request,2024-07-24,Original Ceramic - Sage,organic_search,
326a4e68,CUST-02625,site_visit,2024-02-02,,paid_social,
0ac879de,CUST-02625,sample_request,2024-02-02,Glass - Champagne,paid_social,
ef948db2,CUST-02625,purchase,2024-02-12,Natural Press - Oatmeal,paid_social,1451.26
bf5a83d2,CUST-02626,site_visit,2025-06-05,,direct,
91e6b9ee,CUST-02626,visualizer_use,2025-06-09,Thin Brick - Charcoal,direct,
6ed7ee4b,CUST-02626,sample_request,2025-06-18,Original Ceramic - Aegean,direct,
e355b06c,CUST-02626,sample_request,2025-06-30,Glass - Champagne,direct,
df4c4672,CUST-02627,site_visit,2025-04-02,,organic_search,
255bf931,CUST-02627,sample_request,2025-04-21,Glass - Seaglass,organic_search,
0c39108b,CUST-02628,site_visit,2024-03-22,,email_capture,
d5c01016,CUST-02628,purchase,2024-04-11,Glass - Champagne,email_capture,429.34
8a337c4d,CUST-02629,site_visit,2025-04-06,,showroom_walkin,
bfd502eb,CUST-02630,site_visit,2024-12-17,,referral,
270d0d3f,CUST-02630,visualizer_use,2024-12-18,Natural Press - Fog,referral,
095b20fe,CUST-02631,site_visit,2024-05-13,,showroom_walkin,
2867153b,CUST-02631,sample_request,2024-05-21,Glass - Seaglass,showroom_walkin,
009dff88,CUST-02631,sample_request,2024-05-29,Original Ceramic - Aegean,showroom_walkin,
9952bb9a,CUST-02632,site_visit,2025-05-02,,showroom_walkin,
9a3494e4,CUST-02632,visualizer_use,2025-05-04,Glass - Midnight,showroom_walkin,
944a62f6,CUST-02632,sample_request,2025-05-12,Original Ceramic - Clamshell,showroom_walkin,
d89745bb,CUST-02632,purchase,2025-06-23,Original Ceramic - Clamshell,showroom_walkin,1493.74
97f4d8ef,CUST-02633,site_visit,2024-11-10,,paid_social,
08800fec,CUST-02634,site_visit,2025-02-18,,organic_search,
7c3d2490,CUST-02634,visualizer_use,2025-02-27,Natural Press - Fog,organic_search,
b73d74e6,CUST-02634,sample_request,2025-02-21,Original Ceramic - Sage,organic_search,
f15f0001,CUST-02635,site_visit,2024-05-23,,referral,
e5ee6585,CUST-02635,visualizer_use,2024-06-01,Natural Press - Oatmeal,referral,
aed8edf3,CUST-02635,sample_request,2024-05-29,Glass - Seaglass,referral,
07f00664,CUST-02635,purchase,2024-07-02,Glass - Midnight,referral,936.16
950a9f3e,CUST-02636,site_visit,2024-04-12,,direct,
34cde526,CUST-02636,sample_request,2024-04-28,Natural Press - Fog,direct,
683f254d,CUST-02636,sample_request,2024-05-17,Natural Press - Oatmeal,direct,
befd03ae,CUST-02636,project_upload,2024-05-08,,direct,
1536a4c9,CUST-02636,purchase,2024-05-24,Natural Press - Fog,direct,23613.1
26670d8c,CUST-02637,site_visit,2024-12-23,,direct,
4e316aaa,CUST-02637,visualizer_use,2025-01-02,Thin Brick - Terracotta,direct,
a8f18fff,CUST-02637,sample_request,2024-12-28,Glass - Seaglass,direct,
d1dd88d2,CUST-02638,site_visit,2025-06-01,,trade_show,
be4a2d57,CUST-02638,sample_request,2025-06-15,Glass - Champagne,trade_show,
ec67e51b,CUST-02638,sample_request,2025-07-05,Natural Press - Oatmeal,trade_show,
5ddfc951,CUST-02638,project_upload,2025-06-30,,trade_show,
e88c1c7a,CUST-02638,purchase,2025-08-03,Thin Brick - Terracotta,trade_show,18505.69
f84d0cee,CUST-02639,site_visit,2024-08-02,,organic_search,
0bdc561a,CUST-02639,sample_request,2024-08-19,Glass - Seaglass,organic_search,
ddfecaab,CUST-02639,sample_request,2024-09-13,Original Ceramic - Aegean,organic_search,
f8e16cfe,CUST-02639,purchase,2024-09-17,Original Ceramic - Sage,organic_search,1237.84
48c4e312,CUST-02640,site_visit,2024-11-04,,organic_search,
6081ed42,CUST-02640,sample_request,2024-11-11,Original Ceramic - Sage,organic_search,
d3148668,CUST-02640,sample_request,2024-11-27,Thin Brick - Charcoal,organic_search,
00790bf3,CUST-02640,purchase,2024-12-29,Glass - Midnight,organic_search,426.41
46b7ccec,CUST-02641,site_visit,2024-08-16,,email_capture,
535d4312,CUST-02641,visualizer_use,2024-08-20,Glass - Seaglass,email_capture,
2ec62b68,CUST-02641,sample_request,2024-08-27,Natural Press - Fog,email_capture,
da9a5dd6,CUST-02641,purchase,2024-10-05,Thin Brick - Charcoal,email_capture,913.62
7a6e2170,CUST-02642,site_visit,2024-03-08,,trade_show,
4c370b18,CUST-02642,visualizer_use,2024-03-14,Natural Press - Fog,trade_show,
5a55a15e,CUST-02642,sample_request,2024-03-09,Natural Press - Fog,trade_show,
2b01a1d5,CUST-02642,project_upload,2024-04-03,,trade_show,
6dc16736,CUST-02642,purchase,2024-04-09,Thin Brick - Charcoal,trade_show,6127.68
bb374f99,CUST-02643,site_visit,2024-01-01,,architect_referral,
4b9c95b3,CUST-02643,visualizer_use,2024-01-10,Natural Press - Fog,architect_referral,
9de45e16,CUST-02643,sample_request,2024-01-15,Original Ceramic - Sage,architect_referral,
3db8256b,CUST-02643,purchase,2024-01-30,Thin Brick - Terracotta,architect_referral,1608.96
d4d396b5,CUST-02644,site_visit,2025-08-22,,paid_social,
fb11245a,CUST-02644,sample_request,2025-08-26,Glass - Champagne,paid_social,
7def633f,CUST-02644,purchase,2025-09-27,Glass - Midnight,paid_social,568.11
d9359f62,CUST-02645,site_visit,2024-06-22,,architect_referral,
6e2a7cf7,CUST-02645,visualizer_use,2024-06-27,Glass - Champagne,architect_referral,
90dbb7d0,CUST-02645,sample_request,2024-07-04,Thin Brick - Terracotta,architect_referral,
2adc4edd,CUST-02645,purchase,2024-08-27,Original Ceramic - Sage,architect_referral,9098.32
90775911,CUST-02646,site_visit,2025-07-13,,email_capture,
9fb64b86,CUST-02647,site_visit,2025-03-29,,architect_referral,
3cca7d1a,CUST-02647,visualizer_use,2025-04-06,Original Ceramic - Sage,architect_referral,
a5aff8cd,CUST-02647,purchase,2025-05-17,Glass - Midnight,architect_referral,13477.14
b9ddf117,CUST-02648,site_visit,2024-08-12,,trade_show,
0c2cea07,CUST-02648,sample_request,2024-08-20,Thin Brick - Charcoal,trade_show,
e8d2c377,CUST-02648,sample_request,2024-09-18,Original Ceramic - Aegean,trade_show,
e0e9b972,CUST-02648,purchase,2024-09-11,Thin Brick - Charcoal,trade_show,3603.74
01cae7d1,CUST-02648,repeat_purchase,2025-03-30,Natural Press - Sable,trade_show,12515.58
9bf90d94,CUST-02649,site_visit,2024-09-10,,showroom_walkin,
38d25ca1,CUST-02649,sample_request,2024-09-24,Glass - Midnight,showroom_walkin,
5598793a,CUST-02649,sample_request,2024-10-13,Thin Brick - Terracotta,showroom_walkin,
7a9be433,CUST-02649,purchase,2024-10-19,Original Ceramic - Sage,showroom_walkin,851.22
142048d8,CUST-02650,site_visit,2024-07-19,,trade_show,
a6eb1a9f,CUST-02651,site_visit,2024-05-01,,email_capture,
044fda67,CUST-02651,sample_request,2024-05-17,Original Ceramic - Clamshell,email_capture,
146ee52e,CUST-02652,site_visit,2024-05-18,,direct,
e8b8ffce,CUST-02653,site_visit,2025-04-08,,email_capture,
06aae05e,CUST-02653,visualizer_use,2025-04-15,Natural Press - Sable,email_capture,
c1c8bf06,CUST-02654,site_visit,2025-04-20,,paid_social,
670393da,CUST-02654,sample_request,2025-05-04,Natural Press - Fog,paid_social,
9cc7d027,CUST-02654,purchase,2025-06-26,Glass - Midnight,paid_social,747.46
0019860e,CUST-02655,site_visit,2024-06-28,,direct,
5b4a77e5,CUST-02655,sample_request,2024-07-15,Natural Press - Fog,direct,
4b71f370,CUST-02656,site_visit,2024-03-09,,referral,
622c4988,CUST-02657,site_visit,2024-06-09,,architect_referral,
6bf1a629,CUST-02657,sample_request,2024-06-25,Glass - Champagne,architect_referral,
914d4b63,CUST-02658,site_visit,2025-03-03,,architect_referral,
c8b2d7d8,CUST-02658,visualizer_use,2025-03-07,Natural Press - Sable,architect_referral,
ef73b874,CUST-02658,sample_request,2025-03-13,Glass - Midnight,architect_referral,
a109c4f5,CUST-02658,sample_request,2025-04-04,Natural Press - Sable,architect_referral,
2ff38280,CUST-02658,purchase,2025-04-14,Original Ceramic - Sage,architect_referral,1083.19
a448d99f,CUST-02659,site_visit,2024-09-02,,referral,
22246829,CUST-02659,visualizer_use,2024-09-11,Natural Press - Sable,referral,
e421224f,CUST-02659,sample_request,2024-09-05,Thin Brick - Charcoal,referral,
421ddcc5,CUST-02659,purchase,2024-09-29,Thin Brick - Weathered White,referral,415.17
e647ec0b,CUST-02660,site_visit,2025-03-10,,direct,
14fe6c01,CUST-02660,visualizer_use,2025-03-11,Original Ceramic - Aegean,direct,
821ee14b,CUST-02660,sample_request,2025-03-16,Thin Brick - Terracotta,direct,
f5c4d420,CUST-02660,sample_request,2025-03-22,Glass - Midnight,direct,
e93cbc38,CUST-02661,site_visit,2024-06-02,,direct,
084d414e,CUST-02662,site_visit,2025-05-09,,organic_search,
6542409c,CUST-02662,visualizer_use,2025-05-10,Original Ceramic - Clamshell,organic_search,
cd12879e,CUST-02663,site_visit,2024-11-04,,direct,
540727a1,CUST-02663,visualizer_use,2024-11-07,Natural Press - Oatmeal,direct,
4bb96478,CUST-02663,sample_request,2024-11-16,Natural Press - Sable,direct,
dba325d1,CUST-02663,sample_request,2024-11-30,Natural Press - Sable,direct,
c5a58c22,CUST-02663,purchase,2024-12-04,Natural Press - Fog,direct,1659.03
6cf0bf88,CUST-02664,site_visit,2024-01-21,,organic_search,
a1368ec4,CUST-02664,sample_request,2024-02-10,Original Ceramic - Sage,organic_search,
edd35655,CUST-02664,sample_request,2024-03-11,Natural Press - Fog,organic_search,
65a7107c,CUST-02664,purchase,2024-03-05,Glass - Seaglass,organic_search,1166.58
6f489f89,CUST-02665,site_visit,2024-12-25,,organic_search,
48d6d7db,CUST-02665,visualizer_use,2024-12-27,Thin Brick - Weathered White,organic_search,
4405de00,CUST-02665,sample_request,2025-01-05,Thin Brick - Terracotta,organic_search,
4fda7396,CUST-02665,purchase,2025-02-10,Original Ceramic - Aegean,organic_search,520.11
e8d49f92,CUST-02665,repeat_purchase,2025-05-25,Natural Press - Sable,organic_search,858.04
bdf5d80d,CUST-02666,site_visit,2025-04-28,,paid_social,
7b0eb82f,CUST-02666,visualizer_use,2025-04-28,Thin Brick - Weathered White,paid_social,
4c04917b,CUST-02666,sample_request,2025-05-05,Natural Press - Oatmeal,paid_social,
46c779b9,CUST-02667,site_visit,2024-05-17,,email_capture,
bd634d93,CUST-02667,purchase,2024-06-11,Thin Brick - Terracotta,email_capture,1770.05
eccdf33f,CUST-02668,site_visit,2024-06-26,,organic_search,
06f80cf8,CUST-02668,sample_request,2024-07-07,Original Ceramic - Sage,organic_search,
b627e445,CUST-02668,purchase,2024-08-26,Glass - Seaglass,organic_search,1401.42
7a93cec3,CUST-02668,repeat_purchase,2025-02-22,Original Ceramic - Clamshell,organic_search,482.84
cad36f83,CUST-02669,site_visit,2024-08-02,,paid_social,
c28d3782,CUST-02669,sample_request,2024-08-16,Thin Brick - Terracotta,paid_social,
efc50727,CUST-02669,sample_request,2024-09-10,Original Ceramic - Aegean,paid_social,
af452098,CUST-02669,purchase,2024-10-07,Thin Brick - Terracotta,paid_social,1701.38
c4e7d786,CUST-02669,repeat_purchase,2025-03-30,Original Ceramic - Sage,paid_social,1164.67
8f62d502,CUST-02670,site_visit,2025-07-05,,organic_search,
5a11df40,CUST-02670,visualizer_use,2025-07-06,Glass - Seaglass,organic_search,
7f79e51e,CUST-02670,sample_request,2025-07-08,Thin Brick - Weathered White,organic_search,
7efa8e40,CUST-02671,site_visit,2025-03-25,,email_capture,
0fa4e680,CUST-02671,sample_request,2025-04-11,Thin Brick - Terracotta,email_capture,
5f5d235c,CUST-02671,sample_request,2025-04-26,Natural Press - Sable,email_capture,
6bfd608a,CUST-02671,project_upload,2025-05-01,,email_capture,
851cc9c7,CUST-02672,site_visit,2024-10-16,,organic_search,
87d2a586,CUST-02672,sample_request,2024-11-06,Thin Brick - Terracotta,organic_search,
eba70673,CUST-02672,sample_request,2024-11-22,Natural Press - Oatmeal,organic_search,
7e805870,CUST-02672,purchase,2024-11-28,Natural Press - Sable,organic_search,1284.88
ba9772ea,CUST-02673,site_visit,2025-07-17,,organic_search,
29e77799,CUST-02674,site_visit,2025-03-14,,organic_search,
d80e28fb,CUST-02674,sample_request,2025-03-23,Natural Press - Oatmeal,organic_search,
61e2e2b3,CUST-02674,purchase,2025-04-17,Glass - Midnight,organic_search,1167.12
da8f1f9c,CUST-02675,site_visit,2024-08-31,,email_capture,
cc34790e,CUST-02676,site_visit,2025-05-29,,paid_social,
bc92b7c3,CUST-02676,sample_request,2025-06-03,Thin Brick - Charcoal,paid_social,
ef26d6cd,CUST-02676,purchase,2025-06-19,Natural Press - Fog,paid_social,673.74
6e84c2ec,CUST-02676,repeat_purchase,2025-08-30,Glass - Midnight,paid_social,1248.68
9ea16bb1,CUST-02677,site_visit,2025-08-17,,trade_show,
b890da7b,CUST-02677,visualizer_use,2025-08-24,Thin Brick - Weathered White,trade_show,
ee12a3e3,CUST-02677,sample_request,2025-08-30,Original Ceramic - Clamshell,trade_show,
67f5afbc,CUST-02678,site_visit,2024-12-06,,referral,
ff449804,CUST-02678,sample_request,2024-12-11,Original Ceramic - Clamshell,referral,
5bd82488,CUST-02678,purchase,2025-01-28,Natural Press - Oatmeal,referral,444.95
474df3c3,CUST-02679,site_visit,2024-12-01,,paid_social,
157d3ed4,CUST-02679,sample_request,2024-12-19,Original Ceramic - Clamshell,paid_social,
0e40e216,CUST-02680,site_visit,2025-01-27,,trade_show,
acf96fc7,CUST-02680,sample_request,2025-02-14,Original Ceramic - Aegean,trade_show,
9d6f87b4,CUST-02681,site_visit,2024-04-18,,architect_referral,
ecb26816,CUST-02682,site_visit,2025-03-12,,showroom_walkin,
4c159d2c,CUST-02682,visualizer_use,2025-03-21,Thin Brick - Terracotta,showroom_walkin,
1f50826f,CUST-02682,sample_request,2025-03-18,Thin Brick - Charcoal,showroom_walkin,
a0b8684f,CUST-02682,purchase,2025-04-25,Thin Brick - Weathered White,showroom_walkin,514.41
7aa10c02,CUST-02683,site_visit,2024-02-18,,architect_referral,
aaebac6f,CUST-02683,sample_request,2024-03-04,Original Ceramic - Clamshell,architect_referral,
78ab2aa2,CUST-02683,sample_request,2024-03-29,Original Ceramic - Sage,architect_referral,
06e60954,CUST-02683,purchase,2024-04-14,Glass - Champagne,architect_referral,1747.21
db07cf80,CUST-02683,repeat_purchase,2025-02-05,Thin Brick - Charcoal,architect_referral,443.29
8a5cf8dc,CUST-02684,site_visit,2024-02-27,,showroom_walkin,
9dc69117,CUST-02684,visualizer_use,2024-03-06,Glass - Champagne,showroom_walkin,
dd1a34e9,CUST-02684,sample_request,2024-03-04,Thin Brick - Weathered White,showroom_walkin,
f1173603,CUST-02684,sample_request,2024-03-13,Thin Brick - Terracotta,showroom_walkin,
321fc330,CUST-02684,purchase,2024-03-31,Natural Press - Fog,showroom_walkin,1339.98
9c38759b,CUST-02685,site_visit,2024-08-16,,organic_search,
9d94dd2e,CUST-02686,site_visit,2024-04-20,,organic_search,
c9aa7719,CUST-02686,visualizer_use,2024-04-22,Glass - Seaglass,organic_search,
74567981,CUST-02686,sample_request,2024-04-25,Thin Brick - Weathered White,organic_search,
35083b22,CUST-02687,site_visit,2024-12-04,,showroom_walkin,
9e67c749,CUST-02687,visualizer_use,2024-12-13,Glass - Champagne,showroom_walkin,
d8687d43,CUST-02687,purchase,2025-01-21,Natural Press - Sable,showroom_walkin,1657.52
13730e79,CUST-02688,site_visit,2024-10-06,,email_capture,
59f5d5f4,CUST-02688,sample_request,2024-10-25,Glass - Champagne,email_capture,
c4dfddca,CUST-02688,sample_request,2024-11-05,Original Ceramic - Sage,email_capture,
67079a4c,CUST-02688,purchase,2024-12-08,Original Ceramic - Clamshell,email_capture,1743.24
3ad64379,CUST-02689,site_visit,2024-12-21,,organic_search,
df68326e,CUST-02689,sample_request,2024-12-24,Original Ceramic - Aegean,organic_search,
a0f320c5,CUST-02689,purchase,2025-01-24,Original Ceramic - Aegean,organic_search,917.34
9ad90014,CUST-02690,site_visit,2024-08-08,,paid_social,
ad5bd5e8,CUST-02690,visualizer_use,2024-08-11,Original Ceramic - Sage,paid_social,
365fda94,CUST-02690,sample_request,2024-08-22,Thin Brick - Terracotta,paid_social,
bfdaf6c6,CUST-02691,site_visit,2025-02-24,,direct,
0ae14ed3,CUST-02692,site_visit,2024-09-01,,architect_referral,
3f14ced7,CUST-02692,sample_request,2024-09-14,Original Ceramic - Clamshell,architect_referral,
9782d742,CUST-02693,site_visit,2025-03-26,,organic_search,
1bd0291b,CUST-02693,sample_request,2025-04-03,Natural Press - Sable,organic_search,
cb4cc596,CUST-02693,sample_request,2025-04-30,Original Ceramic - Aegean,organic_search,
a8546105,CUST-02693,purchase,2025-05-22,Natural Press - Fog,organic_search,1719.89
df9c9d22,CUST-02694,site_visit,2025-07-12,,direct,
30ee8682,CUST-02694,visualizer_use,2025-07-18,Original Ceramic - Sage,direct,
56173b28,CUST-02694,sample_request,2025-07-26,Thin Brick - Weathered White,direct,
43209cd0,CUST-02695,site_visit,2024-01-22,,direct,
1c8c2296,CUST-02695,visualizer_use,2024-01-27,Original Ceramic - Clamshell,direct,
a2735d0d,CUST-02695,sample_request,2024-01-29,Natural Press - Fog,direct,
e3d7e0a9,CUST-02696,site_visit,2024-02-19,,direct,
5798cae6,CUST-02696,visualizer_use,2024-02-23,Thin Brick - Charcoal,direct,
fbdafd4a,CUST-02696,sample_request,2024-02-20,Natural Press - Oatmeal,direct,
37320f28,CUST-02696,sample_request,2024-03-14,Thin Brick - Weathered White,direct,
02a673dd,CUST-02696,purchase,2024-03-23,Natural Press - Fog,direct,1689.49
aa1b4049,CUST-02697,site_visit,2024-12-01,,referral,
ac082891,CUST-02697,visualizer_use,2024-12-03,Original Ceramic - Clamshell,referral,
d256686d,CUST-02697,sample_request,2024-12-14,Glass - Seaglass,referral,
2226dd65,CUST-02698,site_visit,2025-04-03,,email_capture,
bb5a23a1,CUST-02698,visualizer_use,2025-04-09,Original Ceramic - Sage,email_capture,
5e8a193a,CUST-02698,sample_request,2025-04-14,Natural Press - Sable,email_capture,
139157df,CUST-02699,site_visit,2024-07-26,,paid_social,
25b74456,CUST-02699,visualizer_use,2024-08-01,Glass - Midnight,paid_social,
c2853911,CUST-02699,sample_request,2024-07-27,Glass - Midnight,paid_social,
22e3c8a1,CUST-02700,site_visit,2024-11-27,,paid_social,
3760148b,CUST-02700,visualizer_use,2024-12-07,Original Ceramic - Sage,paid_social,
b5868e0a,CUST-02700,sample_request,2024-12-02,Glass - Champagne,paid_social,
ffe14655,CUST-02700,sample_request,2024-12-16,Thin Brick - Weathered White,paid_social,
c0a20626,CUST-02700,purchase,2024-12-31,Thin Brick - Terracotta,paid_social,610.16
f81e3aef,CUST-02701,site_visit,2025-01-28,,organic_search,
8697cbff,CUST-02701,visualizer_use,2025-02-03,Glass - Champagne,organic_search,
95ccc2f4,CUST-02701,sample_request,2025-02-06,Original Ceramic - Aegean,organic_search,
bda3a1ae,CUST-02701,sample_request,2025-02-13,Thin Brick - Terracotta,organic_search,
0a8bace5,CUST-02702,site_visit,2024-03-30,,direct,
e598bc00,CUST-02703,site_visit,2024-03-20,,direct,
3addad9d,CUST-02703,sample_request,2024-03-31,Glass - Midnight,direct,
03e6b749,CUST-02704,site_visit,2025-05-12,,organic_search,
411c84ff,CUST-02704,purchase,2025-06-16,Natural Press - Fog,organic_search,877.1
bd829f5d,CUST-02705,site_visit,2024-10-26,,organic_search,
1d4b1191,CUST-02705,sample_request,2024-11-01,Thin Brick - Charcoal,organic_search,
85233fa2,CUST-02706,site_visit,2024-06-12,,trade_show,
b1033a53,CUST-02707,site_visit,2025-08-15,,direct,
0fa508d7,CUST-02707,purchase,2025-10-10,Thin Brick - Terracotta,direct,4423.69
e9615944,CUST-02708,site_visit,2024-09-25,,email_capture,
fe2a8929,CUST-02708,visualizer_use,2024-09-30,Glass - Seaglass,email_capture,
31294006,CUST-02709,site_visit,2025-01-01,,direct,
6532ccad,CUST-02709,sample_request,2025-01-19,Original Ceramic - Clamshell,direct,
8a35f51d,CUST-02709,purchase,2025-02-14,Glass - Champagne,direct,775.0
ee001211,CUST-02710,site_visit,2025-03-22,,architect_referral,
8a79ec18,CUST-02710,visualizer_use,2025-03-31,Original Ceramic - Clamshell,architect_referral,
2a192c9a,CUST-02710,sample_request,2025-03-24,Natural Press - Sable,architect_referral,
61c10746,CUST-02710,sample_request,2025-04-18,Natural Press - Sable,architect_referral,
aa0b8910,CUST-02710,purchase,2025-04-15,Natural Press - Sable,architect_referral,762.84
12cf0585,CUST-02711,site_visit,2025-07-11,,direct,
ac7d1189,CUST-02712,site_visit,2024-11-05,,direct,
3cb08e0b,CUST-02713,site_visit,2024-06-30,,showroom_walkin,
1301996a,CUST-02713,visualizer_use,2024-07-06,Thin Brick - Terracotta,showroom_walkin,
1e2f181b,CUST-02713,sample_request,2024-07-02,Natural Press - Oatmeal,showroom_walkin,
0f44d09d,CUST-02713,sample_request,2024-07-24,Original Ceramic - Clamshell,showroom_walkin,
72949c73,CUST-02713,purchase,2024-08-28,Glass - Seaglass,showroom_walkin,794.27
fd431fdc,CUST-02714,site_visit,2024-05-30,,paid_social,
8f536cc9,CUST-02714,sample_request,2024-06-12,Glass - Midnight,paid_social,
e8fedcba,CUST-02714,sample_request,2024-07-06,Thin Brick - Charcoal,paid_social,
ff5c036e,CUST-02714,purchase,2024-06-20,Thin Brick - Weathered White,paid_social,737.68
4b975ceb,CUST-02715,site_visit,2024-08-05,,paid_social,
1de8c11c,CUST-02715,sample_request,2024-08-10,Glass - Champagne,paid_social,
cfd2fdf5,CUST-02715,sample_request,2024-09-07,Natural Press - Oatmeal,paid_social,
e598a835,CUST-02716,site_visit,2024-11-25,,paid_social,
953e91e2,CUST-02716,sample_request,2024-11-29,Glass - Midnight,paid_social,
48eca444,CUST-02717,site_visit,2024-06-14,,referral,
b4756b30,CUST-02717,visualizer_use,2024-06-18,Natural Press - Sable,referral,
4f8cf071,CUST-02717,sample_request,2024-06-21,Natural Press - Fog,referral,
8affe016,CUST-02717,sample_request,2024-07-15,Glass - Midnight,referral,
ea1ab95b,CUST-02717,purchase,2024-08-08,Natural Press - Sable,referral,448.96
1e271a1c,CUST-02717,repeat_purchase,2024-12-12,Natural Press - Sable,referral,717.88
1981eea8,CUST-02718,site_visit,2024-05-23,,showroom_walkin,
0f59b440,CUST-02718,sample_request,2024-05-29,Original Ceramic - Sage,showroom_walkin,
13eb0991,CUST-02719,site_visit,2025-08-02,,organic_search,
a183ddba,CUST-02719,sample_request,2025-08-04,Glass - Midnight,organic_search,
063aea0f,CUST-02719,purchase,2025-10-01,Thin Brick - Charcoal,organic_search,1682.42
eb05485e,CUST-02720,site_visit,2024-01-19,,showroom_walkin,
4b32a0bc,CUST-02720,sample_request,2024-02-09,Glass - Seaglass,showroom_walkin,
5003baef,CUST-02721,site_visit,2024-02-23,,email_capture,
157d0931,CUST-02721,sample_request,2024-03-12,Natural Press - Oatmeal,email_capture,
0dfc57ad,CUST-02722,site_visit,2024-07-06,,paid_social,
d251079d,CUST-02723,site_visit,2024-11-23,,showroom_walkin,
155d8bfb,CUST-02724,site_visit,2025-06-19,,paid_social,
98d80048,CUST-02725,site_visit,2025-06-28,,architect_referral,
fab1f336,CUST-02726,site_visit,2025-06-26,,architect_referral,
837b56a8,CUST-02726,sample_request,2025-07-04,Original Ceramic - Sage,architect_referral,
d70ea968,CUST-02726,purchase,2025-08-20,Natural Press - Sable,architect_referral,6052.42
cd83787c,CUST-02727,site_visit,2024-07-06,,referral,
c252364f,CUST-02727,sample_request,2024-07-20,Glass - Midnight,referral,
2333bda2,CUST-02727,sample_request,2024-08-02,Glass - Champagne,referral,
180157a2,CUST-02727,purchase,2024-08-02,Thin Brick - Weathered White,referral,1713.69
f96e0798,CUST-02727,repeat_purchase,2025-05-14,Glass - Champagne,referral,1371.51
49e099f9,CUST-02728,site_visit,2024-11-11,,referral,
69d6474f,CUST-02729,site_visit,2024-12-23,,direct,
c5d07227,CUST-02729,visualizer_use,2024-12-24,Thin Brick - Charcoal,direct,
4ac65035,CUST-02729,sample_request,2025-01-03,Thin Brick - Weathered White,direct,
90e5b545,CUST-02729,purchase,2025-01-10,Glass - Midnight,direct,831.41
7c7ba60c,CUST-02730,site_visit,2024-11-13,,direct,
84692ac9,CUST-02730,purchase,2024-12-22,Glass - Midnight,direct,822.77
8dcc4da6,CUST-02731,site_visit,2024-09-04,,paid_social,
4a968343,CUST-02732,site_visit,2024-08-30,,paid_social,
cbf16c5b,CUST-02732,sample_request,2024-09-10,Original Ceramic - Clamshell,paid_social,
355e534c,CUST-02732,sample_request,2024-10-01,Glass - Midnight,paid_social,
1935b586,CUST-02732,purchase,2024-10-22,Glass - Seaglass,paid_social,629.51
6dcfdfb1,CUST-02733,site_visit,2024-01-28,,direct,
1113cd58,CUST-02733,visualizer_use,2024-02-01,Thin Brick - Weathered White,direct,
e0fe4e0b,CUST-02733,sample_request,2024-01-30,Natural Press - Sable,direct,
e900e4c5,CUST-02733,purchase,2024-02-11,Natural Press - Sable,direct,1305.73
b34af47f,CUST-02733,repeat_purchase,2024-06-30,Thin Brick - Weathered White,direct,1192.51
3f7bede4,CUST-02734,site_visit,2024-10-07,,direct,
f8902467,CUST-02734,sample_request,2024-10-22,Thin Brick - Terracotta,direct,
0cbe1c54,CUST-02734,project_upload,2024-11-06,,direct,
f344e34c,CUST-02734,purchase,2024-12-14,Thin Brick - Terracotta,direct,6795.22
fceaad45,CUST-02734,repeat_purchase,2025-05-02,Original Ceramic - Aegean,direct,14156.79
afa02499,CUST-02735,site_visit,2024-11-22,,direct,
5a497bcb,CUST-02735,visualizer_use,2024-11-24,Thin Brick - Weathered White,direct,
388a8f01,CUST-02735,sample_request,2024-11-25,Natural Press - Oatmeal,direct,
4a9bf027,CUST-02735,purchase,2024-12-03,Glass - Seaglass,direct,1112.28
d56118f0,CUST-02736,site_visit,2024-02-17,,direct,
3d91f0b9,CUST-02736,purchase,2024-03-03,Natural Press - Sable,direct,15459.57
52691705,CUST-02737,site_visit,2024-10-09,,showroom_walkin,
5fa8a6c8,CUST-02737,sample_request,2024-10-10,Natural Press - Sable,showroom_walkin,
5e99d5e2,CUST-02737,sample_request,2024-10-30,Thin Brick - Charcoal,showroom_walkin,
f4b00c07,CUST-02737,purchase,2024-11-11,Original Ceramic - Aegean,showroom_walkin,1651.53
3f89923c,CUST-02738,site_visit,2025-06-13,,referral,
ce4546de,CUST-02738,visualizer_use,2025-06-23,Glass - Midnight,referral,
89873f99,CUST-02738,sample_request,2025-06-22,Original Ceramic - Clamshell,referral,
6f90fdb0,CUST-02738,project_upload,2025-07-21,,referral,
8cd2872a,CUST-02738,purchase,2025-07-31,Glass - Seaglass,referral,15232.86
c20f9a55,CUST-02739,site_visit,2024-06-27,,architect_referral,
59ac290f,CUST-02740,site_visit,2024-03-24,,referral,
5e2f28c6,CUST-02740,purchase,2024-05-13,Original Ceramic - Clamshell,referral,1737.79
85ac8b28,CUST-02741,site_visit,2025-08-20,,paid_social,
f71d9311,CUST-02741,sample_request,2025-09-09,Natural Press - Oatmeal,paid_social,
c68dfa22,CUST-02742,site_visit,2024-12-31,,showroom_walkin,
1804d935,CUST-02743,site_visit,2024-09-26,,email_capture,
a0533adb,CUST-02743,sample_request,2024-10-11,Natural Press - Sable,email_capture,
0198f467,CUST-02743,purchase,2024-12-07,Natural Press - Sable,email_capture,1769.63
71f43d3c,CUST-02744,site_visit,2024-01-05,,trade_show,
22ec61f9,CUST-02744,sample_request,2024-01-21,Natural Press - Fog,trade_show,
f2eeceff,CUST-02744,project_upload,2024-02-23,,trade_show,
027e64a3,CUST-02744,purchase,2024-02-11,Natural Press - Oatmeal,trade_show,10111.03
40b82b73,CUST-02745,site_visit,2025-08-29,,referral,
d08f64bb,CUST-02745,sample_request,2025-09-01,Thin Brick - Weathered White,referral,
0fe89c8a,CUST-02745,purchase,2025-10-25,Original Ceramic - Aegean,referral,1347.15
ca2c523e,CUST-02746,site_visit,2025-04-10,,showroom_walkin,
3eddb776,CUST-02746,sample_request,2025-04-25,Thin Brick - Terracotta,showroom_walkin,
637f5da7,CUST-02746,sample_request,2025-05-14,Natural Press - Fog,showroom_walkin,
efaf1b81,CUST-02746,purchase,2025-05-23,Glass - Midnight,showroom_walkin,1370.95
f74d1a12,CUST-02747,site_visit,2024-10-31,,paid_social,
c74a82ba,CUST-02747,visualizer_use,2024-11-07,Original Ceramic - Sage,paid_social,
009f49ed,CUST-02747,sample_request,2024-11-08,Thin Brick - Charcoal,paid_social,
a2a625d7,CUST-02748,site_visit,2024-05-18,,trade_show,
93185c57,CUST-02748,visualizer_use,2024-05-22,Original Ceramic - Sage,trade_show,
3a54bb96,CUST-02749,site_visit,2024-07-19,,organic_search,
2cdb54a5,CUST-02749,sample_request,2024-07-22,Natural Press - Oatmeal,organic_search,
75430b1b,CUST-02749,sample_request,2024-08-18,Thin Brick - Weathered White,organic_search,
86052f63,CUST-02749,project_upload,2024-08-23,,organic_search,
3eafe136,CUST-02749,purchase,2024-09-07,Thin Brick - Terracotta,organic_search,22624.13
21e15a87,CUST-02750,site_visit,2025-04-18,,email_capture,
c7431cb7,CUST-02750,sample_request,2025-05-06,Original Ceramic - Clamshell,email_capture,
fb0b07db,CUST-02751,site_visit,2025-03-05,,trade_show,
a8d1993a,CUST-02752,site_visit,2025-08-15,,direct,
cb7219b9,CUST-02752,sample_request,2025-09-03,Glass - Champagne,direct,
d2087a8f,CUST-02752,purchase,2025-09-27,Original Ceramic - Sage,direct,1221.25
bf30c5cd,CUST-02753,site_visit,2024-11-26,,email_capture,
3178a274,CUST-02753,sample_request,2024-11-30,Natural Press - Fog,email_capture,
ac1c9ec0,CUST-02753,sample_request,2024-12-09,Original Ceramic - Clamshell,email_capture,
7af9f87b,CUST-02753,purchase,2025-01-06,Original Ceramic - Clamshell,email_capture,1698.49
818a5ebe,CUST-02754,site_visit,2024-05-30,,architect_referral,
ee7a7a70,CUST-02754,sample_request,2024-06-04,Glass - Seaglass,architect_referral,
fa2bbf66,CUST-02755,site_visit,2024-12-26,,referral,
d502c39a,CUST-02755,sample_request,2024-12-27,Thin Brick - Weathered White,referral,
576e587d,CUST-02755,sample_request,2025-01-21,Glass - Champagne,referral,
edf43061,CUST-02756,site_visit,2025-02-14,,showroom_walkin,
1eb12a86,CUST-02756,visualizer_use,2025-02-14,Natural Press - Fog,showroom_walkin,
384b5697,CUST-02756,sample_request,2025-02-28,Thin Brick - Weathered White,showroom_walkin,
82ff9a62,CUST-02756,purchase,2025-04-26,Original Ceramic - Aegean,showroom_walkin,417.99
ba11995b,CUST-02757,site_visit,2024-06-09,,direct,
30a01d15,CUST-02757,sample_request,2024-06-14,Original Ceramic - Clamshell,direct,
38e8f784,CUST-02757,sample_request,2024-06-25,Natural Press - Oatmeal,direct,
ce779a30,CUST-02757,purchase,2024-06-30,Natural Press - Sable,direct,625.26
17a25601,CUST-02758,site_visit,2024-10-16,,paid_social,
8f6aa4b5,CUST-02758,sample_request,2024-10-30,Thin Brick - Charcoal,paid_social,
f7c103ca,CUST-02758,purchase,2024-11-07,Glass - Seaglass,paid_social,971.25
370eb088,CUST-02759,site_visit,2025-01-19,,organic_search,
3093a94f,CUST-02759,visualizer_use,2025-01-25,Original Ceramic - Sage,organic_search,
8a6dcc7b,CUST-02759,sample_request,2025-01-22,Natural Press - Fog,organic_search,
5def98a5,CUST-02760,site_visit,2024-01-30,,trade_show,
a01fbf13,CUST-02760,visualizer_use,2024-02-07,Original Ceramic - Sage,trade_show,
e484fba1,CUST-02760,sample_request,2024-02-07,Original Ceramic - Sage,trade_show,
775581b7,CUST-02761,site_visit,2025-06-03,,paid_social,
027b714b,CUST-02761,sample_request,2025-06-03,Thin Brick - Terracotta,paid_social,
5e1e333a,CUST-02762,site_visit,2025-07-07,,email_capture,
bfd2b3c0,CUST-02763,site_visit,2024-07-30,,trade_show,
3443fba0,CUST-02764,site_visit,2025-07-01,,paid_social,
086f306b,CUST-02764,sample_request,2025-07-20,Original Ceramic - Sage,paid_social,
615cf4c9,CUST-02764,sample_request,2025-07-29,Original Ceramic - Aegean,paid_social,
d0969ab5,CUST-02764,purchase,2025-08-13,Thin Brick - Terracotta,paid_social,1788.65
a59b4840,CUST-02765,site_visit,2025-07-06,,email_capture,
e1adafcf,CUST-02765,visualizer_use,2025-07-10,Original Ceramic - Aegean,email_capture,
11db1376,CUST-02765,purchase,2025-09-04,Original Ceramic - Clamshell,email_capture,1046.52
5bc899dc,CUST-02766,site_visit,2024-12-13,,direct,
c905b2d7,CUST-02766,visualizer_use,2024-12-22,Natural Press - Oatmeal,direct,
712fb442,CUST-02767,site_visit,2024-10-02,,referral,
71d6c385,CUST-02768,site_visit,2025-03-26,,trade_show,
2c2bf486,CUST-02768,sample_request,2025-03-28,Glass - Seaglass,trade_show,
12fb9dea,CUST-02769,site_visit,2024-02-09,,direct,
f29f316b,CUST-02769,visualizer_use,2024-02-15,Natural Press - Sable,direct,
5cab888b,CUST-02769,sample_request,2024-02-13,Glass - Seaglass,direct,
ae95e732,CUST-02769,purchase,2024-02-21,Original Ceramic - Clamshell,direct,1350.36
ec0d0099,CUST-02770,site_visit,2025-06-19,,direct,
c238d143,CUST-02770,sample_request,2025-06-29,Thin Brick - Terracotta,direct,
2b4b85c8,CUST-02770,sample_request,2025-07-22,Natural Press - Oatmeal,direct,
1a4f8e7f,CUST-02771,site_visit,2024-11-03,,showroom_walkin,
7dc52cf7,CUST-02771,sample_request,2024-11-11,Glass - Seaglass,showroom_walkin,
a5aa4b3a,CUST-02772,site_visit,2024-07-15,,paid_social,
51d4ef2e,CUST-02772,visualizer_use,2024-07-25,Natural Press - Sable,paid_social,
ecec012b,CUST-02772,sample_request,2024-07-19,Thin Brick - Charcoal,paid_social,
c4e9be9f,CUST-02773,site_visit,2025-05-13,,referral,
3c3421bf,CUST-02774,site_visit,2025-03-12,,architect_referral,
c941aae8,CUST-02775,site_visit,2024-07-17,,architect_referral,
fbaefee1,CUST-02775,visualizer_use,2024-07-24,Natural Press - Sable,architect_referral,
29fc6fa6,CUST-02775,sample_request,2024-07-28,Glass - Midnight,architect_referral,
5fff1ff5,CUST-02776,site_visit,2025-01-17,,paid_social,
50ed9da7,CUST-02776,sample_request,2025-01-19,Original Ceramic - Sage,paid_social,
9114bfdf,CUST-02776,sample_request,2025-02-08,Glass - Midnight,paid_social,
9bd3af2e,CUST-02776,purchase,2025-01-31,Natural Press - Fog,paid_social,1702.55
15d18ce1,CUST-02776,repeat_purchase,2025-07-12,Thin Brick - Weathered White,paid_social,1454.07
dc36b93d,CUST-02777,site_visit,2025-01-11,,organic_search,
5767d37e,CUST-02777,visualizer_use,2025-01-17,Natural Press - Oatmeal,organic_search,
e9bba36d,CUST-02777,sample_request,2025-01-18,Thin Brick - Terracotta,organic_search,
d81c4217,CUST-02777,purchase,2025-02-19,Glass - Seaglass,organic_search,1765.63
3f9e88ac,CUST-02778,site_visit,2024-08-18,,referral,
d7c52378,CUST-02778,sample_request,2024-09-05,Thin Brick - Charcoal,referral,
65d90238,CUST-02778,purchase,2024-09-12,Glass - Seaglass,referral,1717.15
3d1af08d,CUST-02779,site_visit,2024-02-05,,architect_referral,
04da68c4,CUST-02779,sample_request,2024-02-07,Glass - Midnight,architect_referral,
9c4d88c6,CUST-02780,site_visit,2024-05-27,,trade_show,
fb4b6989,CUST-02781,site_visit,2025-08-10,,paid_social,
733c3d37,CUST-02781,purchase,2025-09-23,Glass - Seaglass,paid_social,13243.13
e1ff840c,CUST-02782,site_visit,2024-02-19,,organic_search,
efb51a8f,CUST-02782,sample_request,2024-02-19,Glass - Champagne,organic_search,
6b81ed39,CUST-02782,purchase,2024-03-04,Natural Press - Fog,organic_search,1082.32
6067a912,CUST-02783,site_visit,2024-08-19,,paid_social,
55883b2f,CUST-02783,visualizer_use,2024-08-19,Thin Brick - Charcoal,paid_social,
039ef641,CUST-02783,sample_request,2024-08-25,Original Ceramic - Sage,paid_social,
a25e6c8d,CUST-02784,site_visit,2024-07-13,,direct,
e39acdfb,CUST-02784,visualizer_use,2024-07-21,Glass - Seaglass,direct,
86830aae,CUST-02784,sample_request,2024-07-26,Glass - Champagne,direct,
70bd05f8,CUST-02785,site_visit,2024-01-18,,showroom_walkin,
3f3467fb,CUST-02785,visualizer_use,2024-01-28,Thin Brick - Weathered White,showroom_walkin,
16ec6876,CUST-02785,sample_request,2024-01-24,Original Ceramic - Clamshell,showroom_walkin,
d8c49564,CUST-02785,purchase,2024-01-31,Thin Brick - Weathered White,showroom_walkin,517.58
23d2c1a5,CUST-02786,site_visit,2025-08-24,,trade_show,
eef47b2d,CUST-02786,sample_request,2025-09-10,Thin Brick - Charcoal,trade_show,
67443fd4,CUST-02786,sample_request,2025-10-08,Thin Brick - Charcoal,trade_show,
d8439ad1,CUST-02786,project_upload,2025-10-17,,trade_show,
14e964dc,CUST-02787,site_visit,2024-10-20,,organic_search,
14e878af,CUST-02787,sample_request,2024-10-29,Original Ceramic - Clamshell,organic_search,
b0ad847f,CUST-02788,site_visit,2024-11-25,,trade_show,
0bddf98d,CUST-02788,sample_request,2024-12-14,Thin Brick - Terracotta,trade_show,
f2679aff,CUST-02789,site_visit,2024-09-14,,architect_referral,
6ddcc235,CUST-02790,site_visit,2024-12-07,,showroom_walkin,
cd756e03,CUST-02790,sample_request,2024-12-23,Natural Press - Oatmeal,showroom_walkin,
c4d59c6b,CUST-02790,sample_request,2025-01-01,Glass - Midnight,showroom_walkin,
dd5559d6,CUST-02791,site_visit,2024-11-10,,paid_social,
d82dac8d,CUST-02791,visualizer_use,2024-11-12,Natural Press - Fog,paid_social,
384c6df2,CUST-02791,sample_request,2024-11-24,Natural Press - Oatmeal,paid_social,
b06a2453,CUST-02791,sample_request,2024-12-22,Thin Brick - Charcoal,paid_social,
34f799ce,CUST-02792,site_visit,2025-02-24,,direct,
65b935f5,CUST-02793,site_visit,2024-03-28,,direct,
84090c1d,CUST-02793,purchase,2024-04-05,Natural Press - Sable,direct,786.75
7c70797a,CUST-02794,site_visit,2024-09-04,,referral,
7b56f616,CUST-02795,site_visit,2025-06-23,,organic_search,
835ffa9d,CUST-02795,visualizer_use,2025-06-30,Glass - Midnight,organic_search,
6d0cb576,CUST-02795,sample_request,2025-06-29,Glass - Midnight,organic_search,
c967e789,CUST-02796,site_visit,2024-03-29,,paid_social,
14587d67,CUST-02796,sample_request,2024-04-02,Original Ceramic - Clamshell,paid_social,
1e40b75e,CUST-02796,purchase,2024-05-01,Glass - Champagne,paid_social,644.57
ee761094,CUST-02797,site_visit,2024-01-23,,organic_search,
29875df1,CUST-02797,visualizer_use,2024-01-27,Original Ceramic - Aegean,organic_search,
f3754f32,CUST-02797,sample_request,2024-01-27,Glass - Champagne,organic_search,
38280cec,CUST-02797,sample_request,2024-02-25,Natural Press - Oatmeal,organic_search,
427c8814,CUST-02798,site_visit,2024-07-23,,showroom_walkin,
faf8fa85,CUST-02799,site_visit,2024-05-26,,trade_show,
810a6e57,CUST-02800,site_visit,2025-07-21,,showroom_walkin,
0444f598,CUST-02801,site_visit,2024-11-15,,direct,
26e5f147,CUST-02801,sample_request,2024-11-27,Original Ceramic - Sage,direct,
adc5a4f4,CUST-02802,site_visit,2025-07-29,,showroom_walkin,
b12d534a,CUST-02802,visualizer_use,2025-08-06,Glass - Champagne,showroom_walkin,
d443f04a,CUST-02802,sample_request,2025-07-31,Glass - Midnight,showroom_walkin,
3409c07a,CUST-02803,site_visit,2024-07-09,,organic_search,
2a1b5c09,CUST-02803,sample_request,2024-07-10,Glass - Seaglass,organic_search,
988ab60c,CUST-02804,site_visit,2024-09-29,,organic_search,
b78f59de,CUST-02804,visualizer_use,2024-09-30,Thin Brick - Weathered White,organic_search,
6e026006,CUST-02804,sample_request,2024-10-04,Thin Brick - Terracotta,organic_search,
8cb42d57,CUST-02804,sample_request,2024-10-13,Thin Brick - Charcoal,organic_search,
a8049e24,CUST-02804,purchase,2024-11-11,Original Ceramic - Aegean,organic_search,1388.78
1a2b68cb,CUST-02805,site_visit,2024-02-06,,organic_search,
82773f09,CUST-02805,visualizer_use,2024-02-12,Thin Brick - Terracotta,organic_search,
a224a1d9,CUST-02805,sample_request,2024-02-19,Natural Press - Oatmeal,organic_search,
9d863658,CUST-02806,site_visit,2024-08-02,,email_capture,
0fcfcab6,CUST-02806,sample_request,2024-08-04,Thin Brick - Weathered White,email_capture,
07a464cf,CUST-02806,purchase,2024-09-23,Natural Press - Sable,email_capture,847.25
aebdd347,CUST-02807,site_visit,2025-03-29,,organic_search,
8002e13e,CUST-02807,visualizer_use,2025-04-03,Thin Brick - Charcoal,organic_search,
c75bc848,CUST-02807,purchase,2025-04-26,Original Ceramic - Aegean,organic_search,789.62
afdb40c1,CUST-02808,site_visit,2025-01-28,,referral,
e893dcb8,CUST-02808,visualizer_use,2025-02-01,Natural Press - Fog,referral,
1b0b618f,CUST-02809,site_visit,2024-05-16,,paid_social,
a2bd60e7,CUST-02810,site_visit,2024-06-30,,paid_social,
69b78fa1,CUST-02810,visualizer_use,2024-07-08,Original Ceramic - Aegean,paid_social,
d17462ee,CUST-02810,sample_request,2024-07-07,Glass - Midnight,paid_social,
c2fafb4d,CUST-02811,site_visit,2024-05-05,,direct,
7051e6f3,CUST-02811,sample_request,2024-05-22,Natural Press - Oatmeal,direct,
f577d865,CUST-02811,sample_request,2024-06-02,Thin Brick - Terracotta,direct,
7203c75a,CUST-02811,purchase,2024-05-30,Glass - Champagne,direct,1356.05
3876aa72,CUST-02812,site_visit,2024-08-22,,referral,
6cb648c7,CUST-02813,site_visit,2024-07-17,,showroom_walkin,
89541475,CUST-02813,visualizer_use,2024-07-19,Original Ceramic - Clamshell,showroom_walkin,
043e0753,CUST-02813,sample_request,2024-07-25,Natural Press - Sable,showroom_walkin,
9a469c4e,CUST-02813,sample_request,2024-08-06,Glass - Champagne,showroom_walkin,
4937dd24,CUST-02813,purchase,2024-08-08,Glass - Midnight,showroom_walkin,707.62
6fa0b7e4,CUST-02814,site_visit,2024-05-23,,architect_referral,
3fc954cc,CUST-02814,visualizer_use,2024-05-23,Original Ceramic - Aegean,architect_referral,
43925c5a,CUST-02814,sample_request,2024-05-24,Thin Brick - Charcoal,architect_referral,
9222acd9,CUST-02814,sample_request,2024-05-30,Natural Press - Oatmeal,architect_referral,
39ef32e3,CUST-02814,purchase,2024-07-22,Thin Brick - Charcoal,architect_referral,1162.99
01f8a622,CUST-02815,site_visit,2024-02-25,,organic_search,
8b3db7c1,CUST-02815,sample_request,2024-03-04,Thin Brick - Charcoal,organic_search,
c1086179,CUST-02815,purchase,2024-04-19,Thin Brick - Weathered White,organic_search,1688.38
b5ae4937,CUST-02816,site_visit,2024-08-13,,organic_search,
963e341a,CUST-02816,sample_request,2024-08-23,Thin Brick - Weathered White,organic_search,
9efb4be3,CUST-02816,project_upload,2024-09-22,,organic_search,
6ee098b9,CUST-02816,purchase,2024-09-25,Natural Press - Oatmeal,organic_search,11721.29
c4ff4c15,CUST-02817,site_visit,2025-04-20,,organic_search,
c1105033,CUST-02817,visualizer_use,2025-04-30,Thin Brick - Charcoal,organic_search,
983d921f,CUST-02817,sample_request,2025-04-21,Glass - Seaglass,organic_search,
f22fbd2f,CUST-02817,purchase,2025-05-09,Glass - Seaglass,organic_search,1699.52
8055e7ca,CUST-02818,site_visit,2024-12-22,,direct,
85b951d8,CUST-02818,sample_request,2024-12-31,Thin Brick - Charcoal,direct,
e66a19e0,CUST-02818,purchase,2025-02-10,Thin Brick - Terracotta,direct,614.94
3642185d,CUST-02819,site_visit,2025-08-04,,organic_search,
e2ee1add,CUST-02819,sample_request,2025-08-22,Glass - Champagne,organic_search,
149234a0,CUST-02819,purchase,2025-09-17,Thin Brick - Weathered White,organic_search,934.65
137e8c3c,CUST-02820,site_visit,2024-10-20,,organic_search,
bf10267e,CUST-02820,sample_request,2024-10-27,Original Ceramic - Sage,organic_search,
795aa02e,CUST-02821,site_visit,2025-03-23,,trade_show,
9f5fa994,CUST-02821,visualizer_use,2025-04-01,Natural Press - Sable,trade_show,
f46458bb,CUST-02821,sample_request,2025-03-25,Thin Brick - Charcoal,trade_show,
4d93ce00,CUST-02822,site_visit,2024-12-17,,architect_referral,
55626975,CUST-02822,visualizer_use,2024-12-21,Original Ceramic - Sage,architect_referral,
8d1e9470,CUST-02822,sample_request,2024-12-27,Thin Brick - Weathered White,architect_referral,
c57afec9,CUST-02822,purchase,2025-01-23,Original Ceramic - Sage,architect_referral,1319.29
78e1c644,CUST-02822,repeat_purchase,2025-07-01,Original Ceramic - Clamshell,architect_referral,403.87
bbeab721,CUST-02823,site_visit,2024-03-24,,organic_search,
4a9f3fc1,CUST-02823,sample_request,2024-03-30,Thin Brick - Charcoal,organic_search,
672d77b8,CUST-02823,sample_request,2024-04-11,Natural Press - Fog,organic_search,
fdfaf8f6,CUST-02823,purchase,2024-04-23,Original Ceramic - Sage,organic_search,713.29
2fd4a709,CUST-02823,repeat_purchase,2024-09-09,Thin Brick - Weathered White,organic_search,1139.78
a4b1d5b3,CUST-02824,site_visit,2024-05-03,,organic_search,
53266428,CUST-02825,site_visit,2024-08-21,,architect_referral,
ecd0431e,CUST-02826,site_visit,2025-08-15,,organic_search,
8335ee86,CUST-02826,visualizer_use,2025-08-15,Glass - Seaglass,organic_search,
3aac35ff,CUST-02826,sample_request,2025-08-27,Thin Brick - Charcoal,organic_search,
46d0ea0b,CUST-02826,sample_request,2025-09-17,Natural Press - Sable,organic_search,
a4cfc4af,CUST-02827,site_visit,2024-03-21,,trade_show,
ddcdc03d,CUST-02827,purchase,2024-04-12,Glass - Seaglass,trade_show,8904.86
523aa734,CUST-02828,site_visit,2025-04-19,,paid_social,
a4de2a7a,CUST-02828,visualizer_use,2025-04-20,Original Ceramic - Sage,paid_social,
e7211978,CUST-02828,sample_request,2025-04-28,Glass - Champagne,paid_social,
11341862,CUST-02829,site_visit,2024-11-05,,showroom_walkin,
06efd548,CUST-02829,visualizer_use,2024-11-06,Natural Press - Sable,showroom_walkin,
938628e2,CUST-02829,sample_request,2024-11-15,Natural Press - Sable,showroom_walkin,
5c110b80,CUST-02830,site_visit,2025-05-30,,direct,
3c9fb571,CUST-02830,sample_request,2025-06-03,Natural Press - Sable,direct,
876dd623,CUST-02831,site_visit,2025-07-30,,referral,
2115b445,CUST-02832,site_visit,2024-10-19,,architect_referral,
587630aa,CUST-02832,sample_request,2024-11-04,Original Ceramic - Aegean,architect_referral,
899bcd40,CUST-02832,purchase,2024-12-01,Glass - Champagne,architect_referral,1153.41
bcb6effb,CUST-02833,site_visit,2024-11-21,,paid_social,
d3bef0b9,CUST-02833,visualizer_use,2024-11-29,Thin Brick - Charcoal,paid_social,
8939f7c8,CUST-02833,sample_request,2024-11-25,Thin Brick - Weathered White,paid_social,
3f42555c,CUST-02833,sample_request,2024-12-05,Natural Press - Oatmeal,paid_social,
96d9ef3f,CUST-02834,site_visit,2025-08-31,,organic_search,
2f6cda12,CUST-02835,site_visit,2024-04-04,,organic_search,
ae9d0fb4,CUST-02836,site_visit,2024-12-21,,architect_referral,
adb960cc,CUST-02836,sample_request,2024-12-21,Original Ceramic - Sage,architect_referral,
724701e6,CUST-02836,purchase,2025-01-27,Thin Brick - Terracotta,architect_referral,1635.27
b2fe0527,CUST-02837,site_visit,2024-03-21,,architect_referral,
8eb2b8bd,CUST-02838,site_visit,2024-08-17,,paid_social,
2ca84538,CUST-02838,sample_request,2024-08-24,Glass - Seaglass,paid_social,
9bc758e7,CUST-02838,purchase,2024-10-14,Natural Press - Sable,paid_social,966.42
93d101af,CUST-02839,site_visit,2025-03-06,,direct,
0dd2573f,CUST-02839,sample_request,2025-03-25,Thin Brick - Weathered White,direct,
5ea378ac,CUST-02840,site_visit,2025-05-31,,referral,
be20611d,CUST-02840,purchase,2025-06-11,Original Ceramic - Aegean,referral,1669.35
de3824a8,CUST-02841,site_visit,2024-08-23,,trade_show,
e38febe0,CUST-02841,sample_request,2024-09-01,Natural Press - Sable,trade_show,
2894593a,CUST-02842,site_visit,2024-11-03,,organic_search,
f84edc63,CUST-02842,sample_request,2024-11-21,Original Ceramic - Clamshell,organic_search,
7f0940e8,CUST-02842,sample_request,2024-12-15,Original Ceramic - Sage,organic_search,
f7cb4f05,CUST-02842,purchase,2024-12-02,Original Ceramic - Sage,organic_search,1236.04
d245db03,CUST-02843,site_visit,2024-09-02,,architect_referral,
a1780e8b,CUST-02843,sample_request,2024-09-03,Natural Press - Fog,architect_referral,
2575bf32,CUST-02843,sample_request,2024-09-20,Original Ceramic - Clamshell,architect_referral,
730827be,CUST-02843,purchase,2024-10-15,Original Ceramic - Sage,architect_referral,810.8
0d963cf7,CUST-02844,site_visit,2025-02-28,,direct,
18e3b310,CUST-02844,sample_request,2025-03-05,Thin Brick - Weathered White,direct,
966adc16,CUST-02844,project_upload,2025-04-14,,direct,
88f35dc7,CUST-02844,purchase,2025-04-27,Thin Brick - Terracotta,direct,2891.61
aeb56655,CUST-02845,site_visit,2025-05-05,,organic_search,
909b1b3b,CUST-02846,site_visit,2024-11-13,,email_capture,
782a151c,CUST-02846,sample_request,2024-11-14,Glass - Champagne,email_capture,
55c903a4,CUST-02847,site_visit,2024-02-20,,paid_social,
aa3e3d42,CUST-02847,visualizer_use,2024-02-23,Original Ceramic - Clamshell,paid_social,
dcf04f2c,CUST-02847,sample_request,2024-03-03,Glass - Champagne,paid_social,
e407799f,CUST-02848,site_visit,2025-05-06,,organic_search,
4b13bc66,CUST-02848,purchase,2025-05-24,Thin Brick - Charcoal,organic_search,13349.04
98221db6,CUST-02849,site_visit,2025-06-27,,paid_social,
5ef3b308,CUST-02849,sample_request,2025-07-07,Natural Press - Sable,paid_social,
9ca1966e,CUST-02849,purchase,2025-08-31,Glass - Champagne,paid_social,1306.99
d103e3fc,CUST-02850,site_visit,2025-03-06,,organic_search,
0eb3c64d,CUST-02850,visualizer_use,2025-03-06,Thin Brick - Charcoal,organic_search,
9f9cdcff,CUST-02850,sample_request,2025-03-18,Natural Press - Fog,organic_search,
ec0a5829,CUST-02850,sample_request,2025-04-13,Glass - Champagne,organic_search,
a354f5a4,CUST-02851,site_visit,2025-01-04,,referral,
f461872d,CUST-02852,site_visit,2025-03-29,,architect_referral,
adc427d1,CUST-02852,sample_request,2025-04-09,Natural Press - Fog,architect_referral,
4a4f835a,CUST-02852,project_upload,2025-04-24,,architect_referral,
437f0652,CUST-02852,purchase,2025-04-28,Natural Press - Sable,architect_referral,15146.83
f30d640b,CUST-02853,site_visit,2025-01-13,,referral,
c009a7b7,CUST-02853,visualizer_use,2025-01-21,Natural Press - Oatmeal,referral,
3b5ce92b,CUST-02853,sample_request,2025-01-23,Original Ceramic - Sage,referral,
f62d2942,CUST-02853,sample_request,2025-01-31,Thin Brick - Terracotta,referral,
e23a0f68,CUST-02853,purchase,2025-03-17,Glass - Champagne,referral,1034.8
37e9d2a0,CUST-02854,site_visit,2025-03-07,,showroom_walkin,
f5ce4f55,CUST-02855,site_visit,2025-08-01,,direct,
078ccdb1,CUST-02855,visualizer_use,2025-08-10,Glass - Midnight,direct,
1be3361d,CUST-02856,site_visit,2025-07-13,,paid_social,
cefbc15b,CUST-02856,visualizer_use,2025-07-23,Thin Brick - Charcoal,paid_social,
26bfb170,CUST-02856,sample_request,2025-07-16,Natural Press - Fog,paid_social,
cb0078e5,CUST-02857,site_visit,2025-07-28,,organic_search,
da1b2078,CUST-02858,site_visit,2024-05-19,,architect_referral,
255138ab,CUST-02859,site_visit,2024-05-22,,paid_social,
672d9ef7,CUST-02859,sample_request,2024-05-31,Glass - Midnight,paid_social,
62c35f94,CUST-02859,sample_request,2024-06-25,Thin Brick - Weathered White,paid_social,
15a2441b,CUST-02859,purchase,2024-07-27,Thin Brick - Terracotta,paid_social,1575.11
003ae442,CUST-02860,site_visit,2024-09-14,,referral,
633abe94,CUST-02860,visualizer_use,2024-09-23,Natural Press - Sable,referral,
7baa805b,CUST-02860,sample_request,2024-09-20,Thin Brick - Weathered White,referral,
d9b8c260,CUST-02860,sample_request,2024-10-07,Glass - Champagne,referral,
30c82947,CUST-02860,purchase,2024-10-15,Thin Brick - Charcoal,referral,708.69
464eb4b2,CUST-02860,repeat_purchase,2025-02-19,Original Ceramic - Aegean,referral,1119.87
1dde0a05,CUST-02861,site_visit,2025-07-12,,organic_search,
c3fdb004,CUST-02861,visualizer_use,2025-07-16,Original Ceramic - Aegean,organic_search,
ade7e5d6,CUST-02861,sample_request,2025-07-18,Thin Brick - Weathered White,organic_search,
cb4ccbaa,CUST-02861,sample_request,2025-08-05,Natural Press - Oatmeal,organic_search,
179fccff,CUST-02861,purchase,2025-08-13,Natural Press - Sable,organic_search,1435.28
3c0e4187,CUST-02862,site_visit,2025-05-05,,architect_referral,
13db5c37,CUST-02862,sample_request,2025-05-17,Original Ceramic - Sage,architect_referral,
4cf5c313,CUST-02862,sample_request,2025-06-01,Thin Brick - Charcoal,architect_referral,
5f6e94fc,CUST-02862,project_upload,2025-06-23,,architect_referral,
2312bec8,CUST-02862,purchase,2025-06-02,Original Ceramic - Sage,architect_referral,23846.42
de678e26,CUST-02863,site_visit,2025-07-10,,email_capture,
8526c713,CUST-02863,visualizer_use,2025-07-12,Original Ceramic - Clamshell,email_capture,
8a909e32,CUST-02863,sample_request,2025-07-15,Thin Brick - Weathered White,email_capture,
17c12bf5,CUST-02863,sample_request,2025-08-11,Natural Press - Sable,email_capture,
ac523c85,CUST-02863,purchase,2025-08-15,Glass - Champagne,email_capture,893.6
4fc3e71d,CUST-02864,site_visit,2024-09-10,,showroom_walkin,
bbf87d2d,CUST-02864,sample_request,2024-09-20,Thin Brick - Terracotta,showroom_walkin,
fb22c394,CUST-02864,sample_request,2024-10-11,Glass - Champagne,showroom_walkin,
dcd928b9,CUST-02865,site_visit,2024-02-17,,direct,
6ddce2d0,CUST-02866,site_visit,2024-05-27,,architect_referral,
1c0ed69a,CUST-02866,sample_request,2024-06-02,Natural Press - Fog,architect_referral,
dd782ba7,CUST-02866,purchase,2024-06-19,Natural Press - Fog,architect_referral,1607.42
f90be588,CUST-02867,site_visit,2024-09-28,,referral,
a125d1a3,CUST-02867,visualizer_use,2024-10-06,Original Ceramic - Aegean,referral,
3416884d,CUST-02867,sample_request,2024-10-03,Thin Brick - Weathered White,referral,
ac2380e5,CUST-02868,site_visit,2025-01-09,,referral,
ba5ff102,CUST-02869,site_visit,2025-01-17,,paid_social,
b9a4ae8a,CUST-02869,sample_request,2025-01-30,Natural Press - Oatmeal,paid_social,
b394dcc4,CUST-02869,purchase,2025-02-24,Natural Press - Oatmeal,paid_social,1585.58
135b4c7a,CUST-02870,site_visit,2024-03-02,,organic_search,
e846303a,CUST-02870,visualizer_use,2024-03-10,Glass - Seaglass,organic_search,
cf1ea981,CUST-02870,sample_request,2024-03-06,Original Ceramic - Sage,organic_search,
f46696f6,CUST-02871,site_visit,2025-02-06,,organic_search,
a3589e39,CUST-02871,visualizer_use,2025-02-06,Original Ceramic - Clamshell,organic_search,
38f0a3aa,CUST-02872,site_visit,2025-08-22,,architect_referral,
9e55085d,CUST-02872,visualizer_use,2025-08-31,Natural Press - Oatmeal,architect_referral,
dfd4b9a8,CUST-02872,sample_request,2025-09-01,Thin Brick - Terracotta,architect_referral,
fb548985,CUST-02872,sample_request,2025-10-01,Original Ceramic - Sage,architect_referral,
3064ffdf,CUST-02872,purchase,2025-09-26,Glass - Seaglass,architect_referral,609.38
832a5276,CUST-02873,site_visit,2024-06-10,,direct,
dbc1ee41,CUST-02873,visualizer_use,2024-06-16,Glass - Midnight,direct,
d5d8ca2e,CUST-02873,sample_request,2024-06-23,Original Ceramic - Clamshell,direct,
0d0394d5,CUST-02874,site_visit,2025-05-13,,referral,
fbce62a8,CUST-02875,site_visit,2025-03-21,,architect_referral,
a6da0f31,CUST-02875,sample_request,2025-03-22,Glass - Midnight,architect_referral,
555e06a3,CUST-02875,sample_request,2025-04-18,Natural Press - Oatmeal,architect_referral,
734dfebe,CUST-02876,site_visit,2025-01-08,,trade_show,
529f2c05,CUST-02877,site_visit,2025-08-10,,showroom_walkin,
a6fdb2f0,CUST-02877,visualizer_use,2025-08-20,Thin Brick - Charcoal,showroom_walkin,
319debdd,CUST-02877,sample_request,2025-08-14,Natural Press - Sable,showroom_walkin,
b1afaf3a,CUST-02878,site_visit,2024-09-24,,organic_search,
17d71392,CUST-02878,sample_request,2024-10-14,Original Ceramic - Sage,organic_search,
1a1307d5,CUST-02878,sample_request,2024-11-11,Thin Brick - Terracotta,organic_search,
3ba514c8,CUST-02879,site_visit,2025-02-07,,paid_social,
14c70d92,CUST-02880,site_visit,2025-01-16,,organic_search,
fe3451a6,CUST-02880,sample_request,2025-01-16,Thin Brick - Charcoal,organic_search,
f1146814,CUST-02880,sample_request,2025-02-06,Natural Press - Oatmeal,organic_search,
bc149f5c,CUST-02881,site_visit,2025-07-11,,organic_search,
f8f926a8,CUST-02881,sample_request,2025-07-31,Thin Brick - Weathered White,organic_search,
b42cc267,CUST-02881,purchase,2025-09-09,Glass - Seaglass,organic_search,643.85
083eac8b,CUST-02882,site_visit,2025-07-28,,organic_search,
d79f9a6b,CUST-02882,sample_request,2025-08-10,Natural Press - Fog,organic_search,
09391df7,CUST-02882,sample_request,2025-08-28,Glass - Seaglass,organic_search,
4c39cb04,CUST-02882,purchase,2025-08-28,Natural Press - Fog,organic_search,1589.03
2376a90e,CUST-02883,site_visit,2025-08-07,,organic_search,
9e9ff0a1,CUST-02884,site_visit,2025-04-11,,referral,
f182c57a,CUST-02884,sample_request,2025-04-17,Natural Press - Fog,referral,
d37aba4f,CUST-02885,site_visit,2024-11-03,,direct,
50a1f9e3,CUST-02885,sample_request,2024-11-07,Thin Brick - Weathered White,direct,
e8c642e6,CUST-02885,purchase,2024-12-14,Thin Brick - Weathered White,direct,555.08
a4cf9571,CUST-02886,site_visit,2024-04-27,,direct,
af6f4926,CUST-02886,purchase,2024-05-15,Original Ceramic - Aegean,direct,624.21
030257d0,CUST-02887,site_visit,2024-05-24,,paid_social,
8c96ff85,CUST-02887,sample_request,2024-06-13,Thin Brick - Charcoal,paid_social,
a70344ad,CUST-02887,purchase,2024-07-06,Thin Brick - Charcoal,paid_social,1799.84
4b36c372,CUST-02887,repeat_purchase,2025-04-18,Glass - Seaglass,paid_social,545.95
6d59ad2f,CUST-02888,site_visit,2024-04-09,,showroom_walkin,
7af76c34,CUST-02889,site_visit,2024-06-29,,referral,
81e1a482,CUST-02889,sample_request,2024-07-20,Thin Brick - Terracotta,referral,
78ccc363,CUST-02889,sample_request,2024-07-31,Original Ceramic - Aegean,referral,
d9f228a8,CUST-02889,purchase,2024-08-15,Original Ceramic - Clamshell,referral,730.86
2299b47f,CUST-02890,site_visit,2025-08-19,,organic_search,
e599e7de,CUST-02890,sample_request,2025-09-03,Original Ceramic - Sage,organic_search,
c594793c,CUST-02890,sample_request,2025-09-11,Thin Brick - Charcoal,organic_search,
dda2773d,CUST-02890,purchase,2025-10-22,Glass - Seaglass,organic_search,991.1
92d45569,CUST-02891,site_visit,2025-06-11,,referral,
9d09dd5a,CUST-02892,site_visit,2025-07-08,,showroom_walkin,
7305d930,CUST-02892,sample_request,2025-07-09,Natural Press - Oatmeal,showroom_walkin,
a55e6b3a,CUST-02893,site_visit,2024-09-15,,direct,
f72e734f,CUST-02894,site_visit,2024-11-15,,trade_show,
34d6bd09,CUST-02894,visualizer_use,2024-11-17,Original Ceramic - Aegean,trade_show,
72e853e8,CUST-02894,sample_request,2024-11-27,Thin Brick - Charcoal,trade_show,
4983646f,CUST-02894,purchase,2025-01-17,Natural Press - Oatmeal,trade_show,665.96
0e8351f7,CUST-02894,repeat_purchase,2025-05-15,Original Ceramic - Clamshell,trade_show,687.88
f319f2a3,CUST-02895,site_visit,2024-10-16,,organic_search,
27273d86,CUST-02895,visualizer_use,2024-10-26,Natural Press - Sable,organic_search,
c6ee6f5f,CUST-02895,sample_request,2024-10-23,Original Ceramic - Sage,organic_search,
6c9a105b,CUST-02895,sample_request,2024-11-05,Natural Press - Oatmeal,organic_search,
087bf4f8,CUST-02895,purchase,2024-12-15,Thin Brick - Weathered White,organic_search,1213.67
60ee4a87,CUST-02896,site_visit,2024-10-07,,organic_search,
c75a3671,CUST-02897,site_visit,2024-06-08,,direct,
27218fbc,CUST-02897,sample_request,2024-06-15,Original Ceramic - Clamshell,direct,
aefaf109,CUST-02897,sample_request,2024-07-11,Original Ceramic - Sage,direct,
acc4310c,CUST-02898,site_visit,2025-08-15,,direct,
a25a7dee,CUST-02899,site_visit,2024-08-09,,showroom_walkin,
8d79ccee,CUST-02899,visualizer_use,2024-08-11,Glass - Champagne,showroom_walkin,
b2451a32,CUST-02899,sample_request,2024-08-22,Natural Press - Sable,showroom_walkin,
dc5c5fa1,CUST-02899,purchase,2024-09-26,Original Ceramic - Clamshell,showroom_walkin,1343.52
12dcd719,CUST-02900,site_visit,2024-02-10,,organic_search,
13d41859,CUST-02900,sample_request,2024-02-23,Natural Press - Fog,organic_search,
0c817a3d,CUST-02900,purchase,2024-04-23,Glass - Seaglass,organic_search,477.49
77227205,CUST-02901,site_visit,2024-02-06,,organic_search,
14301602,CUST-02901,sample_request,2024-02-23,Thin Brick - Charcoal,organic_search,
1144c6b0,CUST-02901,sample_request,2024-03-07,Original Ceramic - Sage,organic_search,
64e773f8,CUST-02901,purchase,2024-04-23,Original Ceramic - Clamshell,organic_search,582.59
fe503505,CUST-02902,site_visit,2025-02-13,,paid_social,
82188b9f,CUST-02902,sample_request,2025-03-02,Glass - Champagne,paid_social,
e3d0646a,CUST-02903,site_visit,2024-11-09,,referral,
254c36d8,CUST-02903,sample_request,2024-11-28,Thin Brick - Charcoal,referral,
d77c325f,CUST-02903,purchase,2024-12-05,Original Ceramic - Clamshell,referral,953.85
687a1eb5,CUST-02904,site_visit,2024-12-19,,paid_social,
72f551b4,CUST-02905,site_visit,2025-05-30,,organic_search,
6a919211,CUST-02905,visualizer_use,2025-06-05,Glass - Midnight,organic_search,
1f236931,CUST-02905,sample_request,2025-06-05,Original Ceramic - Clamshell,organic_search,
497a646f,CUST-02906,site_visit,2024-04-16,,trade_show,
cfcef137,CUST-02906,sample_request,2024-05-06,Thin Brick - Terracotta,trade_show,
1bf57e6b,CUST-02907,site_visit,2024-11-29,,direct,
cfb59408,CUST-02907,visualizer_use,2024-12-09,Natural Press - Sable,direct,
6030f799,CUST-02907,sample_request,2024-12-11,Original Ceramic - Sage,direct,
8d0ba262,CUST-02908,site_visit,2025-08-17,,trade_show,
c99d8e4a,CUST-02908,visualizer_use,2025-08-20,Glass - Midnight,trade_show,
5877adbc,CUST-02908,sample_request,2025-08-22,Original Ceramic - Aegean,trade_show,
7d2c94cc,CUST-02909,site_visit,2025-03-31,,organic_search,
1aa81b81,CUST-02910,site_visit,2024-12-11,,organic_search,
65a01991,CUST-02910,visualizer_use,2024-12-13,Glass - Champagne,organic_search,
f329e07d,CUST-02911,site_visit,2025-05-28,,paid_social,
b6cce57a,CUST-02911,visualizer_use,2025-05-29,Glass - Seaglass,paid_social,
7c47be99,CUST-02911,sample_request,2025-06-03,Natural Press - Oatmeal,paid_social,
085311ef,CUST-02912,site_visit,2024-11-07,,organic_search,
38e9a102,CUST-02912,purchase,2025-01-04,Glass - Champagne,organic_search,11480.38
a44f53ea,CUST-02913,site_visit,2024-01-30,,paid_social,
00fdbdbe,CUST-02914,site_visit,2024-11-08,,referral,
95a24bf3,CUST-02914,visualizer_use,2024-11-17,Thin Brick - Terracotta,referral,
e5aae9dd,CUST-02914,sample_request,2024-11-18,Original Ceramic - Clamshell,referral,
a48e5b91,CUST-02914,sample_request,2024-11-23,Glass - Seaglass,referral,
d1044169,CUST-02914,purchase,2024-12-20,Thin Brick - Charcoal,referral,1359.26
b5a8dd26,CUST-02915,site_visit,2025-01-14,,paid_social,
d157cb8a,CUST-02915,sample_request,2025-01-27,Thin Brick - Terracotta,paid_social,
3bb0169f,CUST-02916,site_visit,2024-02-18,,trade_show,
83fc3faa,CUST-02916,visualizer_use,2024-02-22,Original Ceramic - Aegean,trade_show,
62a7e95c,CUST-02916,sample_request,2024-02-23,Original Ceramic - Sage,trade_show,
a4fe6857,CUST-02917,site_visit,2024-01-28,,organic_search,
695c8512,CUST-02918,site_visit,2024-08-11,,organic_search,
ef3144c9,CUST-02918,visualizer_use,2024-08-20,Natural Press - Oatmeal,organic_search,
7f7cc138,CUST-02918,sample_request,2024-08-23,Glass - Midnight,organic_search,
19c897d4,CUST-02918,purchase,2024-09-15,Glass - Champagne,organic_search,636.42
98926979,CUST-02918,repeat_purchase,2025-03-31,Thin Brick - Charcoal,organic_search,1167.24
e4cc722a,CUST-02919,site_visit,2024-05-16,,architect_referral,
b56731a8,CUST-02919,sample_request,2024-06-04,Thin Brick - Weathered White,architect_referral,
24db2843,CUST-02919,purchase,2024-06-30,Original Ceramic - Aegean,architect_referral,18693.99
41ebb23c,CUST-02919,repeat_purchase,2024-12-24,Original Ceramic - Sage,architect_referral,8115.15
6b2ebc6c,CUST-02920,site_visit,2025-03-11,,organic_search,
07d269f2,CUST-02921,site_visit,2024-10-09,,direct,
bb3eef72,CUST-02921,visualizer_use,2024-10-17,Thin Brick - Terracotta,direct,
2d03d3ac,CUST-02921,sample_request,2024-10-15,Original Ceramic - Sage,direct,
9882bf67,CUST-02921,sample_request,2024-10-31,Original Ceramic - Clamshell,direct,
ac72cb28,CUST-02921,purchase,2024-12-07,Glass - Seaglass,direct,1076.9
c3cffaed,CUST-02922,site_visit,2024-05-21,,trade_show,
f6c7e9e0,CUST-02923,site_visit,2025-07-07,,direct,
94a10cba,CUST-02923,visualizer_use,2025-07-10,Natural Press - Fog,direct,
431cc753,CUST-02923,sample_request,2025-07-09,Original Ceramic - Clamshell,direct,
9590ca13,CUST-02924,site_visit,2024-12-28,,showroom_walkin,
3f8e5d60,CUST-02924,sample_request,2025-01-07,Original Ceramic - Sage,showroom_walkin,
b22e2d45,CUST-02925,site_visit,2025-08-05,,referral,
f3a46664,CUST-02925,visualizer_use,2025-08-13,Thin Brick - Charcoal,referral,
a4dff39b,CUST-02925,sample_request,2025-08-08,Original Ceramic - Clamshell,referral,
cd9c33c3,CUST-02925,sample_request,2025-08-16,Original Ceramic - Sage,referral,
f81bfd92,CUST-02925,purchase,2025-10-01,Thin Brick - Charcoal,referral,946.67
c773fbc0,CUST-02926,site_visit,2024-04-05,,showroom_walkin,
b9dff123,CUST-02926,sample_request,2024-04-08,Thin Brick - Terracotta,showroom_walkin,
47c8f4c8,CUST-02927,site_visit,2025-01-28,,organic_search,
37819a2a,CUST-02927,sample_request,2025-02-17,Natural Press - Sable,organic_search,
fe8b3bca,CUST-02927,purchase,2025-02-27,Thin Brick - Charcoal,organic_search,725.89
811ae3cf,CUST-02928,site_visit,2025-02-09,,paid_social,
73f46f96,CUST-02928,sample_request,2025-02-11,Glass - Seaglass,paid_social,
f770d881,CUST-02929,site_visit,2024-03-18,,organic_search,
77bd060b,CUST-02929,visualizer_use,2024-03-22,Thin Brick - Terracotta,organic_search,
43a5f8bb,CUST-02929,sample_request,2024-03-22,Original Ceramic - Aegean,organic_search,
67ccdc5e,CUST-02929,purchase,2024-05-06,Thin Brick - Terracotta,organic_search,1097.23
2dfb6105,CUST-02930,site_visit,2024-11-08,,direct,
be2de5c1,CUST-02930,visualizer_use,2024-11-13,Thin Brick - Charcoal,direct,
53b1f9b4,CUST-02930,sample_request,2024-11-17,Thin Brick - Weathered White,direct,
83f13122,CUST-02930,sample_request,2024-12-17,Glass - Champagne,direct,
6d448183,CUST-02930,purchase,2024-12-12,Natural Press - Oatmeal,direct,1557.54
8006c740,CUST-02931,site_visit,2025-04-22,,paid_social,
6369fbd8,CUST-02931,sample_request,2025-05-09,Original Ceramic - Sage,paid_social,
ffb0185c,CUST-02932,site_visit,2024-07-11,,paid_social,
563b0565,CUST-02933,site_visit,2024-10-17,,trade_show,
8fd1787e,CUST-02933,sample_request,2024-11-01,Original Ceramic - Sage,trade_show,
ef2f09dd,CUST-02934,site_visit,2025-03-27,,architect_referral,
1072cf56,CUST-02934,sample_request,2025-03-28,Original Ceramic - Clamshell,architect_referral,
f9eb5200,CUST-02935,site_visit,2025-04-10,,paid_social,
a4c8b322,CUST-02935,sample_request,2025-04-16,Glass - Midnight,paid_social,
1a3df360,CUST-02935,purchase,2025-05-05,Glass - Champagne,paid_social,988.58
f1ca3ef8,CUST-02936,site_visit,2024-06-10,,trade_show,
4c4787bc,CUST-02937,site_visit,2025-07-10,,organic_search,
178908bc,CUST-02937,purchase,2025-07-19,Thin Brick - Charcoal,organic_search,2227.52
32c515a4,CUST-02938,site_visit,2024-09-23,,organic_search,
5cffb449,CUST-02938,purchase,2024-10-24,Natural Press - Fog,organic_search,24259.05
7e883bf8,CUST-02939,site_visit,2024-05-18,,paid_social,
4cc3a57f,CUST-02939,sample_request,2024-05-30,Thin Brick - Terracotta,paid_social,
3eaa3e52,CUST-02939,purchase,2024-07-07,Thin Brick - Terracotta,paid_social,438.42
528c031f,CUST-02940,site_visit,2025-07-25,,architect_referral,
750b3cd0,CUST-02940,sample_request,2025-08-06,Thin Brick - Terracotta,architect_referral,
0e6b97f9,CUST-02941,site_visit,2024-04-08,,trade_show,
3444a5f2,CUST-02941,visualizer_use,2024-04-14,Thin Brick - Terracotta,trade_show,
9a75f759,CUST-02941,sample_request,2024-04-21,Original Ceramic - Clamshell,trade_show,
5092858c,CUST-02941,sample_request,2024-05-08,Original Ceramic - Sage,trade_show,
e162806a,CUST-02942,site_visit,2025-08-07,,referral,
95de93dc,CUST-02942,sample_request,2025-08-09,Thin Brick - Terracotta,referral,
171554ae,CUST-02943,site_visit,2024-01-16,,paid_social,
e6393d4a,CUST-02943,visualizer_use,2024-01-17,Thin Brick - Charcoal,paid_social,
a4e2117a,CUST-02944,site_visit,2024-07-09,,trade_show,
c2d7009f,CUST-02945,site_visit,2024-05-17,,architect_referral,
4f26ad4a,CUST-02945,sample_request,2024-06-07,Glass - Midnight,architect_referral,
f1eebd48,CUST-02945,purchase,2024-06-21,Glass - Champagne,architect_referral,1267.99
49ef7301,CUST-02945,repeat_purchase,2024-08-24,Thin Brick - Charcoal,architect_referral,651.76
d20ef54c,CUST-02946,site_visit,2024-07-10,,direct,
2543b031,CUST-02946,sample_request,2024-07-27,Natural Press - Fog,direct,
0c843182,CUST-02946,sample_request,2024-08-08,Original Ceramic - Sage,direct,
ddfad079,CUST-02946,purchase,2024-09-07,Glass - Seaglass,direct,1013.92
ad085170,CUST-02947,site_visit,2025-06-12,,architect_referral,
e75a8551,CUST-02948,site_visit,2025-08-22,,organic_search,
8572216d,CUST-02948,sample_request,2025-08-24,Natural Press - Fog,organic_search,
edd9d483,CUST-02948,sample_request,2025-08-30,Thin Brick - Weathered White,organic_search,
cf4c7657,CUST-02948,purchase,2025-09-24,Natural Press - Sable,organic_search,1381.36
9e3fb903,CUST-02949,site_visit,2024-12-11,,referral,
07b0ca20,CUST-02949,sample_request,2024-12-22,Glass - Seaglass,referral,
13d36071,CUST-02949,sample_request,2025-01-01,Original Ceramic - Aegean,referral,
a2b4f012,CUST-02949,purchase,2024-12-31,Original Ceramic - Sage,referral,1173.37
9d571c1c,CUST-02950,site_visit,2024-08-17,,referral,
e8ad8f1a,CUST-02951,site_visit,2025-01-07,,organic_search,
e2b323c1,CUST-02952,site_visit,2024-01-02,,showroom_walkin,
87679ec9,CUST-02952,purchase,2024-03-02,Glass - Midnight,showroom_walkin,497.31
b16bd5d4,CUST-02953,site_visit,2024-03-14,,paid_social,
56d84865,CUST-02953,sample_request,2024-03-23,Original Ceramic - Sage,paid_social,
34c19503,CUST-02953,sample_request,2024-03-28,Glass - Champagne,paid_social,
51655ab0,CUST-02953,purchase,2024-05-04,Original Ceramic - Clamshell,paid_social,689.1
73c34905,CUST-02954,site_visit,2024-08-31,,architect_referral,
3d5e69b4,CUST-02954,sample_request,2024-09-02,Thin Brick - Charcoal,architect_referral,
7ebb9e9b,CUST-02954,purchase,2024-10-09,Original Ceramic - Sage,architect_referral,1550.86
5f990177,CUST-02955,site_visit,2025-04-17,,trade_show,
b4d09c4c,CUST-02956,site_visit,2025-05-10,,trade_show,
eb160015,CUST-02956,sample_request,2025-05-24,Glass - Champagne,trade_show,
bb586381,CUST-02956,sample_request,2025-06-22,Thin Brick - Weathered White,trade_show,
48efc3f7,CUST-02956,purchase,2025-06-04,Glass - Champagne,trade_show,663.52
f3c6eb74,CUST-02957,site_visit,2024-09-13,,showroom_walkin,
39e5d30a,CUST-02957,sample_request,2024-09-18,Thin Brick - Charcoal,showroom_walkin,
5b463a41,CUST-02957,sample_request,2024-10-04,Thin Brick - Terracotta,showroom_walkin,
8807fefa,CUST-02957,purchase,2024-10-27,Natural Press - Fog,showroom_walkin,1735.47
6df78e06,CUST-02958,site_visit,2024-10-07,,trade_show,
989c665d,CUST-02958,sample_request,2024-10-28,Glass - Seaglass,trade_show,
a3ed86b1,CUST-02958,project_upload,2024-12-03,,trade_show,
335ab13a,CUST-02959,site_visit,2025-04-05,,paid_social,
b463e468,CUST-02959,sample_request,2025-04-26,Original Ceramic - Sage,paid_social,
810e72c7,CUST-02960,site_visit,2024-07-25,,architect_referral,
1429bdc0,CUST-02960,sample_request,2024-08-15,Original Ceramic - Sage,architect_referral,
800d37ed,CUST-02960,purchase,2024-08-25,Natural Press - Sable,architect_referral,1285.25
df0e786e,CUST-02961,site_visit,2024-01-26,,referral,
92cc63d4,CUST-02961,sample_request,2024-02-11,Natural Press - Sable,referral,
35a5f3b0,CUST-02962,site_visit,2024-10-30,,email_capture,
a74e97b4,CUST-02962,sample_request,2024-11-19,Thin Brick - Weathered White,email_capture,
481ebb21,CUST-02962,sample_request,2024-11-30,Natural Press - Fog,email_capture,
10af2460,CUST-02962,purchase,2025-01-11,Natural Press - Fog,email_capture,1555.43
3be7392e,CUST-02962,repeat_purchase,2025-04-29,Thin Brick - Terracotta,email_capture,594.36
384a918e,CUST-02963,site_visit,2024-10-01,,referral,
8dcd2e73,CUST-02963,visualizer_use,2024-10-07,Thin Brick - Weathered White,referral,
cba89ff7,CUST-02963,sample_request,2024-10-10,Natural Press - Oatmeal,referral,
ba5e5775,CUST-02963,purchase,2024-10-27,Natural Press - Sable,referral,1464.12
8fcb9544,CUST-02964,site_visit,2025-04-21,,organic_search,
6841168e,CUST-02964,sample_request,2025-04-27,Thin Brick - Weathered White,organic_search,
672da576,CUST-02964,sample_request,2025-05-08,Natural Press - Sable,organic_search,
9cf46128,CUST-02964,purchase,2025-06-11,Thin Brick - Terracotta,organic_search,962.02
d93286a4,CUST-02965,site_visit,2025-06-11,,organic_search,
6b00c04e,CUST-02965,visualizer_use,2025-06-12,Thin Brick - Charcoal,organic_search,
8bd0622a,CUST-02965,sample_request,2025-06-20,Glass - Midnight,organic_search,
13080e4b,CUST-02966,site_visit,2024-01-30,,organic_search,
c6805ba7,CUST-02966,visualizer_use,2024-02-02,Glass - Champagne,organic_search,
bac618d8,CUST-02966,sample_request,2024-02-01,Glass - Seaglass,organic_search,
ef26dd90,CUST-02966,purchase,2024-02-14,Natural Press - Oatmeal,organic_search,1637.96
277acf79,CUST-02967,site_visit,2024-10-04,,trade_show,
cfe5155a,CUST-02967,sample_request,2024-10-13,Thin Brick - Charcoal,trade_show,
234f2174,CUST-02967,purchase,2024-12-09,Thin Brick - Weathered White,trade_show,14788.15
438cba83,CUST-02968,site_visit,2024-08-16,,paid_social,
f0c550b8,CUST-02968,sample_request,2024-08-26,Original Ceramic - Clamshell,paid_social,
7f2342e8,CUST-02968,sample_request,2024-09-20,Thin Brick - Weathered White,paid_social,
6fe2db34,CUST-02968,purchase,2024-09-08,Glass - Champagne,paid_social,564.92
c884859c,CUST-02968,repeat_purchase,2024-11-14,Natural Press - Fog,paid_social,1356.49
85593244,CUST-02969,site_visit,2024-03-30,,showroom_walkin,
89f853ae,CUST-02969,sample_request,2024-04-06,Natural Press - Oatmeal,showroom_walkin,
a839e330,CUST-02970,site_visit,2024-09-24,,organic_search,
70963838,CUST-02970,visualizer_use,2024-09-30,Natural Press - Oatmeal,organic_search,
583478f1,CUST-02971,site_visit,2024-10-05,,showroom_walkin,
4754c6bd,CUST-02971,visualizer_use,2024-10-15,Original Ceramic - Clamshell,showroom_walkin,
2ad80b1e,CUST-02971,sample_request,2024-10-17,Thin Brick - Charcoal,showroom_walkin,
611ab8c8,CUST-02972,site_visit,2024-04-21,,trade_show,
ea820bfe,CUST-02972,sample_request,2024-05-12,Natural Press - Sable,trade_show,
56e4f3c1,CUST-02972,purchase,2024-06-03,Glass - Midnight,trade_show,1030.82
c581dde0,CUST-02973,site_visit,2025-04-11,,architect_referral,
5447932a,CUST-02973,sample_request,2025-04-16,Original Ceramic - Clamshell,architect_referral,
6cf7e682,CUST-02973,purchase,2025-05-18,Original Ceramic - Aegean,architect_referral,941.81
50b334ef,CUST-02974,site_visit,2024-04-03,,email_capture,
0c3aa06d,CUST-02974,visualizer_use,2024-04-04,Glass - Champagne,email_capture,
6256cf46,CUST-02974,sample_request,2024-04-09,Thin Brick - Weathered White,email_capture,
bc7a463a,CUST-02974,sample_request,2024-04-30,Thin Brick - Weathered White,email_capture,
609c5745,CUST-02975,site_visit,2024-10-05,,paid_social,
aa4e43f1,CUST-02976,site_visit,2024-03-09,,direct,
fc4ddf62,CUST-02976,visualizer_use,2024-03-11,Thin Brick - Weathered White,direct,
a4f1c13e,CUST-02976,sample_request,2024-03-14,Original Ceramic - Aegean,direct,
2a823b77,CUST-02976,purchase,2024-05-05,Original Ceramic - Clamshell,direct,1534.49
21bbd65a,CUST-02976,repeat_purchase,2024-08-07,Original Ceramic - Aegean,direct,1310.12
25c9c2ed,CUST-02977,site_visit,2024-01-26,,organic_search,
95f2e386,CUST-02978,site_visit,2024-10-22,,referral,
0cbaaed0,CUST-02978,sample_request,2024-11-01,Glass - Midnight,referral,
236fccb1,CUST-02978,purchase,2024-12-07,Glass - Midnight,referral,755.68
6f332332,CUST-02979,site_visit,2024-06-15,,trade_show,
2594b709,CUST-02979,visualizer_use,2024-06-19,Original Ceramic - Sage,trade_show,
f0a0870d,CUST-02980,site_visit,2024-08-28,,direct,
7593375f,CUST-02980,visualizer_use,2024-09-01,Thin Brick - Charcoal,direct,
0c3cadc8,CUST-02980,sample_request,2024-09-02,Natural Press - Sable,direct,
993426c2,CUST-02981,site_visit,2024-12-05,,direct,
3f977bbf,CUST-02981,visualizer_use,2024-12-13,Original Ceramic - Aegean,direct,
bcb50222,CUST-02982,site_visit,2024-07-04,,referral,
dd2d44bc,CUST-02982,visualizer_use,2024-07-10,Thin Brick - Terracotta,referral,
1627396f,CUST-02982,sample_request,2024-07-05,Thin Brick - Weathered White,referral,
9ef3340d,CUST-02982,purchase,2024-08-01,Original Ceramic - Sage,referral,475.89
cf3b9d9c,CUST-02983,site_visit,2025-05-17,,organic_search,
d2a9d01e,CUST-02983,visualizer_use,2025-05-27,Natural Press - Oatmeal,organic_search,
173b6fb2,CUST-02983,sample_request,2025-05-21,Glass - Seaglass,organic_search,
1c6701b1,CUST-02983,sample_request,2025-05-29,Original Ceramic - Sage,organic_search,
9d79b0b5,CUST-02983,purchase,2025-06-19,Thin Brick - Weathered White,organic_search,817.31
0fc77019,CUST-02984,site_visit,2025-01-03,,organic_search,
d84bd277,CUST-02984,sample_request,2025-01-09,Natural Press - Sable,organic_search,
1e9c958a,CUST-02984,purchase,2025-02-05,Natural Press - Oatmeal,organic_search,1090.17
b2f35816,CUST-02985,site_visit,2024-08-04,,referral,
82cd5144,CUST-02985,visualizer_use,2024-08-12,Glass - Midnight,referral,
f92af111,CUST-02985,sample_request,2024-08-16,Glass - Champagne,referral,
c5b317e9,CUST-02986,site_visit,2025-07-19,,trade_show,
1f2435c7,CUST-02987,site_visit,2025-07-09,,organic_search,
4ef3ef01,CUST-02987,sample_request,2025-07-10,Original Ceramic - Sage,organic_search,
7ab305ce,CUST-02987,purchase,2025-08-24,Glass - Seaglass,organic_search,722.29
b4df3724,CUST-02988,site_visit,2024-09-11,,direct,
f73b1af7,CUST-02988,sample_request,2024-09-21,Natural Press - Oatmeal,direct,
01457614,CUST-02988,sample_request,2024-10-09,Original Ceramic - Clamshell,direct,
2bf75506,CUST-02989,site_visit,2024-05-18,,organic_search,
7467a79b,CUST-02989,visualizer_use,2024-05-21,Glass - Champagne,organic_search,
dca217da,CUST-02989,sample_request,2024-05-30,Natural Press - Fog,organic_search,
c3ddb7f6,CUST-02989,sample_request,2024-06-21,Original Ceramic - Sage,organic_search,
d51b8260,CUST-02990,site_visit,2024-04-03,,direct,
d865c928,CUST-02990,sample_request,2024-04-11,Thin Brick - Charcoal,direct,
6d776f25,CUST-02990,sample_request,2024-04-17,Original Ceramic - Aegean,direct,
c5b48f15,CUST-02990,purchase,2024-05-13,Thin Brick - Weathered White,direct,23466.16
beb0b1ba,CUST-02991,site_visit,2025-08-29,,email_capture,
6aadcd22,CUST-02991,visualizer_use,2025-09-05,Thin Brick - Weathered White,email_capture,
1483891a,CUST-02991,purchase,2025-10-24,Original Ceramic - Clamshell,email_capture,7695.31
dd46a3e4,CUST-02992,site_visit,2024-07-15,,email_capture,
ae22f33c,CUST-02993,site_visit,2024-03-14,,organic_search,
4eb27fde,CUST-02993,sample_request,2024-04-04,Thin Brick - Weathered White,organic_search,
ed0bd704,CUST-02993,purchase,2024-04-18,Thin Brick - Terracotta,organic_search,536.0
5e214012,CUST-02994,site_visit,2025-05-12,,email_capture,
b511d26b,CUST-02994,sample_request,2025-05-21,Glass - Midnight,email_capture,
8db0eb6f,CUST-02994,purchase,2025-06-24,Glass - Seaglass,email_capture,1071.83
522881d5,CUST-02995,site_visit,2025-08-03,,showroom_walkin,
cd50a9a4,CUST-02996,site_visit,2024-12-24,,organic_search,
168e8cae,CUST-02996,sample_request,2025-01-09,Glass - Midnight,organic_search,
05ee3f90,CUST-02997,site_visit,2024-03-01,,organic_search,
e60abd82,CUST-02997,visualizer_use,2024-03-07,Natural Press - Oatmeal,organic_search,
f3425be7,CUST-02997,sample_request,2024-03-06,Glass - Seaglass,organic_search,
4bcd5168,CUST-02997,purchase,2024-03-20,Original Ceramic - Sage,organic_search,749.16
36835d10,CUST-02998,site_visit,2025-06-27,,email_capture,
6d6eb3eb,CUST-02998,visualizer_use,2025-06-30,Glass - Seaglass,email_capture,
2989119f,CUST-02998,sample_request,2025-07-09,Glass - Champagne,email_capture,
2dec0513,CUST-02998,purchase,2025-07-27,Natural Press - Oatmeal,email_capture,725.08
7b818f72,CUST-02999,site_visit,2025-08-12,,showroom_walkin,
c978c5b8,CUST-02999,sample_request,2025-08-14,Thin Brick - Charcoal,showroom_walkin,
f2905855,CUST-03000,site_visit,2024-03-21,,organic_search,
b2d38a5d,CUST-03001,site_visit,2024-05-05,,direct,
333c9b88,CUST-03001,sample_request,2024-05-17,Natural Press - Fog,direct,
7702543e,CUST-03001,purchase,2024-06-18,Natural Press - Fog,direct,24374.3
fe45a079,CUST-03001,repeat_purchase,2024-12-07,Glass - Champagne,direct,4439.89
f5600e6f,CUST-03002,site_visit,2025-03-20,,architect_referral,
0a63b453,CUST-03002,sample_request,2025-03-25,Thin Brick - Charcoal,architect_referral,
1044b6cf,CUST-03003,site_visit,2024-03-24,,direct,
b950828d,CUST-03003,visualizer_use,2024-03-29,Natural Press - Sable,direct,
849c3ae4,CUST-03003,purchase,2024-04-20,Glass - Champagne,direct,1416.88
8dc9800f,CUST-03004,site_visit,2025-04-22,,organic_search,
30293410,CUST-03004,sample_request,2025-05-10,Thin Brick - Terracotta,organic_search,
4ecd74ae,CUST-03005,site_visit,2024-09-24,,referral,
107b99c7,CUST-03005,sample_request,2024-09-25,Thin Brick - Charcoal,referral,
6236f986,CUST-03005,sample_request,2024-10-25,Glass - Champagne,referral,
c85e7984,CUST-03005,purchase,2024-10-09,Glass - Champagne,referral,1424.06
d692044d,CUST-03006,site_visit,2025-01-09,,showroom_walkin,
aaa76e79,CUST-03006,sample_request,2025-01-11,Thin Brick - Charcoal,showroom_walkin,
5105a28e,CUST-03007,site_visit,2025-05-16,,organic_search,
acb99792,CUST-03007,visualizer_use,2025-05-20,Thin Brick - Weathered White,organic_search,
9b3d3fb7,CUST-03007,sample_request,2025-05-30,Glass - Seaglass,organic_search,
cbcff6e1,CUST-03007,sample_request,2025-06-16,Thin Brick - Weathered White,organic_search,
84b9db1b,CUST-03007,purchase,2025-06-07,Original Ceramic - Sage,organic_search,596.83
601257fd,CUST-03008,site_visit,2025-01-26,,architect_referral,
666f8848,CUST-03008,sample_request,2025-02-06,Glass - Midnight,architect_referral,
98b1d2a5,CUST-03008,purchase,2025-02-17,Original Ceramic - Clamshell,architect_referral,1275.9
d0ebd5fc,CUST-03009,site_visit,2025-07-02,,architect_referral,
f83c8232,CUST-03009,purchase,2025-07-09,Thin Brick - Terracotta,architect_referral,15856.31
31d96b01,CUST-03010,site_visit,2025-08-04,,referral,
fe7a0c39,CUST-03010,sample_request,2025-08-18,Original Ceramic - Clamshell,referral,
8964da7b,CUST-03011,site_visit,2025-01-07,,trade_show,
d804a123,CUST-03011,visualizer_use,2025-01-07,Glass - Champagne,trade_show,
cc095978,CUST-03011,sample_request,2025-01-16,Natural Press - Oatmeal,trade_show,
ee14f5d4,CUST-03012,site_visit,2025-03-05,,referral,
320317ed,CUST-03012,visualizer_use,2025-03-14,Original Ceramic - Sage,referral,
c7854d30,CUST-03012,sample_request,2025-03-19,Natural Press - Oatmeal,referral,
0af59a84,CUST-03012,purchase,2025-04-12,Glass - Midnight,referral,1457.18
9fce1528,CUST-03013,site_visit,2024-08-06,,organic_search,
7ec62ead,CUST-03014,site_visit,2024-06-21,,showroom_walkin,
480a2ed8,CUST-03014,sample_request,2024-06-25,Original Ceramic - Sage,showroom_walkin,
e75a13e0,CUST-03015,site_visit,2024-09-26,,architect_referral,
967cd667,CUST-03016,site_visit,2024-07-11,,architect_referral,
fba8719c,CUST-03017,site_visit,2024-01-26,,paid_social,
93ab65e9,CUST-03018,site_visit,2025-05-20,,organic_search,
0c8a904c,CUST-03018,sample_request,2025-06-06,Glass - Seaglass,organic_search,
a9e54b10,CUST-03018,project_upload,2025-06-29,,organic_search,
f32646ea,CUST-03018,purchase,2025-08-05,Glass - Midnight,organic_search,19770.65
0893150f,CUST-03019,site_visit,2024-02-24,,referral,
2537db6d,CUST-03019,purchase,2024-04-11,Original Ceramic - Sage,referral,8637.56
04d2a2fe,CUST-03020,site_visit,2024-06-15,,architect_referral,
2ebb467e,CUST-03020,sample_request,2024-06-27,Natural Press - Oatmeal,architect_referral,
2bfd105d,CUST-03021,site_visit,2024-10-31,,architect_referral,
41853a9a,CUST-03021,visualizer_use,2024-11-09,Glass - Seaglass,architect_referral,
79288d83,CUST-03021,sample_request,2024-11-12,Glass - Midnight,architect_referral,
63cea5a2,CUST-03021,purchase,2025-01-08,Glass - Midnight,architect_referral,592.51
37fd5ece,CUST-03022,site_visit,2024-11-12,,email_capture,
35a0db5c,CUST-03022,sample_request,2024-11-30,Thin Brick - Weathered White,email_capture,
9f074bad,CUST-03022,purchase,2024-12-16,Original Ceramic - Sage,email_capture,1594.17
b1cf6443,CUST-03022,repeat_purchase,2025-02-20,Glass - Champagne,email_capture,902.62
804eddca,CUST-03023,site_visit,2025-01-24,,email_capture,
d7110f71,CUST-03023,sample_request,2025-01-27,Thin Brick - Terracotta,email_capture,
ed6555f1,CUST-03023,project_upload,2025-02-27,,email_capture,
b5c3ed28,CUST-03023,purchase,2025-03-28,Thin Brick - Terracotta,email_capture,5242.01
0b8779d1,CUST-03024,site_visit,2025-05-28,,organic_search,
1ab7ed20,CUST-03024,visualizer_use,2025-06-02,Glass - Seaglass,organic_search,
eb13b2c5,CUST-03024,sample_request,2025-06-04,Natural Press - Oatmeal,organic_search,
9a891a43,CUST-03025,site_visit,2025-05-20,,paid_social,
bc68dc46,CUST-03026,site_visit,2025-03-08,,paid_social,
82c698d7,CUST-03026,sample_request,2025-03-24,Original Ceramic - Sage,paid_social,
8f3b8c0d,CUST-03027,site_visit,2024-04-23,,organic_search,
9fcd97e8,CUST-03027,sample_request,2024-05-02,Thin Brick - Terracotta,organic_search,
4701d1d4,CUST-03027,purchase,2024-05-27,Natural Press - Oatmeal,organic_search,1201.07
78bb162e,CUST-03028,site_visit,2025-07-28,,referral,
e27b6a9f,CUST-03028,visualizer_use,2025-08-07,Original Ceramic - Sage,referral,
81202f8e,CUST-03028,sample_request,2025-08-01,Glass - Midnight,referral,
ca831503,CUST-03029,site_visit,2024-08-09,,email_capture,
e8966e44,CUST-03029,sample_request,2024-08-30,Natural Press - Oatmeal,email_capture,
e3ef97b4,CUST-03029,purchase,2024-10-03,Original Ceramic - Aegean,email_capture,1767.96
fa0aec87,CUST-03030,site_visit,2025-08-22,,showroom_walkin,
2eeba10d,CUST-03031,site_visit,2025-01-12,,showroom_walkin,
e0fc4c64,CUST-03032,site_visit,2024-03-29,,organic_search,
84ead591,CUST-03032,sample_request,2024-04-04,Glass - Seaglass,organic_search,
768bb37e,CUST-03033,site_visit,2024-11-15,,referral,
c681055f,CUST-03033,sample_request,2024-11-30,Original Ceramic - Clamshell,referral,
577a8176,CUST-03033,sample_request,2024-12-05,Original Ceramic - Clamshell,referral,
5926095f,CUST-03033,purchase,2024-12-20,Natural Press - Sable,referral,1163.08
cd07bf3b,CUST-03034,site_visit,2024-08-17,,direct,
6d2a8ff5,CUST-03034,sample_request,2024-08-22,Natural Press - Sable,direct,
643f4228,CUST-03034,sample_request,2024-09-18,Glass - Seaglass,direct,
3ff7d868,CUST-03034,purchase,2024-10-06,Natural Press - Oatmeal,direct,555.76
57ce36fc,CUST-03035,site_visit,2024-09-21,,email_capture,
ba479305,CUST-03035,sample_request,2024-09-21,Natural Press - Fog,email_capture,
587a87ee,CUST-03035,purchase,2024-10-26,Thin Brick - Weathered White,email_capture,921.19
fe8a3ddc,CUST-03035,repeat_purchase,2025-03-10,Natural Press - Oatmeal,email_capture,970.44
959230b8,CUST-03036,site_visit,2024-09-07,,organic_search,
29f68b04,CUST-03037,site_visit,2024-05-25,,paid_social,
ec52d4c6,CUST-03038,site_visit,2024-07-22,,organic_search,
d4f9114b,CUST-03038,visualizer_use,2024-07-31,Original Ceramic - Aegean,organic_search,
08f3fff7,CUST-03038,sample_request,2024-07-25,Thin Brick - Weathered White,organic_search,
6c79c83c,CUST-03039,site_visit,2025-02-18,,email_capture,
011b9ea6,CUST-03039,visualizer_use,2025-02-25,Original Ceramic - Aegean,email_capture,
e5f02a3c,CUST-03039,sample_request,2025-02-20,Original Ceramic - Clamshell,email_capture,
1afb387c,CUST-03040,site_visit,2025-03-31,,organic_search,
c7593164,CUST-03040,sample_request,2025-04-11,Glass - Seaglass,organic_search,
3f23c5dd,CUST-03040,purchase,2025-04-21,Thin Brick - Charcoal,organic_search,645.92
49bf4d70,CUST-03041,site_visit,2024-06-11,,referral,
5763ddd0,CUST-03041,sample_request,2024-06-21,Original Ceramic - Aegean,referral,
7341188b,CUST-03041,sample_request,2024-07-14,Natural Press - Oatmeal,referral,
87b342a1,CUST-03041,purchase,2024-07-12,Thin Brick - Weathered White,referral,1332.98
ba1c4754,CUST-03041,repeat_purchase,2024-12-27,Thin Brick - Terracotta,referral,555.23
2e38ecec,CUST-03042,site_visit,2025-04-26,,trade_show,
a9b70bb5,CUST-03042,visualizer_use,2025-05-06,Thin Brick - Terracotta,trade_show,
e2f08871,CUST-03042,sample_request,2025-05-10,Natural Press - Oatmeal,trade_show,
38c89e42,CUST-03042,purchase,2025-06-18,Glass - Seaglass,trade_show,1655.32
6df9de7e,CUST-03043,site_visit,2024-06-29,,paid_social,
0124a9ba,CUST-03044,site_visit,2024-12-21,,showroom_walkin,
5edf2183,CUST-03044,visualizer_use,2024-12-24,Glass - Seaglass,showroom_walkin,
209fde54,CUST-03044,sample_request,2025-01-01,Glass - Midnight,showroom_walkin,
fe9e32bc,CUST-03044,sample_request,2025-01-22,Natural Press - Sable,showroom_walkin,
f202b068,CUST-03045,site_visit,2024-01-02,,architect_referral,
9e953100,CUST-03045,visualizer_use,2024-01-12,Original Ceramic - Clamshell,architect_referral,
6ee16a7e,CUST-03045,sample_request,2024-01-16,Glass - Champagne,architect_referral,
39b3dcab,CUST-03045,sample_request,2024-01-29,Thin Brick - Terracotta,architect_referral,
57f54ea9,CUST-03045,purchase,2024-02-20,Thin Brick - Charcoal,architect_referral,1762.04
27e683ca,CUST-03046,site_visit,2025-01-16,,trade_show,
f182bc80,CUST-03046,sample_request,2025-01-29,Thin Brick - Terracotta,trade_show,
6613c268,CUST-03047,site_visit,2025-04-09,,organic_search,
556751a5,CUST-03047,visualizer_use,2025-04-11,Original Ceramic - Aegean,organic_search,
88b477b6,CUST-03047,purchase,2025-05-09,Natural Press - Oatmeal,organic_search,1120.14
7aef1609,CUST-03048,site_visit,2024-03-25,,architect_referral,
44ad3225,CUST-03049,site_visit,2024-03-05,,architect_referral,
486bbf48,CUST-03049,sample_request,2024-03-10,Thin Brick - Weathered White,architect_referral,
f5ada5dd,CUST-03049,purchase,2024-04-26,Glass - Champagne,architect_referral,1219.4
822041c3,CUST-03050,site_visit,2024-11-25,,direct,
6f147f13,CUST-03051,site_visit,2025-07-30,,paid_social,
c035f35d,CUST-03051,visualizer_use,2025-07-30,Thin Brick - Charcoal,paid_social,
cc4965f7,CUST-03051,sample_request,2025-08-03,Original Ceramic - Clamshell,paid_social,
e39bf8bf,CUST-03051,sample_request,2025-08-10,Thin Brick - Weathered White,paid_social,
2e23dde8,CUST-03052,site_visit,2025-05-03,,email_capture,
934624e3,CUST-03052,sample_request,2025-05-05,Natural Press - Fog,email_capture,
be65acbb,CUST-03052,purchase,2025-06-16,Natural Press - Oatmeal,email_capture,1434.66
16a9e1be,CUST-03053,site_visit,2024-05-10,,showroom_walkin,
b9505ebc,CUST-03053,sample_request,2024-05-10,Natural Press - Fog,showroom_walkin,
8355477c,CUST-03054,site_visit,2025-02-03,,referral,
54d7d07f,CUST-03054,visualizer_use,2025-02-07,Original Ceramic - Sage,referral,
4cac96b1,CUST-03054,sample_request,2025-02-09,Glass - Champagne,referral,
d8455a4c,CUST-03054,purchase,2025-04-10,Original Ceramic - Sage,referral,729.85
cee7337c,CUST-03055,site_visit,2024-01-16,,paid_social,
60590d52,CUST-03055,visualizer_use,2024-01-23,Thin Brick - Charcoal,paid_social,
0fd71f85,CUST-03056,site_visit,2024-11-28,,paid_social,
12e5f454,CUST-03057,site_visit,2024-04-27,,referral,
ad918d79,CUST-03057,sample_request,2024-04-29,Glass - Seaglass,referral,
1bd42739,CUST-03058,site_visit,2024-09-26,,direct,
d3f4c551,CUST-03058,visualizer_use,2024-09-29,Glass - Midnight,direct,
9be7227f,CUST-03059,site_visit,2025-01-28,,direct,
12da9947,CUST-03059,visualizer_use,2025-01-31,Original Ceramic - Clamshell,direct,
7d19f6b3,CUST-03059,sample_request,2025-02-02,Original Ceramic - Aegean,direct,
0c315767,CUST-03059,purchase,2025-03-20,Natural Press - Oatmeal,direct,2682.67
04ccbeb8,CUST-03060,site_visit,2024-07-13,,organic_search,
2117be09,CUST-03060,visualizer_use,2024-07-17,Thin Brick - Charcoal,organic_search,
32c70f63,CUST-03060,sample_request,2024-07-15,Natural Press - Oatmeal,organic_search,
2da3bed1,CUST-03061,site_visit,2025-01-28,,direct,
3b2c394f,CUST-03061,visualizer_use,2025-01-31,Thin Brick - Terracotta,direct,
0635a9e4,CUST-03061,sample_request,2025-02-07,Glass - Seaglass,direct,
56614663,CUST-03061,sample_request,2025-03-06,Glass - Seaglass,direct,
cd85890a,CUST-03062,site_visit,2025-03-25,,direct,
52b7a0ab,CUST-03063,site_visit,2024-09-06,,organic_search,
ad78913a,CUST-03063,sample_request,2024-09-25,Natural Press - Oatmeal,organic_search,
df5f380c,CUST-03063,purchase,2024-11-24,Natural Press - Sable,organic_search,1103.11
37aeed52,CUST-03064,site_visit,2025-04-30,,direct,
a0eab3a3,CUST-03064,sample_request,2025-05-21,Original Ceramic - Clamshell,direct,
a78b5a4b,CUST-03064,sample_request,2025-05-28,Glass - Champagne,direct,
c454b5ed,CUST-03064,purchase,2025-06-23,Original Ceramic - Sage,direct,1569.11
ea4c2d30,CUST-03065,site_visit,2024-08-12,,organic_search,
2e99b420,CUST-03065,sample_request,2024-08-20,Thin Brick - Terracotta,organic_search,
74443d93,CUST-03065,purchase,2024-10-19,Natural Press - Fog,organic_search,1343.24
c70c29ca,CUST-03066,site_visit,2024-12-05,,showroom_walkin,
147aeb79,CUST-03067,site_visit,2024-05-15,,trade_show,
dad36e32,CUST-03067,purchase,2024-06-23,Glass - Champagne,trade_show,15103.44
ce20edeb,CUST-03068,site_visit,2024-07-02,,referral,
38a855ff,CUST-03068,sample_request,2024-07-04,Thin Brick - Terracotta,referral,
936de737,CUST-03068,sample_request,2024-07-23,Glass - Seaglass,referral,
34a58494,CUST-03069,site_visit,2025-04-03,,organic_search,
70e0854c,CUST-03069,sample_request,2025-04-09,Glass - Midnight,organic_search,
ccc2b64f,CUST-03069,purchase,2025-05-07,Natural Press - Fog,organic_search,1715.1
77e47a45,CUST-03070,site_visit,2024-01-21,,organic_search,
e7bcc52b,CUST-03070,visualizer_use,2024-01-28,Thin Brick - Weathered White,organic_search,
3a2d31e9,CUST-03070,sample_request,2024-01-30,Glass - Champagne,organic_search,
517e1c87,CUST-03070,purchase,2024-03-25,Original Ceramic - Aegean,organic_search,1704.62
bd1dbef3,CUST-03071,site_visit,2025-04-19,,trade_show,
88b8ccd7,CUST-03071,sample_request,2025-04-26,Original Ceramic - Clamshell,trade_show,
53a0ad69,CUST-03072,site_visit,2025-05-22,,paid_social,
447f52fc,CUST-03072,visualizer_use,2025-05-28,Original Ceramic - Clamshell,paid_social,
bca3cc16,CUST-03072,sample_request,2025-06-02,Glass - Seaglass,paid_social,
917fd866,CUST-03072,sample_request,2025-06-14,Natural Press - Sable,paid_social,
e3f195e0,CUST-03072,purchase,2025-07-15,Thin Brick - Charcoal,paid_social,1616.84
8e4dd141,CUST-03073,site_visit,2024-01-04,,paid_social,
aaba84a2,CUST-03074,site_visit,2024-08-22,,referral,
aebd8449,CUST-03075,site_visit,2025-03-02,,architect_referral,
7b286267,CUST-03075,visualizer_use,2025-03-06,Thin Brick - Charcoal,architect_referral,
9253876a,CUST-03075,sample_request,2025-03-13,Natural Press - Sable,architect_referral,
5e4cb689,CUST-03075,purchase,2025-05-05,Thin Brick - Terracotta,architect_referral,1324.21
9093aaad,CUST-03075,repeat_purchase,2025-07-28,Original Ceramic - Aegean,architect_referral,932.98
a2859da0,CUST-03076,site_visit,2024-09-29,,direct,
26d385fa,CUST-03076,purchase,2024-11-28,Natural Press - Fog,direct,14941.52
86905f75,CUST-03077,site_visit,2025-05-24,,organic_search,
d65ccf15,CUST-03077,visualizer_use,2025-05-24,Glass - Midnight,organic_search,
00c1f218,CUST-03077,sample_request,2025-05-25,Glass - Champagne,organic_search,
26390dee,CUST-03077,purchase,2025-07-24,Glass - Seaglass,organic_search,1238.01
29c0f6e1,CUST-03078,site_visit,2025-03-22,,email_capture,
3e3807d5,CUST-03078,sample_request,2025-03-30,Thin Brick - Weathered White,email_capture,
95e3bd11,CUST-03078,purchase,2025-05-07,Thin Brick - Weathered White,email_capture,1502.81
9fe2ac73,CUST-03079,site_visit,2025-02-19,,trade_show,
c4c4407e,CUST-03080,site_visit,2024-03-10,,organic_search,
4c2f4734,CUST-03080,visualizer_use,2024-03-13,Original Ceramic - Clamshell,organic_search,
a71ab382,CUST-03080,sample_request,2024-03-19,Original Ceramic - Sage,organic_search,
f6998516,CUST-03080,sample_request,2024-04-10,Original Ceramic - Sage,organic_search,
537ff544,CUST-03080,purchase,2024-05-18,Thin Brick - Charcoal,organic_search,449.7
aee5d7fb,CUST-03081,site_visit,2024-04-27,,referral,
0a37378e,CUST-03081,visualizer_use,2024-05-02,Glass - Champagne,referral,
f0c34e76,CUST-03081,sample_request,2024-04-29,Glass - Champagne,referral,
25f357e4,CUST-03081,purchase,2024-06-02,Original Ceramic - Aegean,referral,929.14
cdb4acf4,CUST-03082,site_visit,2025-06-03,,showroom_walkin,
09559bb7,CUST-03082,sample_request,2025-06-13,Natural Press - Oatmeal,showroom_walkin,
cfdc71c8,CUST-03082,purchase,2025-06-21,Glass - Champagne,showroom_walkin,1338.13
37a03bf5,CUST-03083,site_visit,2024-12-13,,organic_search,
daeac864,CUST-03084,site_visit,2024-05-13,,architect_referral,
16f0f10f,CUST-03085,site_visit,2025-01-30,,organic_search,
062f41ec,CUST-03085,sample_request,2025-02-10,Glass - Midnight,organic_search,
79c1f44a,CUST-03085,purchase,2025-04-05,Thin Brick - Charcoal,organic_search,1441.34
cbf83294,CUST-03086,site_visit,2024-05-09,,organic_search,
fd4611af,CUST-03086,visualizer_use,2024-05-13,Thin Brick - Terracotta,organic_search,
37d3bb02,CUST-03086,sample_request,2024-05-13,Original Ceramic - Aegean,organic_search,
a009412f,CUST-03086,purchase,2024-06-09,Thin Brick - Terracotta,organic_search,905.43
c366e15b,CUST-03087,site_visit,2024-05-08,,paid_social,
ff38eebc,CUST-03088,site_visit,2025-06-24,,direct,
cec47a2a,CUST-03088,visualizer_use,2025-06-29,Glass - Seaglass,direct,
074c5979,CUST-03088,sample_request,2025-07-05,Natural Press - Oatmeal,direct,
b57f5097,CUST-03088,purchase,2025-07-20,Thin Brick - Terracotta,direct,1718.71
a94410ab,CUST-03089,site_visit,2024-05-07,,organic_search,
febc9145,CUST-03089,visualizer_use,2024-05-08,Original Ceramic - Sage,organic_search,
c8f2031d,CUST-03089,sample_request,2024-05-17,Original Ceramic - Aegean,organic_search,
2d40bf45,CUST-03089,purchase,2024-06-23,Natural Press - Oatmeal,organic_search,1218.65
d25dd765,CUST-03090,site_visit,2024-03-25,,direct,
36d1173b,CUST-03090,visualizer_use,2024-04-02,Original Ceramic - Clamshell,direct,
182e32ca,CUST-03090,sample_request,2024-04-01,Thin Brick - Charcoal,direct,
044d3922,CUST-03091,site_visit,2025-06-15,,trade_show,
19383f01,CUST-03092,site_visit,2025-03-22,,architect_referral,
550d698d,CUST-03092,visualizer_use,2025-03-28,Natural Press - Sable,architect_referral,
6266a759,CUST-03092,sample_request,2025-03-26,Thin Brick - Charcoal,architect_referral,
e8752c51,CUST-03093,site_visit,2025-08-20,,email_capture,
712da5b1,CUST-03093,purchase,2025-09-05,Original Ceramic - Clamshell,email_capture,1514.49
5cce41b8,CUST-03094,site_visit,2025-07-07,,paid_social,
f99aac44,CUST-03094,sample_request,2025-07-10,Natural Press - Fog,paid_social,
839a87bd,CUST-03094,purchase,2025-08-29,Original Ceramic - Sage,paid_social,1134.74
4dddf285,CUST-03095,site_visit,2024-10-10,,paid_social,
f6846535,CUST-03095,sample_request,2024-10-23,Natural Press - Oatmeal,paid_social,
598b1ab0,CUST-03096,site_visit,2025-01-21,,direct,
e58f223d,CUST-03097,site_visit,2024-12-24,,direct,
df351464,CUST-03097,purchase,2025-01-13,Natural Press - Fog,direct,1556.76
b5c476a2,CUST-03098,site_visit,2024-12-26,,paid_social,
b23049ca,CUST-03098,visualizer_use,2025-01-05,Natural Press - Sable,paid_social,
d813554d,CUST-03098,sample_request,2025-01-02,Original Ceramic - Aegean,paid_social,
397eb1ff,CUST-03099,site_visit,2025-06-29,,architect_referral,
3f847f41,CUST-03099,sample_request,2025-07-19,Natural Press - Oatmeal,architect_referral,
822673de,CUST-03100,site_visit,2024-08-27,,showroom_walkin,
7b772150,CUST-03100,visualizer_use,2024-09-03,Natural Press - Sable,showroom_walkin,
cafdc763,CUST-03100,sample_request,2024-09-09,Natural Press - Sable,showroom_walkin,
519c6bfd,CUST-03100,sample_request,2024-10-06,Thin Brick - Charcoal,showroom_walkin,
315a738d,CUST-03100,purchase,2024-10-06,Original Ceramic - Aegean,showroom_walkin,873.15
1df6510a,CUST-03101,site_visit,2024-04-01,,email_capture,
97faf179,CUST-03101,sample_request,2024-04-08,Thin Brick - Terracotta,email_capture,
a2a11fe9,CUST-03101,project_upload,2024-05-09,,email_capture,
152fc1c1,CUST-03102,site_visit,2024-02-17,,email_capture,
077315a1,CUST-03102,visualizer_use,2024-02-24,Glass - Champagne,email_capture,
0aa65f6a,CUST-03102,sample_request,2024-02-22,Glass - Seaglass,email_capture,
1c49ff08,CUST-03102,purchase,2024-04-16,Original Ceramic - Sage,email_capture,1375.8
15739caa,CUST-03103,site_visit,2024-02-17,,trade_show,
413d708a,CUST-03103,purchase,2024-02-28,Thin Brick - Terracotta,trade_show,1550.27
dd3d4903,CUST-03104,site_visit,2024-07-17,,direct,
30316143,CUST-03104,sample_request,2024-07-24,Natural Press - Fog,direct,
92238339,CUST-03105,site_visit,2025-04-22,,email_capture,
780088ae,CUST-03105,sample_request,2025-05-13,Thin Brick - Terracotta,email_capture,
392b1cb8,CUST-03105,sample_request,2025-06-09,Thin Brick - Charcoal,email_capture,
09eaf339,CUST-03106,site_visit,2025-06-09,,paid_social,
b9e8a634,CUST-03106,sample_request,2025-06-16,Glass - Midnight,paid_social,
9a47a11b,CUST-03107,site_visit,2024-09-13,,showroom_walkin,
0d119f15,CUST-03107,sample_request,2024-09-20,Natural Press - Fog,showroom_walkin,
dfc3f229,CUST-03107,purchase,2024-10-05,Glass - Midnight,showroom_walkin,1645.7
ab99668b,CUST-03108,site_visit,2024-01-16,,organic_search,
e8f807b7,CUST-03108,sample_request,2024-02-01,Glass - Champagne,organic_search,
07d69963,CUST-03108,sample_request,2024-02-27,Thin Brick - Weathered White,organic_search,
6b69dfbd,CUST-03108,purchase,2024-03-05,Glass - Seaglass,organic_search,1679.37
6ef0fc8b,CUST-03109,site_visit,2024-07-18,,email_capture,
efcad03b,CUST-03109,sample_request,2024-07-19,Thin Brick - Terracotta,email_capture,
a0628642,CUST-03110,site_visit,2025-08-13,,email_capture,
98505422,CUST-03110,sample_request,2025-08-19,Glass - Seaglass,email_capture,
04dbc5b5,CUST-03110,purchase,2025-10-04,Thin Brick - Charcoal,email_capture,868.02
6cc7cd3e,CUST-03111,site_visit,2024-11-25,,direct,
ea15d5eb,CUST-03112,site_visit,2025-04-22,,showroom_walkin,
430941dc,CUST-03113,site_visit,2024-09-25,,trade_show,
e0d70c8a,CUST-03113,visualizer_use,2024-09-28,Thin Brick - Charcoal,trade_show,
b40e0381,CUST-03113,sample_request,2024-09-27,Natural Press - Sable,trade_show,
a70cd9d5,CUST-03114,site_visit,2024-07-01,,direct,
62c2cc4c,CUST-03115,site_visit,2024-08-16,,showroom_walkin,
2aafc8d6,CUST-03115,visualizer_use,2024-08-18,Original Ceramic - Aegean,showroom_walkin,
6d3b5ac2,CUST-03115,sample_request,2024-08-18,Natural Press - Fog,showroom_walkin,
501ca232,CUST-03115,project_upload,2024-09-09,,showroom_walkin,
90fee63e,CUST-03115,purchase,2024-10-05,Original Ceramic - Clamshell,showroom_walkin,3044.01
a1fa0a94,CUST-03115,repeat_purchase,2025-06-22,Natural Press - Oatmeal,showroom_walkin,17183.52
434a75c9,CUST-03116,site_visit,2025-02-01,,organic_search,
84574bc7,CUST-03117,site_visit,2024-07-12,,referral,
5e4e5bfc,CUST-03117,sample_request,2024-07-16,Natural Press - Sable,referral,
17d8267f,CUST-03117,purchase,2024-09-01,Original Ceramic - Sage,referral,936.9
c83d78e5,CUST-03118,site_visit,2025-02-21,,referral,
ac4e0ba9,CUST-03118,sample_request,2025-02-24,Glass - Champagne,referral,
32049cfd,CUST-03118,sample_request,2025-03-22,Thin Brick - Terracotta,referral,
4419a5ce,CUST-03119,site_visit,2024-07-02,,organic_search,
cf432093,CUST-03119,visualizer_use,2024-07-11,Thin Brick - Charcoal,organic_search,
70e53c85,CUST-03119,sample_request,2024-07-14,Glass - Champagne,organic_search,
a9ad638c,CUST-03119,purchase,2024-08-01,Natural Press - Fog,organic_search,1092.87
c9ce17dc,CUST-03120,site_visit,2024-04-05,,organic_search,
ac79654f,CUST-03120,sample_request,2024-04-25,Natural Press - Sable,organic_search,
4b8670d2,CUST-03121,site_visit,2024-05-03,,trade_show,
f8bfbe98,CUST-03121,sample_request,2024-05-24,Original Ceramic - Sage,trade_show,
f57faab5,CUST-03121,purchase,2024-06-17,Natural Press - Oatmeal,trade_show,21284.13
0f217eb6,CUST-03122,site_visit,2024-01-02,,organic_search,
d61e56dd,CUST-03122,visualizer_use,2024-01-06,Thin Brick - Charcoal,organic_search,
9fd57ad4,CUST-03122,sample_request,2024-01-05,Thin Brick - Charcoal,organic_search,
adbfebeb,CUST-03122,purchase,2024-01-23,Natural Press - Oatmeal,organic_search,1387.75
9cfeb78e,CUST-03123,site_visit,2024-05-13,,architect_referral,
102d0277,CUST-03124,site_visit,2025-03-31,,architect_referral,
bd98a9d0,CUST-03125,site_visit,2025-08-13,,organic_search,
65d17243,CUST-03125,visualizer_use,2025-08-23,Thin Brick - Weathered White,organic_search,
3d21bb00,CUST-03125,sample_request,2025-08-14,Glass - Midnight,organic_search,
b7fa0cc5,CUST-03126,site_visit,2025-03-23,,referral,
8f40b333,CUST-03126,sample_request,2025-03-27,Glass - Champagne,referral,
3a5ec099,CUST-03126,sample_request,2025-04-05,Glass - Seaglass,referral,
4e859129,CUST-03127,site_visit,2024-03-03,,organic_search,
9a9a10d5,CUST-03127,sample_request,2024-03-06,Thin Brick - Weathered White,organic_search,
333cb45d,CUST-03127,sample_request,2024-03-31,Thin Brick - Terracotta,organic_search,
37a955c1,CUST-03127,purchase,2024-03-24,Glass - Champagne,organic_search,1389.07
4f73b40e,CUST-03128,site_visit,2025-04-17,,paid_social,
9fb0c24a,CUST-03128,sample_request,2025-04-24,Natural Press - Oatmeal,paid_social,
42b86bb3,CUST-03128,sample_request,2025-05-16,Natural Press - Sable,paid_social,
3a809065,CUST-03129,site_visit,2024-07-20,,showroom_walkin,
9b55a252,CUST-03129,visualizer_use,2024-07-25,Thin Brick - Terracotta,showroom_walkin,
abd254eb,CUST-03129,sample_request,2024-07-31,Natural Press - Fog,showroom_walkin,
d464de39,CUST-03130,site_visit,2025-01-08,,trade_show,
fb87d05e,CUST-03130,sample_request,2025-01-17,Thin Brick - Terracotta,trade_show,
b2d34688,CUST-03131,site_visit,2025-01-15,,organic_search,
268c9ae7,CUST-03131,visualizer_use,2025-01-22,Thin Brick - Terracotta,organic_search,
c4d41173,CUST-03131,sample_request,2025-01-20,Thin Brick - Weathered White,organic_search,
7459b0aa,CUST-03131,sample_request,2025-02-10,Natural Press - Oatmeal,organic_search,
d2f4d4e4,CUST-03131,project_upload,2025-02-19,,organic_search,
de51e121,CUST-03131,purchase,2025-02-14,Thin Brick - Weathered White,organic_search,5895.77
bf8f48cf,CUST-03132,site_visit,2024-11-07,,email_capture,
87c34cf4,CUST-03132,sample_request,2024-11-12,Glass - Champagne,email_capture,
52577279,CUST-03133,site_visit,2024-05-03,,organic_search,
6d8615f3,CUST-03133,visualizer_use,2024-05-04,Glass - Seaglass,organic_search,
ebbc8a77,CUST-03134,site_visit,2024-08-15,,referral,
72f515e2,CUST-03134,visualizer_use,2024-08-24,Original Ceramic - Aegean,referral,
1dadc92f,CUST-03134,sample_request,2024-08-22,Natural Press - Sable,referral,
9ce03831,CUST-03135,site_visit,2025-02-03,,organic_search,
35a88bd7,CUST-03136,site_visit,2025-04-30,,organic_search,
94bf696d,CUST-03137,site_visit,2025-04-19,,architect_referral,
86864170,CUST-03137,sample_request,2025-04-22,Original Ceramic - Sage,architect_referral,
dce989de,CUST-03137,sample_request,2025-05-15,Glass - Seaglass,architect_referral,
9e0fa3ff,CUST-03137,purchase,2025-06-07,Original Ceramic - Clamshell,architect_referral,1639.52
b35b35c9,CUST-03138,site_visit,2024-06-25,,paid_social,
e55bf4a6,CUST-03138,visualizer_use,2024-07-02,Thin Brick - Weathered White,paid_social,
7b421a0f,CUST-03138,sample_request,2024-07-03,Glass - Midnight,paid_social,
85ceb666,CUST-03138,purchase,2024-07-25,Original Ceramic - Aegean,paid_social,980.59
be293bbf,CUST-03139,site_visit,2024-02-16,,architect_referral,
262b6a66,CUST-03140,site_visit,2025-01-06,,showroom_walkin,
7f6f1e20,CUST-03140,sample_request,2025-01-22,Natural Press - Sable,showroom_walkin,
e4504c77,CUST-03140,purchase,2025-03-03,Natural Press - Fog,showroom_walkin,1335.89
1b9da6d4,CUST-03141,site_visit,2024-07-26,,direct,
c7b7df64,CUST-03141,visualizer_use,2024-07-27,Thin Brick - Weathered White,direct,
82cce491,CUST-03141,purchase,2024-08-31,Glass - Seaglass,direct,713.19
d769a966,CUST-03142,site_visit,2024-02-15,,organic_search,
5611b0dd,CUST-03143,site_visit,2025-03-18,,trade_show,
71a20eef,CUST-03144,site_visit,2024-09-18,,architect_referral,
f532efa4,CUST-03144,visualizer_use,2024-09-24,Natural Press - Sable,architect_referral,
3a085031,CUST-03144,sample_request,2024-09-21,Glass - Seaglass,architect_referral,
8bd6f65a,CUST-03144,project_upload,2024-10-20,,architect_referral,
8c218c7c,CUST-03144,purchase,2024-11-18,Glass - Champagne,architect_referral,3889.81
97cbd2b4,CUST-03145,site_visit,2024-04-28,,referral,
1d8fc29a,CUST-03146,site_visit,2024-03-29,,direct,
a21c215a,CUST-03146,sample_request,2024-04-17,Glass - Champagne,direct,
6215f839,CUST-03146,purchase,2024-04-26,Original Ceramic - Aegean,direct,1579.42
5377eb0b,CUST-03147,site_visit,2024-01-29,,organic_search,
ab6fea0b,CUST-03147,visualizer_use,2024-02-04,Thin Brick - Charcoal,organic_search,
23203ba0,CUST-03147,sample_request,2024-02-09,Original Ceramic - Sage,organic_search,
0d8bed96,CUST-03147,sample_request,2024-02-23,Glass - Champagne,organic_search,
6032ac9f,CUST-03147,purchase,2024-03-23,Original Ceramic - Sage,organic_search,1709.86
67fabab3,CUST-03148,site_visit,2025-05-04,,organic_search,
d23865b2,CUST-03148,visualizer_use,2025-05-08,Thin Brick - Terracotta,organic_search,
21f95a78,CUST-03148,sample_request,2025-05-07,Natural Press - Sable,organic_search,
c5078f2b,CUST-03148,sample_request,2025-05-18,Glass - Champagne,organic_search,
9635d3fc,CUST-03148,purchase,2025-07-01,Thin Brick - Weathered White,organic_search,599.2
b8d1c7b6,CUST-03149,site_visit,2025-07-08,,referral,
2032582b,CUST-03150,site_visit,2024-03-17,,organic_search,
049ccb46,CUST-03150,sample_request,2024-04-06,Glass - Seaglass,organic_search,
ae011bf7,CUST-03150,sample_request,2024-04-14,Original Ceramic - Clamshell,organic_search,
e3f83394,CUST-03150,purchase,2024-04-18,Glass - Midnight,organic_search,975.7
1b9479e7,CUST-03151,site_visit,2024-07-22,,trade_show,
62e22a35,CUST-03151,sample_request,2024-07-23,Thin Brick - Terracotta,trade_show,
323346c8,CUST-03151,purchase,2024-08-01,Natural Press - Oatmeal,trade_show,1578.07
0a1d6b1c,CUST-03152,site_visit,2024-07-07,,paid_social,
01ec5b49,CUST-03152,purchase,2024-08-03,Thin Brick - Weathered White,paid_social,1082.37
c52a3a07,CUST-03153,site_visit,2025-04-06,,organic_search,
c1ecda43,CUST-03153,visualizer_use,2025-04-12,Natural Press - Sable,organic_search,
3c6c134e,CUST-03153,sample_request,2025-04-12,Natural Press - Oatmeal,organic_search,
9ccbde5f,CUST-03153,sample_request,2025-04-29,Thin Brick - Charcoal,organic_search,
0b818ddc,CUST-03153,purchase,2025-04-22,Original Ceramic - Aegean,organic_search,1068.68
fa35fb66,CUST-03154,site_visit,2024-08-21,,paid_social,
32a5763f,CUST-03154,sample_request,2024-08-23,Glass - Seaglass,paid_social,
57fd8469,CUST-03155,site_visit,2024-03-24,,paid_social,
b1d7e08c,CUST-03155,visualizer_use,2024-03-26,Natural Press - Oatmeal,paid_social,
dfcd5f4a,CUST-03155,sample_request,2024-03-31,Glass - Midnight,paid_social,
ea5d3790,CUST-03156,site_visit,2024-01-30,,referral,
8ed8df87,CUST-03156,purchase,2024-02-14,Glass - Champagne,referral,9146.12
58651106,CUST-03156,repeat_purchase,2024-05-03,Glass - Champagne,referral,13797.74
720fb5fb,CUST-03157,site_visit,2024-03-15,,trade_show,
0d6ae1e8,CUST-03157,visualizer_use,2024-03-22,Natural Press - Oatmeal,trade_show,
82729725,CUST-03157,sample_request,2024-03-28,Thin Brick - Terracotta,trade_show,
82b1bb27,CUST-03157,sample_request,2024-04-17,Glass - Seaglass,trade_show,
15f02242,CUST-03158,site_visit,2025-05-14,,organic_search,
a9658218,CUST-03159,site_visit,2024-12-15,,paid_social,
f559f4f9,CUST-03159,visualizer_use,2024-12-20,Natural Press - Fog,paid_social,
42d93e64,CUST-03159,sample_request,2024-12-24,Natural Press - Oatmeal,paid_social,
42c27a0d,CUST-03160,site_visit,2024-12-22,,referral,
6832fc19,CUST-03160,visualizer_use,2024-12-30,Thin Brick - Weathered White,referral,
fe778016,CUST-03160,sample_request,2024-12-23,Original Ceramic - Sage,referral,
b192929f,CUST-03161,site_visit,2025-08-10,,direct,
51ebf757,CUST-03161,visualizer_use,2025-08-10,Thin Brick - Terracotta,direct,
c26784e6,CUST-03161,sample_request,2025-08-18,Original Ceramic - Aegean,direct,
745762c1,CUST-03162,site_visit,2025-08-21,,trade_show,
d838c62b,CUST-03162,sample_request,2025-09-10,Original Ceramic - Sage,trade_show,
1f6578bc,CUST-03162,project_upload,2025-10-14,,trade_show,
81e43908,CUST-03162,purchase,2025-11-07,Original Ceramic - Aegean,trade_show,25596.4
4037e7b5,CUST-03163,site_visit,2025-08-17,,email_capture,
2b4aedb7,CUST-03163,visualizer_use,2025-08-27,Glass - Champagne,email_capture,
893b616d,CUST-03163,sample_request,2025-08-19,Thin Brick - Terracotta,email_capture,
1bb2abaf,CUST-03164,site_visit,2025-01-24,,architect_referral,
138a377a,CUST-03164,visualizer_use,2025-01-31,Glass - Champagne,architect_referral,
8373c4a2,CUST-03164,sample_request,2025-02-06,Natural Press - Sable,architect_referral,
b0be771f,CUST-03164,project_upload,2025-02-28,,architect_referral,
a9af09a2,CUST-03165,site_visit,2024-12-14,,referral,
fd4afc0d,CUST-03165,sample_request,2024-12-20,Glass - Seaglass,referral,
db2dc4b6,CUST-03165,purchase,2025-02-08,Natural Press - Sable,referral,19262.81
96862d9c,CUST-03165,repeat_purchase,2025-06-18,Thin Brick - Weathered White,referral,10581.38
e0702ed1,CUST-03166,site_visit,2024-09-28,,referral,
88aa3bc9,CUST-03166,visualizer_use,2024-10-04,Original Ceramic - Clamshell,referral,
3bd9b0ce,CUST-03166,sample_request,2024-10-12,Glass - Champagne,referral,
ac8326db,CUST-03166,sample_request,2024-10-24,Glass - Midnight,referral,
4a29f817,CUST-03166,project_upload,2024-11-02,,referral,
096574e8,CUST-03166,purchase,2024-12-02,Original Ceramic - Aegean,referral,16649.05
6732b83a,CUST-03167,site_visit,2024-07-13,,referral,
cf0717f3,CUST-03168,site_visit,2025-01-12,,organic_search,
fb1d3551,CUST-03168,sample_request,2025-01-15,Thin Brick - Terracotta,organic_search,
f0c6f053,CUST-03169,site_visit,2024-04-23,,trade_show,
b0782532,CUST-03169,sample_request,2024-05-14,Natural Press - Sable,trade_show,
bed69124,CUST-03170,site_visit,2025-07-09,,referral,
abef73fc,CUST-03170,visualizer_use,2025-07-17,Natural Press - Fog,referral,
8496668a,CUST-03170,sample_request,2025-07-18,Natural Press - Sable,referral,
6b960f30,CUST-03170,purchase,2025-08-10,Original Ceramic - Clamshell,referral,1693.03
420315a6,CUST-03171,site_visit,2025-02-23,,trade_show,
349c5077,CUST-03171,visualizer_use,2025-03-04,Original Ceramic - Clamshell,trade_show,
159eff47,CUST-03171,sample_request,2025-03-09,Original Ceramic - Sage,trade_show,
df021fff,CUST-03171,sample_request,2025-03-20,Glass - Midnight,trade_show,
487e7325,CUST-03171,purchase,2025-05-06,Glass - Seaglass,trade_show,642.48
1d08a247,CUST-03172,site_visit,2025-08-07,,organic_search,
ff137556,CUST-03172,sample_request,2025-08-25,Original Ceramic - Sage,organic_search,
8d7b8611,CUST-03173,site_visit,2024-10-09,,email_capture,
b811c14b,CUST-03173,visualizer_use,2024-10-14,Original Ceramic - Clamshell,email_capture,
bed7b39e,CUST-03173,sample_request,2024-10-18,Glass - Midnight,email_capture,
070d2ca2,CUST-03173,sample_request,2024-10-28,Natural Press - Sable,email_capture,
cd3cadff,CUST-03173,purchase,2024-12-12,Original Ceramic - Sage,email_capture,921.66
1d7e551c,CUST-03174,site_visit,2025-04-17,,organic_search,
78327183,CUST-03174,sample_request,2025-04-28,Natural Press - Sable,organic_search,
eb492158,CUST-03175,site_visit,2024-02-18,,organic_search,
3cf1a8dd,CUST-03176,site_visit,2025-06-03,,showroom_walkin,
3d8e850b,CUST-03176,visualizer_use,2025-06-04,Original Ceramic - Sage,showroom_walkin,
a6071d4a,CUST-03176,sample_request,2025-06-16,Original Ceramic - Sage,showroom_walkin,
cbbf0d53,CUST-03177,site_visit,2025-07-13,,showroom_walkin,
dc0bd254,CUST-03177,sample_request,2025-07-31,Original Ceramic - Sage,showroom_walkin,
d6c2b6b5,CUST-03177,sample_request,2025-08-24,Natural Press - Oatmeal,showroom_walkin,
11b97a5f,CUST-03177,purchase,2025-08-24,Thin Brick - Charcoal,showroom_walkin,479.84
01cf3c58,CUST-03178,site_visit,2024-06-30,,direct,
2cb2e906,CUST-03178,sample_request,2024-07-18,Natural Press - Sable,direct,
0d9e2557,CUST-03179,site_visit,2024-01-05,,paid_social,
11abdd62,CUST-03179,visualizer_use,2024-01-08,Thin Brick - Weathered White,paid_social,
dba59878,CUST-03179,sample_request,2024-01-08,Glass - Midnight,paid_social,
4648ff9a,CUST-03180,site_visit,2024-10-08,,organic_search,
9af3d958,CUST-03181,site_visit,2024-05-11,,email_capture,
38d0b92e,CUST-03181,purchase,2024-05-27,Natural Press - Sable,email_capture,1616.06
1de1c0bd,CUST-03182,site_visit,2025-07-18,,paid_social,
95745831,CUST-03183,site_visit,2024-10-15,,email_capture,
badac3e4,CUST-03183,visualizer_use,2024-10-25,Thin Brick - Weathered White,email_capture,
60f9b22b,CUST-03184,site_visit,2025-05-18,,organic_search,
d9920f59,CUST-03184,visualizer_use,2025-05-20,Thin Brick - Terracotta,organic_search,
c37ca2e1,CUST-03184,sample_request,2025-05-26,Natural Press - Fog,organic_search,
8443419a,CUST-03184,purchase,2025-06-25,Natural Press - Sable,organic_search,1691.85
cae0847b,CUST-03185,site_visit,2024-07-06,,paid_social,
a7513789,CUST-03185,visualizer_use,2024-07-13,Original Ceramic - Aegean,paid_social,
ec40a1fb,CUST-03185,sample_request,2024-07-09,Thin Brick - Terracotta,paid_social,
1e6c768b,CUST-03185,purchase,2024-07-22,Glass - Midnight,paid_social,417.64
8476a403,CUST-03186,site_visit,2024-07-27,,trade_show,
6c3353d5,CUST-03186,sample_request,2024-08-11,Thin Brick - Weathered White,trade_show,
69f16c15,CUST-03186,purchase,2024-09-16,Glass - Seaglass,trade_show,690.69
81022046,CUST-03187,site_visit,2025-05-02,,organic_search,
7ed5a10f,CUST-03187,visualizer_use,2025-05-12,Thin Brick - Charcoal,organic_search,
f6477b01,CUST-03188,site_visit,2024-12-20,,architect_referral,
45868417,CUST-03189,site_visit,2025-04-28,,paid_social,
7f40968f,CUST-03189,sample_request,2025-05-16,Glass - Seaglass,paid_social,
325ea8ac,CUST-03189,sample_request,2025-05-28,Glass - Midnight,paid_social,
24b6e2e1,CUST-03189,purchase,2025-05-31,Original Ceramic - Sage,paid_social,768.06
cec3b95f,CUST-03190,site_visit,2024-01-24,,referral,
7aaf81cc,CUST-03190,visualizer_use,2024-01-29,Original Ceramic - Sage,referral,
bd6c3538,CUST-03190,sample_request,2024-01-29,Thin Brick - Weathered White,referral,
49cfc422,CUST-03190,sample_request,2024-02-13,Glass - Seaglass,referral,
ad5f48ac,CUST-03190,purchase,2024-02-15,Original Ceramic - Aegean,referral,1045.82
4499ab81,CUST-03191,site_visit,2025-01-07,,email_capture,
bd98502a,CUST-03191,sample_request,2025-01-22,Thin Brick - Weathered White,email_capture,
50db06b6,CUST-03191,sample_request,2025-02-17,Thin Brick - Terracotta,email_capture,
b9a11e1c,CUST-03191,project_upload,2025-02-24,,email_capture,
fdacf8f4,CUST-03191,purchase,2025-02-24,Thin Brick - Terracotta,email_capture,9315.36
261a44bc,CUST-03192,site_visit,2025-04-17,,direct,
f60aeca6,CUST-03192,sample_request,2025-04-21,Glass - Champagne,direct,
d0e93deb,CUST-03193,site_visit,2024-07-10,,trade_show,
f893d23f,CUST-03193,purchase,2024-08-06,Natural Press - Sable,trade_show,22661.91
fdf201d4,CUST-03194,site_visit,2025-02-21,,referral,
09ba2974,CUST-03194,purchase,2025-04-09,Original Ceramic - Sage,referral,9464.51
3e15305d,CUST-03195,site_visit,2025-02-16,,organic_search,
0833dc97,CUST-03196,site_visit,2024-02-25,,architect_referral,
f71c29fc,CUST-03197,site_visit,2024-07-07,,email_capture,
cb9cc295,CUST-03197,visualizer_use,2024-07-10,Original Ceramic - Aegean,email_capture,
505c8d41,CUST-03197,sample_request,2024-07-11,Original Ceramic - Clamshell,email_capture,
7104349d,CUST-03197,sample_request,2024-07-18,Thin Brick - Charcoal,email_capture,
7f2fc14a,CUST-03197,purchase,2024-08-27,Original Ceramic - Clamshell,email_capture,549.78
fddfb4d1,CUST-03197,repeat_purchase,2024-12-19,Glass - Champagne,email_capture,982.4
87fcff58,CUST-03198,site_visit,2024-05-25,,organic_search,
f38f1d1c,CUST-03199,site_visit,2025-03-29,,organic_search,
b8e13e14,CUST-03199,visualizer_use,2025-04-07,Thin Brick - Weathered White,organic_search,
d0be91f4,CUST-03199,sample_request,2025-04-08,Thin Brick - Charcoal,organic_search,
1777ae30,CUST-03200,site_visit,2024-11-26,,architect_referral,
5fde2273,CUST-03200,sample_request,2024-11-28,Original Ceramic - Sage,architect_referral,
4d341d75,CUST-03200,sample_request,2024-12-27,Natural Press - Fog,architect_referral,
4c41f298,CUST-03200,purchase,2025-01-07,Glass - Midnight,architect_referral,654.39
15851f1e,CUST-03200,repeat_purchase,2025-07-10,Original Ceramic - Aegean,architect_referral,620.17
